departamento_id,porcentaje_documentos,nivel_complejidad,demora_real_horas
2,0.7264148411571387,5,80.47849142859171
4,0.7655048918354912,4,49.362777023971134
0,0.44487493656800625,3,50.03694112654184
3,0.9360781853038821,5,67.35093373935295
4,0.978160488423564,5,48.90194457256141
1,0.8468687547905707,5,49.42237329893259
3,0.9928691609363343,1,30.45551552216103
0,0.4946082644511378,4,55.96573456451683
0,0.557575579962734,3,51.18602408224327
4,0.45822462638158046,5,74.81416953631367
0,0.4880096269704515,5,66.29772170258116
4,0.5237883182445996,2,39.855901817522174
1,0.8244581059901062,5,47.82856456831101
0,0.4832405188387781,5,65.50409429660101
2,0.8321898358619526,4,61.70401205648636
3,0.8020100004555732,2,44.355715031609364
1,0.7326619950878553,5,58.00473045758036
2,0.4997150488827166,5,95.3099986963752
3,0.8162475063454782,1,30.96206754022026
2,0.885021086346878,4,67.78301064596565
4,0.8729628173596939,5,56.46726551469147
1,0.549598549159857,4,54.68682219844673
2,0.8875303728916835,1,46.34852768857849
1,0.9941380194834649,2,21.635458808277182
4,0.9431545355644492,4,40.96510149152296
3,0.9766866725252789,2,37.49798214012705
1,0.775560072641361,5,57.981542595941065
2,0.8492135135383088,4,73.5061782943387
1,0.7916530455274005,1,24.357036049356687
4,0.7832203363383945,5,55.2429412709767
3,0.5804893488602383,4,61.88213321234304
3,0.7990809280347004,1,36.58543308083946
3,0.6297051232642605,5,80.12691643664546
2,0.7482615069523288,2,56.0619845422837
0,0.7880548497732953,3,39.249691820862346
2,0.4313432617590964,1,69.43808789139018
1,0.8940671366771513,2,27.504148234314247
4,0.8055916019903253,1,15.825296826574753
0,0.9178054285914701,2,25.060489470298634
3,0.5049163818181971,3,66.84794524493779
3,0.5421591508459414,5,87.1569631059019
2,0.8988020402302572,3,57.509785385406836
2,0.6580676920720949,2,76.6569466590766
1,0.5062093654936451,4,62.578675677930505
4,0.5939702269108483,4,57.81981738509173
3,0.6466935535655441,2,55.24616849714676
3,0.9080278503892543,4,56.85023983415732
4,0.9395896838531248,5,50.87749000371216
2,0.5856075721614279,3,68.22149196456165
4,0.7524559953574592,1,24.871406448409605
2,0.6328859125748613,4,78.72514197181602
0,0.4317945104360947,4,63.29399644919088
4,0.5391889699668018,2,40.26092340261709
0,0.7878100855876903,5,55.27341309224033
4,0.536961162670378,3,42.27088582952779
1,0.6743841410095642,1,19.099163284476276
0,0.6633910623399047,1,23.951647761850467
4,0.7323802980011684,3,41.37798027891803
0,0.4686296398369638,4,69.19667029742158
2,0.5044831258506711,2,70.94872307130422
0,0.6397640044956081,3,45.6909851285872
0,0.7900485269744196,3,33.90155652901804
3,0.419177121781244,4,80.07507211142682
1,0.9247616212732263,4,39.785926697587094
4,0.535640960599507,3,43.530222920233186
3,0.704590677509143,1,42.27393786199844
4,0.46062779733654097,2,44.54503923657921
0,0.7068820606716901,1,25.786715752309853
4,0.9791604619031464,5,50.30952463385316
4,0.493663531508582,2,48.92772044266367
1,0.9645884880177967,4,40.08780244055726
1,0.5358675274483123,5,70.60859141807627
3,0.4173249006320224,5,91.61405029024165
3,0.5805397921566628,5,79.04294261588164
4,0.765432212010991,5,63.84955819835382
4,0.9665522917465771,2,19.37933076831427
2,0.9755374323842271,4,59.21943953635696
1,0.7301689616683817,1,24.54774166949603
3,0.5346869860417605,3,60.829572339224775
3,0.7491810633559244,3,55.79484827181167
4,0.42109644061541096,2,47.10918287040964
4,0.513097496325528,2,42.51740850116386
3,0.7658909312183702,1,43.6282381938569
1,0.6782427240335267,4,50.73773700199547
3,0.9023334679156954,1,29.55175682323559
0,0.9970646610659648,1,9.978207505714206
1,0.5850133513922187,3,49.595619578869915
3,0.4587210093409415,2,60.950082144085755
1,0.8110381416104468,1,26.3294110638705
2,0.6403477248053747,3,70.78827434798593
2,0.6511483819436239,5,90.13388994324117
3,0.4971615718870776,4,74.19346801863405
2,0.9429756484146784,2,46.3072496046294
4,0.9367966629228286,1,15.038136398077217
1,0.5771105214535511,4,59.85987857011751
2,0.41642415003922817,5,91.00098955491052
0,0.5975293429817151,2,34.47934114633689
0,0.5526301918481589,1,30.22415972992664
4,0.7556273296296816,2,30.590194605224532
3,0.8161132971343449,5,69.38862592884308
4,0.43574593284001073,3,55.61612961162309
0,0.937869259515157,4,44.05787460639742
1,0.5041553651596845,3,44.64639483454757
3,0.41946262650788724,1,59.22373741365163
0,0.5417392595432929,3,41.1453665244485
0,0.5048361596481227,3,53.673813734888334
1,0.7488870915194862,2,36.28861533595904
3,0.7462071256205542,1,40.591191646905386
4,0.8236184345889048,2,33.088442773572794
1,0.6535792018929342,2,32.930953014592994
3,0.47346369777407726,4,74.9758851271855
1,0.7145527095303722,2,35.09799199644815
2,0.6388938168911242,1,54.939490607925755
4,0.5862990251358463,3,44.50155258823958
3,0.7585575027635776,5,70.69052343022334
2,0.9261812760218312,4,58.49645580200091
0,0.6805719925658922,2,35.28095288800402
4,0.5785268245653824,2,41.15266703421655
0,0.979058333568907,4,42.21287071202574
2,0.5533228711365714,4,86.53898508388163
3,0.8171574056477711,2,42.72511164584908
0,0.7726494389434289,4,46.224287983789395
0,0.7687469222822827,1,24.119414817933436
1,0.4160306072799428,5,77.43727673643772
4,0.9540419954372716,2,24.886375835053155
4,0.6985487081487932,5,57.56808209010147
3,0.8048086151551013,1,43.00290617170331
4,0.7564414934156298,2,41.119423403157185
1,0.7971369516963984,5,58.12929603249822
1,0.840375723373292,2,21.25252240863472
3,0.4482731364009983,4,72.48161535685523
4,0.8962203127752997,5,55.11941453103154
2,0.8986713784395626,4,67.45957353000834
3,0.8151662793305443,3,50.975011666176485
2,0.8914510963569889,3,59.923883244116894
0,0.5024449379455757,1,28.749931814913722
2,0.4798755514423976,4,81.66044421933273
0,0.6113303960743222,1,32.443623918425295
3,0.49690220082101805,3,67.89834131279666
0,0.6085692935733146,2,42.43321073287494
0,0.9451184807475709,1,14.284870454071157
4,0.7824806787530746,5,48.880920485848684
3,0.7875355691702881,4,59.288524159549084
4,0.4887472111187178,1,34.23620880983892
1,0.42493639521691456,2,43.466088477505195
4,0.9999324369510937,4,40.553493355708035
4,0.6171114133273822,1,36.19408536167727
2,0.6244351457035404,1,52.89071405254458
2,0.5500331756154673,4,74.03643163564104
0,0.7257734616393114,4,53.29181035453547
0,0.5509491757015386,3,49.38430055479906
3,0.7697164437722838,2,52.36907222514067
3,0.6151825413058182,3,69.25864356904445
1,0.9425364611630455,5,48.6356005560165
0,0.5920701202482713,2,43.08144136062502
3,0.80011330600504,5,73.9962744117934
2,0.9178463273664397,2,47.944956488675444
4,0.430064359581443,2,55.26142298717318
3,0.6740764238040673,3,60.248800366444804
3,0.7416063918486948,4,66.36506082902142
0,0.8110314523506901,2,27.69779187960804
3,0.7730250546651699,3,61.236422189473956
0,0.9490203819789417,1,14.982191284776729
0,0.613174384252286,5,62.157049522105666
3,0.42040514298169,3,72.25734981162381
2,0.5893279336619167,3,75.84960420181307
3,0.4575730490443089,1,63.25629488132054
0,0.4307832301523545,5,69.23900085875785
3,0.8590530700288673,5,64.42655706682906
1,0.6957797274345492,5,65.21284561515361
4,0.7419932863218353,5,58.76228116144247
0,0.591249826930941,1,37.553006879168834
1,0.8214923818046318,4,42.1025890266458
1,0.5576184184487666,3,55.41757749715314
4,0.6938749652689966,1,21.121576499248043
0,0.6047603687935403,5,61.7151733919391
4,0.9387989544500809,5,52.5775703541852
2,0.6117760519397539,2,63.04163041364079
2,0.837641421337566,3,63.47301429960565
0,0.40698343460031894,5,72.44118771958324
4,0.5915194764095142,2,39.919470477357024
2,0.8354630150958455,2,56.57574534529002
0,0.9444154359830781,3,40.714040662776505
4,0.5838360553974478,1,41.43210131781742
0,0.6247378177083929,5,55.64311014252984
2,0.5764105403737525,4,77.8748676424875
1,0.6313775349406489,2,38.332931953995356
1,0.8447649874703059,1,17.970221355041158
2,0.9326431158604498,5,74.21779482237581
4,0.9290577779350919,5,46.78969900297442
0,0.7615505526726656,2,32.19426400760637
3,0.9856711370677508,2,39.75444448304762
1,0.4384475386277741,1,32.99484268081836
1,0.7760477419658958,2,36.557093566375926
4,0.48680868354622675,2,39.6861224158485
3,0.5523608090660362,3,62.659519700974855
0,0.614056992190056,2,40.67669932255565
1,0.5273838781660016,1,35.82795582763839
4,0.44484610677378655,1,31.50600266502993
1,0.4045650151255782,3,55.988695527283475
0,0.8680667200699209,3,42.17139763554363
2,0.8653667713943823,5,70.68542586668843
2,0.7247220740407075,2,65.22924421006627
3,0.951358534033553,3,49.819713578820455
2,0.5667066498416444,2,65.48953204800254
1,0.4876324845979163,2,43.62103244598685
4,0.921218440942757,4,37.13606557731077
3,0.7419513094287402,1,40.66407342408196
0,0.6251529230069341,5,61.121958105272086
1,0.6909686947235022,2,40.09353685481027
2,0.6066440109728213,1,52.4620793367285
2,0.835192840175707,3,60.36655876431768
0,0.8788117921421973,3,28.731570854718584
3,0.5816296864277841,4,75.0823111977474
2,0.6788826471882714,1,43.54063858332532
0,0.5461999620282753,3,50.67931933631786
2,0.5224272026292867,5,89.25002163170383
0,0.9377318180891409,5,50.89619343371422
2,0.7924538031991386,4,67.12196682446438
1,0.9753833779050178,2,22.583653796530136
1,0.5409767597584249,3,50.78187943197176
3,0.44870982485072297,4,77.53673065147329
2,0.595429186076565,5,87.59371772352779
2,0.5544586229111688,1,60.18984406276893
1,0.9582313901577496,3,36.57762650565916
2,0.9387865327348577,3,60.31113098410948
2,0.531140849320477,1,59.481497072150255
2,0.7946583921527337,1,49.0113683578809
2,0.7670495844019749,5,82.84971677263015
1,0.4046825012938986,2,46.40214393297074
4,0.9950438184779151,1,15.38825992987301
0,0.7690103523090364,3,45.58389689699523
3,0.7838669538423597,5,68.80641287791083
4,0.41563265098799274,3,53.302494563104474
0,0.5017180591418658,4,62.908495438263486
1,0.9952337059134897,5,43.91215476679277
0,0.6193609378351128,4,54.98817085772557
1,0.7193135961141663,1,27.855525722952017
0,0.5618406078984528,5,68.52217405925907
1,0.7823301600960755,2,41.379975820611605
0,0.7159302306000631,3,44.41257044585858
2,0.8856995292544422,3,60.93673939964408
4,0.7186639972546702,5,54.5254541397279
4,0.7653251751553216,3,39.716076321433235
2,0.5886692324103737,3,72.88357328759248
2,0.5092173229293215,2,59.67457065249437
2,0.5179200001272657,3,72.40513584798971
1,0.801896212491426,1,24.3130817980014
1,0.7807571583434798,4,51.97387809704844
3,0.6834521912244638,2,50.19655339458311
1,0.5882687731885324,4,53.33735249281342
1,0.43269876834981286,3,61.69580981787141
2,0.7343819662746216,2,63.79070416073212
3,0.9918839235544907,2,48.938988597514545
4,0.5734473773602877,4,53.02465040560897
2,0.8963240749167342,1,38.473263737777415
0,0.5229708783604814,4,59.9858404521246
0,0.9418445784893753,5,45.40709999876272
4,0.8583844544982464,3,32.73464643793518
3,0.8701900723466794,2,42.350814169988986
1,0.5642330729440941,2,42.79219185416535
4,0.520387681296747,5,59.23414187053157
0,0.9142942426375298,1,19.90756248183324
2,0.5951684888260654,3,75.64983117516006
0,0.8882887631466888,2,26.853590157762994
1,0.7466740772669407,3,37.65983932056139
4,0.4475378836410619,3,57.946208703265214
2,0.6823035466533959,3,68.96693108893302
2,0.6116020297284932,1,57.082877597244966
4,0.8504086473849134,1,20.167830671881795
3,0.7961048637584873,1,41.478847273627544
3,0.7861125779802947,1,38.506581329645954
2,0.8512935422168427,4,69.71919041567284
3,0.8392800877670578,5,71.93352703573508
3,0.5757669970378685,2,62.8532710290667
4,0.7472894412614541,1,30.47066051225635
4,0.9902356659174739,1,14.155509078942668
4,0.606836721581946,3,49.04365347020124
2,0.9473118766949038,4,68.8272548691223
4,0.4995519265317514,2,40.15876254954819
1,0.4803836441114387,5,65.01239622770238
0,0.7150766025929545,3,43.506094179423044
4,0.531445237478395,3,54.73414891331362
0,0.9805305281860508,4,37.02174949399314
3,0.5871356536329942,2,59.248457716218844
2,0.4145987997248527,4,87.98765791682551
2,0.8343351085397304,1,46.59771184465657
3,0.791203274395482,4,58.64774087428827
2,0.6429642752259532,1,51.39431739814615
2,0.6953353724214142,5,88.87696100853422
3,0.5349729327656055,3,59.70923742497315
4,0.8733532841516533,1,19.00901854725889
2,0.6810939987152664,3,71.85065914896383
0,0.9674378922895049,4,37.974251130030524
4,0.7937314288527471,5,56.18061492576764
0,0.46965849461430803,5,65.35995004189566
2,0.43978624205208694,4,85.39656244348365
0,0.9960433834401217,1,5.425584248447788
2,0.8395328411776688,5,76.54478433688627
0,0.5823848281916458,4,47.73232968801581
0,0.639580593681547,2,34.63482837751769
2,0.8148546667966732,4,70.04594708546664
0,0.4846244076959053,2,45.48973015173724
1,0.7043662965197139,3,41.32724747424115
3,0.9125917198209261,2,44.22379646802031
1,0.8354293000538726,1,19.1505319656095
4,0.9003931303130086,3,33.35403201816075
0,0.5990490689547825,1,36.099090556574154
0,0.9030984016310118,3,30.895023671262365
3,0.46760124677525217,2,59.0203166933664
2,0.5233017277021841,3,79.2823452049888
0,0.8134008229570394,1,23.639074720630358
0,0.7636356599143175,5,54.64612248776898
2,0.7335590321453184,1,52.54937102270808
4,0.4600602859772748,4,62.33185705149369
0,0.9979744847876187,2,23.55839722928936
1,0.6650407679383603,1,26.02056716116105
0,0.6201235275797659,2,35.40396997511358
1,0.6855341886963235,3,55.39029318887834
1,0.7305132184958534,1,29.601445952260633
1,0.9470381046821955,1,20.973946536862904
1,0.5471574170944425,5,66.77975639771964
2,0.48368507994288007,1,54.808373737207596
4,0.7916360987203629,2,27.623727746400053
4,0.6276398389481241,3,53.634880392132104
3,0.49332511485340474,5,85.2808737269184
2,0.9026024853915124,2,50.40830014300751
2,0.5929683314698846,1,61.52032072162315
4,0.4817032924585777,3,55.03473525174918
4,0.890261862897179,1,17.995593039549863
3,0.5394322051641929,2,64.14124985685048
0,0.5670030302458049,2,45.03109448326319
4,0.9704173785836069,4,40.88046439249604
4,0.8225813625107773,1,25.0441518733512
1,0.7989071717559986,2,33.14912918992927
0,0.7201783255760812,1,23.320758146171105
2,0.948322304849878,5,75.47298457806185
4,0.8374491074107483,5,58.82911301984808
1,0.41976860221072365,5,73.60868131971574
4,0.8115391280372404,4,44.55876300899413
0,0.678286300508143,4,55.77540658613411
1,0.8294401544593908,4,46.36441487515211
2,0.9678784572243446,1,41.132819157700865
0,0.6398158627518764,4,58.175493235863705
2,0.8214262147135059,3,60.74975189027936
4,0.44157734460401016,2,48.95555793591123
3,0.5429539257484021,3,68.20389870245161
4,0.4189608145867013,4,68.00007478884847
2,0.8393550659125506,1,45.20197680517633
4,0.918445852899548,2,23.321902619494338
0,0.41424764868090275,5,64.51516818703516
3,0.6514622718928393,4,69.90659998628493
1,0.9506492637412701,1,18.60432342389519
4,0.43841728475775366,1,44.253132972000245
1,0.4890864604846815,1,30.93603036780228
4,0.9413499804237813,3,26.79520688623906
2,0.8431386097869489,5,78.82252311519966
1,0.6948891764209586,3,39.58793719092999
0,0.49618367896046295,2,37.3706597268075
0,0.5682018134837604,2,44.285877716945514
1,0.4770986719383631,5,69.88445583748951
4,0.7623661158808529,5,58.48516226298874
0,0.6025523461904394,1,32.93217540549921
1,0.6767192034893779,4,56.44415399937621
4,0.617080730275781,5,67.4873043529625
1,0.7016899662149996,3,47.55867163404806
4,0.41965103565288364,1,43.90877984688443
3,0.8152924223633092,4,58.254556985665495
4,0.7558717019600973,1,29.473997258778645
1,0.6734851623060638,3,48.89064169186929
1,0.6171704228672604,2,39.54229189228412
1,0.9460590433530155,2,21.825621306211637
4,0.5365290571363147,4,58.14049690240299
3,0.6558317548976289,4,63.85925661284203
2,0.4078304592833524,3,78.09745125669453
3,0.8221378728103468,1,41.1321154286792
3,0.5107745034395482,4,74.44348486134635
2,0.7055319523402996,3,65.41958139487619
4,0.6354608291416921,2,38.14600785750989
4,0.6066118535579279,2,46.99291790059537
2,0.7117035686022248,2,60.61030561107031
4,0.41014784926756315,2,49.815220559105505
1,0.9956530009004687,4,34.94971304014631
1,0.5404711562239237,4,53.87823787871344
3,0.7623232265649802,3,62.569069075064334
0,0.7565481700788732,1,30.638263876068475
2,0.9660844391256338,1,42.468455163515586
3,0.7722579197840039,5,80.79629986992211
3,0.8171427536644849,5,69.29919507154685
4,0.5839128314996043,4,53.16864026994732
1,0.9613481485392331,4,43.49419070609765
2,0.9548826037951456,2,48.30008798836687
4,0.6716201909040573,5,65.10248414080206
4,0.5333765794813019,5,62.63788494779175
2,0.6931923421762923,3,71.01896241419485
3,0.9522123316911785,3,46.90030305029406
2,0.7961131777966562,5,74.42391547271824
4,0.6176003738471799,5,58.82414054170975
2,0.4954753011671848,3,76.07909984006142
1,0.8883891699231654,3,37.56653252849309
3,0.5181830685645475,2,49.185046750546505
4,0.707095888796317,1,25.765981896561634
2,0.42551845069397,1,62.53714901604254
0,0.8459825396064193,3,33.87808551223358
3,0.8544471380457779,4,61.883085290747424
3,0.7500660178575091,4,67.14282212486022
4,0.948698283388252,2,22.316496598463353
2,0.9259514957210763,1,42.589774038820096
2,0.44265825689554683,2,63.79651970004986
1,0.9165421028535656,1,13.833165453008853
4,0.6995720045729251,4,55.016883084376595
0,0.5004340129622588,2,47.63954573327766
2,0.5595816432708454,1,56.20100660336809
2,0.4649128885406322,2,75.37871488626828
2,0.9154437028360088,5,72.14266151987898
2,0.4985943539708222,3,72.22384577336558
4,0.5440125306285877,2,47.735091458794756
2,0.954592103580593,1,43.754158743965206
0,0.8877443091313177,2,31.552233934009188
1,0.9832471404294515,1,17.365897013624565
4,0.4598418206923597,1,31.148270180081674
2,0.48972380744378746,1,63.96894060569167
3,0.4057259405167841,4,86.39291554069517
2,0.5693461268909479,3,70.82507032489673
4,0.9128409135550327,2,19.49278943352625
2,0.5833753592142195,2,64.5205098463895
4,0.5184571229327588,3,52.77152791471549
3,0.9908608206564796,2,39.23894247871978
4,0.7085882170715729,1,28.21645734540613
2,0.5955004297351043,5,95.40838682044347
2,0.8668494614605721,2,43.25634369747043
1,0.450447541788068,3,57.45619390531978
3,0.5079711081299636,4,73.86426088894135
1,0.916962270693859,5,43.37259148074914
3,0.5850242587290724,3,68.62594208923583
0,0.7346764172016604,2,32.83713650300614
2,0.9074640726203796,5,66.76023744336736
1,0.607422477097094,3,55.48898944609756
2,0.7175327132471716,1,47.260588280801045
4,0.6738774379729469,3,39.87741150196991
1,0.9104527060631232,4,43.21919618297277
3,0.9075934047915166,1,26.205093073077958
1,0.8096641239774605,2,35.674859951012934
0,0.5553366272801104,3,52.78137563964538
1,0.6445312848901923,4,54.83613568131452
4,0.9164282879147007,4,42.19217711906908
4,0.8266642297151588,5,48.89811294825418
1,0.8363005576739924,1,26.11231218646145
3,0.6620639782603097,2,54.21640258393076
1,0.6991483161323846,1,27.093564555339917
3,0.9504554580110082,4,52.2672278711708
4,0.670316462344388,2,34.99576179886323
0,0.8065349032929952,4,36.36333693662736
0,0.8861276728456691,2,31.18902085354859
0,0.4613725102579729,2,46.947306409662296
3,0.8478007614458358,2,46.63197438828617
4,0.7223782001214829,4,49.46657785477209
2,0.6886924213014634,2,55.62096265917397
4,0.6449716155927723,5,56.02595113525964
2,0.5639549922155978,4,78.33466141373738
3,0.5997050793999038,2,56.78268307338916
3,0.6258884978629238,4,70.26128753757989
3,0.4053231631731521,1,55.14591611297602
1,0.8310597662569965,3,35.01980807641586
0,0.68286126205514,1,30.889593714082903
2,0.9384208337165991,5,78.8034115527785
4,0.5324524131021222,5,70.47608280464058
3,0.6134334503556528,4,72.41515311651965
1,0.6677920641097426,1,31.822922230226247
0,0.5952586678385683,5,69.59130833651189
0,0.7585493695737029,1,23.043371545697696
3,0.8350267812658134,5,73.72173841074876
0,0.8188353766952015,5,53.853001480399286
0,0.906263240440589,5,46.0258527655982
3,0.7456659769235174,3,66.18845984185201
4,0.9718396066646937,5,41.34400149157439
1,0.7125446874541597,1,22.48277446674723
1,0.6762541947983404,2,36.6547127586266
0,0.49574444497283787,2,41.08691970444401
1,0.7447807881989273,2,35.98564585698541
4,0.46886936124733714,5,71.67852524971178
3,0.6604085249698188,4,67.72728689801032
2,0.40611042621689875,4,89.48589804548196
4,0.532013766484898,4,57.645523260053714
1,0.9266791164643079,1,10.650645042526392
1,0.5110963952027839,4,63.09891624582613
1,0.6358408133366346,3,44.89811713590081
2,0.9187146280429673,2,52.23747143258474
2,0.5813092260806244,2,68.00688736204603
3,0.9116343153970603,4,53.10108173039704
4,0.8705917524192013,4,38.90286948744315
3,0.549678099440501,4,76.15724965591795
4,0.7349351603581697,2,37.763436677319376
1,0.43936725005081045,4,68.44962122652484
1,0.7067355543479245,3,45.81342804858386
2,0.5007905988215273,1,67.99596834623588
0,0.8516415662208743,4,44.523626227174795
0,0.551302528145218,1,31.014422992292086
2,0.673045281588146,2,66.83730131922188
1,0.7264940725705195,4,46.485341522579404
1,0.9423284735971766,1,12.121820327434204
3,0.8805524089215051,3,55.35711150458341
3,0.6491842269126564,2,56.62128274819384
3,0.4078434080975196,4,83.48503516781228
4,0.4143672295685426,3,49.78328534564756
2,0.7811860913642048,3,62.179510461861994
4,0.9392381158322703,2,23.0472641821786
4,0.8735161961215383,3,32.99460687429232
1,0.8828049381606429,1,22.53734622761116
4,0.7240972043363139,2,37.95062800377458
2,0.46962324884749224,5,95.30162055427442
2,0.9555481956041331,4,62.75685751304392
0,0.8705785538394168,5,49.0100334061794
3,0.8566171903877664,3,45.420586111166266
4,0.5666820452597401,5,69.4655780914577
0,0.8942544425776555,2,31.88308492469387
2,0.7715786076423135,3,59.21740662286443
2,0.7238949637128308,4,82.18715650343029
0,0.49591257103037917,4,56.792939623217144
1,0.4390746045866439,2,45.546193358628514
2,0.972294797913035,4,64.84679624703895
0,0.5675280790697359,3,48.390270427975615
4,0.5926037387929388,4,58.16623922666956
3,0.9306704473504932,2,44.49133011675862
1,0.664635389994375,1,34.1915723203346
2,0.5870134036731313,1,60.66596752311456
4,0.8762945125057271,4,43.5288400165143
4,0.6129395562657253,3,46.70533659763733
2,0.847063465206007,1,44.83045464602878
4,0.5605791525002561,2,42.567097450678666
2,0.8715085246291424,3,67.32274613857992
2,0.8390055069529972,3,57.43798733017098
4,0.4694596210900416,1,38.15157539381819
1,0.7855651686745715,1,24.311500319801986
0,0.824375645377946,5,49.29372645928298
4,0.6484286173153266,5,64.54914811415426
1,0.5190681418838103,4,57.2320285866094
0,0.9210845384376755,2,25.43597905330043
0,0.864397351379517,1,20.329380004237965
4,0.6948144523548891,5,61.6811688405159
0,0.8738343953419383,4,41.45487159506854
3,0.7219015906847934,1,39.89041771686974
4,0.47351349550801064,2,42.0834300628459
2,0.8396676216295911,5,75.38336481991772
1,0.7913964664234971,1,26.669580466130135
2,0.5333139106077339,3,76.18219302684672
0,0.9074088576743481,5,57.23297488026448
1,0.7757332980105542,1,23.558370700475272
1,0.9591948375323842,1,14.252599123911521
1,0.5771006055038878,2,41.698983703637225
2,0.9512313394860764,2,54.13177101760843
2,0.5145727288446463,1,59.16657844087075
1,0.8351977899770986,1,23.000485245672845
4,0.9402148883234572,2,23.088510206564877
4,0.6020738030052745,3,50.5664000449913
3,0.7088646889246287,1,38.33539215815334
3,0.6122947047118236,5,75.82811441238918
4,0.47690318626550154,3,59.21003072711491
1,0.5834045542778332,2,36.94592030250155
4,0.5555991090575587,5,69.57151312928713
4,0.7492340782049081,3,33.676756747465724
3,0.4746333520601172,4,81.18716277749276
0,0.9219482730865398,3,39.57322143818439
0,0.9040510339466029,2,22.763218297503954
2,0.9779106580343301,5,71.25336163227229
0,0.6371560243036329,4,53.90715229944238
3,0.9445711485859593,5,66.43690660191648
2,0.8418529604290339,5,80.25186522639274
3,0.6338382645328431,4,73.50450716266184
3,0.8167915918625437,5,78.719981864879
3,0.9327765337684621,3,50.87474824624232
1,0.7547365412096884,3,45.153341617973304
1,0.7457022359051777,4,49.471006722500555
1,0.8829091930477533,2,20.393814954640956
0,0.5658465320368451,2,37.05993194249946
3,0.8720834400473564,2,41.786716510050546
2,0.8077488120178509,3,64.68604021959075
2,0.7258647982381204,2,57.200172964995424
0,0.8285965212644055,1,20.73718851693857
2,0.6196549413571355,3,67.40767937397229
2,0.6768891334640956,5,88.00608952268631
0,0.9242467204215503,1,19.826501722632155
0,0.8372800361257214,1,19.32441086006692
0,0.8372078383644059,2,28.391622773951752
0,0.8767096449267451,2,29.900993448662604
4,0.6800266975001028,5,63.45030698022144
2,0.7847489614196175,4,64.2450486346111
2,0.4435508896996053,2,71.19736894100085
1,0.8987190948707096,2,27.796624252251494
3,0.8862849263839347,4,55.87477852643214
2,0.47970355804299925,5,94.59347375885785
3,0.4211838120289653,1,56.099923984707864
1,0.5009403602179081,3,41.317302486746264
3,0.875342479571103,5,68.00952832180771
0,0.8816392894873519,2,34.02394990657859
0,0.9822040427217533,5,38.403726677517085
2,0.7556905182278173,4,72.14806966849628
3,0.8535267313677904,1,33.23452322138497
2,0.7892218028641985,3,58.393057588208855
0,0.463293113981476,1,41.73600257624092
4,0.6737127333489479,1,29.487075279937926
4,0.49176557991070635,3,46.174357856231865
2,0.6368450592003536,2,61.04254594294514
3,0.9481615687389456,5,56.69153259280956
4,0.5686238248870795,3,49.75305359285954
0,0.9419009519721183,4,36.4173909818156
3,0.5347640430616751,3,67.9419221931099
0,0.8621349342323353,5,53.962543527405344
1,0.7874737212477625,5,55.07523315205151
0,0.579365496635909,1,31.69427606235052
3,0.5856468389243064,5,80.70830721661714
0,0.866968787751702,3,21.118483286254715
2,0.62269324344356,1,51.9697437124886
4,0.6390466832319198,2,41.09695699971552
0,0.6299528429244597,2,36.81849444001134
2,0.4127128201091326,1,60.18434926564975
1,0.49931590502650236,5,67.45321374506312
3,0.7722449874540744,1,34.37171152133502
1,0.9100811144720801,3,26.005966115976012
4,0.553973068036955,1,26.617534323169686
0,0.7628041044859158,3,42.46381721587899
3,0.4667523498126003,4,74.84053471386419
1,0.6880697971405996,2,32.07480995202655
4,0.5912482695838801,1,31.583056183085024
4,0.5512538648439114,1,29.72327153128843
3,0.7250598896230898,5,78.15824736201712
3,0.4092871427598479,5,87.8697152751165
1,0.47698758540063646,5,73.82598485599317
1,0.5876862399976307,1,32.01854653262145
3,0.5219964003632812,4,79.93911924379296
2,0.4053851708512795,3,83.067097886479
3,0.805053756300866,4,69.99407471265086
4,0.8226867801702479,2,22.751229237702415
3,0.9740980640778422,5,61.80274181561149
2,0.571802928396814,5,93.06727114230912
2,0.627137161197541,1,52.37231376905567
4,0.7236544506378539,5,55.48941792036679
4,0.5894907760276464,3,45.87706826530048
0,0.5450339581941683,5,66.21561555407432
0,0.917198046724975,2,18.966862460656767
2,0.9529532924697012,4,70.94499815795626
0,0.7052933338991516,3,40.941569308625176
3,0.5706767921353207,4,70.20527530193559
1,0.6288141966634937,3,42.4075172678558
3,0.9454525736566382,2,33.59497977353299
0,0.7355790516473821,5,53.3064496125607
2,0.4922621744403937,3,81.1879710395364
0,0.564762290279743,1,38.81752218411624
1,0.8706427795578471,5,49.96969881216012
2,0.9149230862040146,3,59.49494180607323
0,0.8007784717079958,3,37.09449476752775
4,0.43965498070791864,4,60.699060794432704
3,0.41218869145014836,1,59.81573298644747
2,0.6456904376167516,2,65.39467460689437
2,0.5026783752657975,1,63.43916064486249
1,0.7398183136866388,3,46.06146571756243
3,0.5179049352700591,3,70.95741502271719
2,0.9409554355652205,1,35.869982308889945
1,0.753719807849016,5,57.12174272514809
0,0.8169050448092141,1,20.095559723785374
4,0.578847494151703,2,41.11245597262553
1,0.5608677251326168,4,56.42193904812152
1,0.5911169251485607,1,34.04080268368274
0,0.7734909802156622,5,52.296133429203756
0,0.4633938089144819,1,40.2912852823396
4,0.6730567315335219,5,63.64992802611359
3,0.7768787174740457,2,42.12518796342646
1,0.7854413841813463,1,24.601453531607
2,0.6095683918391654,1,58.99109924797187
0,0.7845731614768678,2,29.225235035337757
1,0.6886528539915915,4,53.12860381676185
2,0.632359408815735,4,79.40002799734374
1,0.6126555004627352,2,32.87728627007974
0,0.820925239206131,1,17.716897653143185
4,0.9413833825419258,5,52.607034148845216
0,0.4084673183966662,5,76.60380041972546
3,0.9609555069372576,5,62.91203263102815
4,0.880176178545363,4,50.553307829152686
4,0.7411062188099168,5,55.25223390343111
3,0.6255270460207224,3,62.60540366980003
0,0.7783799215629733,5,50.39797476774488
1,0.6188897171764135,2,36.54147257629211
1,0.8750924424156155,1,19.285528503583627
3,0.5521286352246526,5,80.52703341559143
2,0.41414096224402425,1,66.36094133943622
2,0.6720539658261737,1,52.43064632178318
0,0.45952219118400656,4,69.19611337014217
3,0.5260976751869033,4,86.39548711544253
0,0.9696697297758728,3,38.81062378244552
2,0.4789251577143836,5,91.30853362259874
0,0.8697829796132239,4,46.6249022974234
1,0.5844701339556237,2,33.49243026466878
0,0.9250596768717708,5,50.48826616640256
2,0.6406634774526212,4,72.20596851023406
4,0.7110042006950608,4,46.780809996520205
1,0.4515833667363758,1,38.86225311249791
1,0.8538932148463592,4,45.21038132738925
0,0.7504695615185131,5,56.191789777041635
4,0.9075040274694832,4,50.714587053589725
0,0.857403183186923,3,33.383396683282164
1,0.8534854778355259,5,46.39838883963721
2,0.4897593808467379,2,64.99264934221102
2,0.9450187711030222,5,73.52937495691454
0,0.8801769850179855,3,39.157447765094346
1,0.634694230844336,4,55.38641582296093
4,0.8600245376178423,2,32.249686218235475
4,0.8155643399987165,5,55.96520433561943
2,0.4069154197902873,1,61.34783299757996
1,0.9301876832556565,2,25.859669041433417
2,0.6787661234773539,2,58.79312875304494
0,0.9722132854894772,1,19.79420191850177
4,0.6489190759470673,3,43.370032565757995
4,0.5914458641859168,3,47.859299350041006
0,0.5889031738606207,2,47.7685697153894
3,0.9026897114060134,2,38.48424693284797
2,0.4136531525708863,4,93.29103651191063
1,0.5968921191366698,5,63.040047784869536
1,0.8982893531524563,3,35.157817817830775
1,0.6140909726458775,5,63.843516085285174
1,0.5997761137888049,2,45.19714507541517
4,0.7545105199380318,4,45.61014006176676
1,0.6741407595171796,2,36.61556745344318
2,0.5063105130146084,2,67.6787586198407
0,0.7783921262284872,2,34.76842718888969
2,0.552011581270558,3,69.5397251077509
2,0.6385011647242813,4,76.18222633090947
0,0.52560211353825,5,66.62661333694656
4,0.5114035520113523,1,34.95032968086229
0,0.6249214491246818,4,56.75814816975328
2,0.9527620784382218,2,50.28880458448456
1,0.9735856594918985,3,27.807365485896693
4,0.42700630046741944,2,44.000104021092255
2,0.5383631062368548,3,77.11082693544523
0,0.5135331236401743,1,36.25104456725156
4,0.7511618156996955,5,64.15447551483331
3,0.48249712886964957,1,56.294089293697446
4,0.9957165063887821,2,18.308896537832137
0,0.4742693376751599,1,44.78190201644817
1,0.42336437093051277,4,66.12163071237055
2,0.8068791351491083,5,74.04965513523608
3,0.6785248965727898,4,73.27902466065765
4,0.6164985250707385,5,74.11534416949083
1,0.7725936032564679,4,55.24446995684699
3,0.8028016555371136,4,59.43686490433931
4,0.5698260979556075,3,49.62724585921006
1,0.49941783448058347,5,76.01047567104298
3,0.9952088414905487,1,27.319051350571716
2,0.6907183864128503,1,48.34744582175652
1,0.5521612181642347,4,62.099369882821875
4,0.9862412427009766,1,10.536180745670825
3,0.6984717317473963,4,72.40333805088648
0,0.4869876055734181,3,50.01645683943175
2,0.610639078679729,3,71.41653480046625
0,0.9601516420872128,2,24.602280038679073
0,0.4190033207510475,1,39.3387825420528
1,0.7599534557694689,1,33.4517760588036
1,0.620445579184729,2,34.884374122676206
1,0.8741600419810442,2,29.734256385871657
3,0.8626836366175655,5,61.85718976814177
1,0.5145752165537568,3,41.603138955248966
0,0.6629048391661718,5,56.6794429104621
2,0.5186914086365726,5,95.64029864138534
2,0.5405045465121524,3,77.33679372436397
0,0.8872278828659546,2,30.540242511175627
0,0.8872922303506059,4,45.480123668404964
1,0.5194044793287262,5,67.13318874821957
3,0.797506933508094,2,43.98312104057951
4,0.6880437572146306,5,67.27760545584233
4,0.9532078592024508,3,37.88528494217267
3,0.46053159466460925,2,63.731051360925676
4,0.5905404858455097,1,34.967407903882986
2,0.7712693201489671,1,46.700900785606144
0,0.7209038912764572,5,59.76802017071802
3,0.9309109053658632,1,33.55309033507062
2,0.6971098598776868,3,67.44516098757691
0,0.9223387890698624,5,49.68514860729428
0,0.5793384263575576,3,46.790466015781256
0,0.6856171562713218,2,35.63069851119394
4,0.42027559458358626,4,66.16354450101105
1,0.7145824695637335,2,33.74989251673167
4,0.9886401791672241,5,44.12829729750454
4,0.9990423345589957,2,16.274205583679333
3,0.9955066988894371,4,53.58276977572595
3,0.6552748381455962,3,50.98637593709298
4,0.5295668328307562,4,65.29821507460926
3,0.8686006362806902,5,67.2226387471249
1,0.8458754444384096,1,15.195428305015735
2,0.7767766975726544,4,68.83390955790557
1,0.8993559049052535,4,46.0849573882752
4,0.9621348366211601,1,15.364323532550666
0,0.9913647194737969,2,23.770682449883523
4,0.5631795384287247,3,55.55235143127007
0,0.6023386426931961,5,64.22022292424475
2,0.4381427883467826,3,72.11128861414039
1,0.9926837117835948,4,31.663247684101115
0,0.6555337734769449,1,23.974019659265455
3,0.9354188263781548,1,30.423373658843936
1,0.7554493865200598,3,38.09686878598997
0,0.9304536585010076,2,26.41670848410608
3,0.5086758002802847,3,66.23096723467191
4,0.8950800773702949,5,51.60213775290295
0,0.46076614763839185,2,52.49027506789956
1,0.7798517871071812,2,31.580449807348707
1,0.5417075807600862,5,64.55736219881399
0,0.9072796227656508,5,53.73299724985479
1,0.9935503362289523,4,37.05261464395899
1,0.4062557820766265,4,67.8195037705493
1,0.6484066614635242,1,28.47607042013463
3,0.8436240023003754,5,69.89754112551401
0,0.5543682141062698,4,55.79126260264126
4,0.45792045083725524,4,60.89522796671021
1,0.6557239639017098,4,45.686171073033826
3,0.9143731788992223,2,36.91696099233832
3,0.7977460519573643,5,70.2642464699551
1,0.6184821703006553,2,43.447553837931885
1,0.9553899894619475,5,45.35959167135465
0,0.9233208509819231,4,43.74603499999767
4,0.4595866912507077,2,46.744332785039695
2,0.6188926439848319,5,84.18765296192484
3,0.62113696639331,3,61.169452281322144
2,0.575623706547667,3,75.18714014266381
4,0.9990937561161211,3,18.571386355728137
4,0.6413417876180074,1,30.145117540276765
2,0.670417856327362,1,49.287075463430526
3,0.6849399454417306,4,65.14543728877635
0,0.8177638723419591,2,30.27977324329369
2,0.5992837551040242,5,86.67990241909735
4,0.9615867104183782,5,38.417380483959256
2,0.5519844771864709,1,60.27792394208342
2,0.9649379005100736,4,65.64407676769595
3,0.6470387687144799,5,80.9099883162385
0,0.8931665043736021,1,18.717498951856165
0,0.610317274734652,4,57.09784685040982
2,0.9291123825948889,3,62.18592465620332
0,0.5273883175258584,1,30.09599491775021
0,0.7255194762196269,4,49.16220757786408
4,0.8872801662040347,3,34.53415543911547
4,0.4503290394963868,1,38.79834885467908
4,0.8349950039230192,4,45.96653990127661
0,0.5281172565741057,2,44.43640429869187
0,0.7749294356305155,5,57.01816306616707
1,0.7753044656523995,4,49.73730674574247
1,0.6053482592263787,4,60.90470477895745
3,0.5302587561525105,1,53.48329851141008
4,0.4667783035156368,1,39.93998829165703
0,0.9700821180246104,4,42.43962165455666
3,0.6543370596978797,5,81.1621196587757
1,0.6085290596543608,3,50.110732136785714
2,0.6570254026399867,2,63.1690307058645
3,0.8719570692449026,1,38.168809844858856
3,0.8177968852112207,4,60.22421435458585
1,0.6637592875838194,5,64.07103237691129
2,0.6594789445835054,5,84.89948597271318
4,0.6510265886581397,4,50.77500533103831
4,0.6071928995627599,4,57.66665779242619
1,0.9225997401047923,5,46.189442990150724
3,0.8405456586534357,4,68.19423919759566
0,0.6169266390971703,3,42.243990010907126
4,0.9671707089758006,1,11.150166578070923
2,0.5610371181889909,3,77.70669096561384
0,0.8022894236811513,5,46.69698511009995
0,0.7804298974368409,3,38.06793717899859
1,0.8902844397767066,4,43.303107472898866
2,0.520550527730464,2,58.345924883361604
4,0.8952913632711954,5,50.218199589645494
3,0.7735448325416913,4,56.502467450626774
2,0.9576433915339548,2,50.551561873440214
1,0.6369724031827323,1,40.905904717189024
4,0.6127779540345089,5,62.688052692000625
1,0.6077376606638965,5,59.381979085031986
1,0.43945677255073645,5,71.38704509495888
1,0.5920653657737662,5,67.23450712643452
4,0.609419567334532,4,53.332160387150516
1,0.8174637548032067,4,44.025594494208306
0,0.8314022948538778,5,54.789347242169335
3,0.7314158448716659,4,60.04197889276493
4,0.5903496532052374,4,55.52930256763661
1,0.7393744105712448,4,53.24280752138917
1,0.8969222594031093,2,27.6886632948846
3,0.4992400626569436,3,62.955803766198414
2,0.8235289983608995,5,77.99400838959642
4,0.8914842100005391,4,44.569950470053925
4,0.7721224208323894,4,46.1973315491072
3,0.5100163555209023,3,69.18241770406668
1,0.7872283174149656,3,39.74600780673482
1,0.6978248525558065,1,30.223400204005344
0,0.4368833596774886,2,42.76375933242418
0,0.7049737732536105,3,41.50385604626202
1,0.4452532201128312,2,50.31448908542148
0,0.6637565751808304,3,42.20143740977231
2,0.7848733426151215,2,52.05170178082173
1,0.6275216255970202,4,60.25863979971126
4,0.466445979233314,4,64.0958854403617
2,0.7665900944255806,3,61.05043427034844
2,0.562429948006709,4,78.66852924159743
3,0.6400943201283645,1,47.00319651002088
2,0.9019761072428716,1,47.654271374409525
2,0.5917643906961608,5,93.19595552950923
0,0.551236382670629,3,50.90308566211041
2,0.9836902241194045,1,42.46849514478509
3,0.5988582658064482,5,84.19315638755566
2,0.5685386624750856,4,82.22145981046773
3,0.45702730965873073,5,86.03636753969512
1,0.4010402766447896,4,59.66404419016138
4,0.9056294510687452,2,17.787359890415104
3,0.8267495036124981,3,51.6490998848855
4,0.4455269044237097,5,75.71540786353793
4,0.8145505363048169,4,55.81124813791897
2,0.9785477545026865,2,46.82710523510757
4,0.6189677126217543,2,32.98545333174798
3,0.8322717556018259,2,43.287222237535225
0,0.735260621661596,3,42.3254045036506
4,0.6492437620023607,4,51.72205910171294
4,0.47028368475713256,2,45.10850332763824
4,0.7899636915731605,1,22.31573274356447
3,0.7901639395840354,1,40.522076860121935
0,0.5336135509737774,4,63.5363310416308
4,0.9387306003756316,2,26.896413674824284
0,0.7437953242878326,2,32.49263806078622
2,0.5278055147219516,5,89.53406795697315
2,0.7515199258144709,1,45.37397954825926
4,0.5180913177549891,5,64.86798880634605
2,0.7623537723295133,5,86.23288499991324
4,0.9998515308652302,3,34.551672975668204
3,0.6552283468507847,5,76.40160588956353
3,0.9268924854116755,5,76.55265341928879
2,0.9019890893432077,3,60.67113731569034
2,0.7947711758003827,4,72.60741159367679
2,0.8729586451662126,1,46.624517792685204
2,0.768916752611559,2,63.26371904414976
4,0.40336954988076695,5,74.32158575467257
3,0.5532244466865265,1,49.24531314301328
1,0.6129444195551349,2,39.53800030477671
1,0.6493892573655693,1,25.756843188054905
3,0.5756539775639015,1,47.22190373956665
2,0.4805158631543889,1,63.34843942714923
2,0.7612591770799431,4,75.04284043002727
4,0.8937090602951712,4,44.441326428332125
4,0.41520187142734255,3,53.28608099966721
4,0.8136120443376094,2,29.908354352981824
1,0.6573414172169957,3,47.35915191913808
1,0.9503573850983451,2,28.063710437155876
4,0.507294501434593,3,49.05269326596158
4,0.7668394702506487,3,43.220805462516054
3,0.5059967805569137,4,73.37144840743674
1,0.4922397297542287,5,72.76276908369846
3,0.45220323815080776,4,81.73971941692928
1,0.713353059881467,4,49.33422660412149
3,0.629111484844182,5,77.27310032010524
0,0.4853736758225846,4,64.33790485439677
2,0.509872007636178,3,75.41297377623302
0,0.6400598131691665,3,44.39432782741731
4,0.7345541946142355,1,24.121598671802857
4,0.46026816967251866,4,63.359027839657635
0,0.6971114409742651,3,40.61639554502607
4,0.5906975177332556,5,59.61133706764765
4,0.7329209605777453,1,28.45734506314667
1,0.8447245796122053,5,50.57575030625547
0,0.52156662244878,2,40.56954478463278
0,0.5960638323388602,4,59.07312302142186
3,0.6885583661364849,2,56.36796639589102
4,0.936888000978983,5,46.10206594391129
3,0.7185289066986309,5,65.81443866437192
2,0.7770862650798891,3,64.70581874514262
1,0.46749460853458213,4,56.62767820114319
0,0.4936546247945257,2,44.240746829619155
1,0.4020453123729413,4,64.78689853222677
3,0.9621935925185052,3,48.323362793141136
2,0.5324142458879927,2,70.11126968899944
4,0.9581119485758773,1,13.026292261531859
2,0.8343825179157353,4,73.9174926343297
4,0.5526350589264973,4,56.140466954561816
3,0.48988303371328623,3,68.8881026984464
0,0.9019691122306419,4,42.372264082263676
4,0.8993131746012094,1,21.673127671180083
0,0.905890988686398,5,46.83431684819279
0,0.6913032743233614,5,52.68024080125202
2,0.9177474108706299,1,44.661311382640314
0,0.9085507781407108,4,37.33078343267024
3,0.5947015842019461,4,68.85063510238392
1,0.6247701322866975,5,67.13690454072723
4,0.7131807512045139,2,35.19778314053656
3,0.90110067449837,5,64.26841780433217
4,0.9352698945843043,5,47.67302147223743
2,0.8494749393320096,4,69.75565194702088
1,0.9279679142827246,3,31.6931219567854
0,0.7512612116229624,2,37.63499538112023
2,0.49871117752444394,5,92.83037567912491
0,0.5682019283293147,4,53.52767479894569
1,0.49317348219710333,4,60.87663413534152
2,0.6820257404137352,4,77.70955008142586
1,0.7178613705655702,3,52.15939319750638
4,0.7486506122879943,3,37.351387780722064
3,0.5405681826207042,5,80.06935457832621
0,0.7931652213430251,2,32.17277895545955
0,0.5320379830296339,2,37.95648147556093
1,0.5345529021517759,4,57.36176531055604
1,0.6749450454823727,2,39.333274040668854
1,0.5862948477932326,2,37.09316972896973
1,0.5364876498031691,3,48.66757969087834
2,0.8827595341932488,1,39.08287904926439
2,0.6728309226271489,2,66.91592148195012
4,0.6858126510334672,5,64.28591873537145
3,0.4320737993317061,5,91.64117608653277
3,0.8662548880198566,2,49.53746034353182
4,0.9997012306038201,3,30.32265551050516
0,0.8644997051350998,1,23.08285385855585
4,0.4095284764015322,5,77.98221414509456
0,0.9943907204685409,2,19.787534102826235
4,0.7058169903312383,2,33.065296140491235
1,0.6614340826253085,5,60.71009417256325
4,0.4467782510755542,2,47.86252919932966
0,0.4560631571207135,4,64.25468007792128
1,0.5229759305958114,2,40.43209186889276
1,0.5069863467185758,3,58.68954442598613
3,0.8205945443672666,2,55.72841718280057
3,0.6802359593177557,2,59.096731059530605
3,0.4984756502191839,2,53.068893233789154
2,0.7047488845764935,3,63.859955280439
2,0.5269129576950482,3,70.12541484254209
1,0.871947149123462,5,62.16336763264147
2,0.8175135421365406,2,56.10162353106491
1,0.9095183477742994,4,36.89685005553723
0,0.41553892332024084,5,73.37016783948091
0,0.5257749678011105,1,40.70683735568022
4,0.7547593666013432,2,32.714239729975915
4,0.8825396815137987,2,30.48861777160377
0,0.4151785339737756,2,51.05258754671785
0,0.4802201106962989,5,63.98739347380681
3,0.743420471976137,3,54.71592760960194
4,0.47663694820179925,2,45.547395974359645
3,0.417049433979521,5,85.55529914269671
0,0.5035962595482202,1,40.28447916604873
0,0.9130177264855133,3,30.641935569756786
1,0.6194926173278499,3,46.94103267544012
2,0.9735935386942677,3,48.28121829766511
0,0.4134595951938573,3,50.933495214012545
4,0.8062703792379229,5,50.847141278873494
0,0.8028923490778858,5,55.37155775377285
3,0.6758450626152492,4,73.68224586586513
4,0.6316699908250609,4,54.09509433483903
1,0.5146094054295459,4,59.03413341437234
2,0.9770675076720067,5,75.55469318104075
1,0.7739116020994137,4,46.93434559343248
0,0.5778195550793225,5,67.59996571371235
0,0.9715783573832238,1,10.504476187604702
3,0.8949453590676244,3,51.87235118451967
3,0.8725793589676719,3,48.01894539269852
3,0.4858662981745785,5,92.97712098655546
4,0.4207737036742649,4,60.30392184050401
4,0.5241310776481914,4,57.20460102041754
3,0.7167582826139209,4,60.12580970686853
4,0.873172854288042,1,21.833817607635364
1,0.8083770354638982,3,43.81160816394261
4,0.9810962953235438,5,48.166229166396626
2,0.620894068209792,4,75.9694849998171
0,0.8036016428188757,2,42.952700464816736
3,0.5657747765318377,5,79.31984070613233
2,0.4466964158525213,3,80.0389343460511
4,0.44291886509026945,3,59.40895287404018
4,0.5889953517263646,2,33.14642749439137
2,0.6206689070124574,1,54.49126386536439
1,0.8068747003737426,3,42.220547952316124
4,0.8543777173867502,1,16.350531222828
3,0.7730227604367699,1,41.338008338537854
1,0.5582004241021309,2,40.56176611142387
3,0.47885655316754505,2,63.21573422137094
0,0.8855735671359132,1,20.377821587652484
2,0.6146250833458864,4,75.17661124895052
2,0.822826889148353,2,57.64594307328475
1,0.8665293038770931,3,32.21921564675786
0,0.9334503966618215,1,16.210323397683787
0,0.9954866256847593,2,21.011309393735793
4,0.615482413770778,5,56.838820764541296
3,0.5188158329250109,1,58.08437772307105
0,0.7743429620873965,1,26.802075980737875
3,0.7564021579935376,4,55.45225894558225
4,0.6603444652882944,3,49.037079248237966
0,0.7634099646747783,3,38.18230022686781
3,0.7765282455562668,3,56.50380379326983
3,0.46007165706563186,3,70.07784956505908
0,0.9214066242280401,2,29.867103357327863
2,0.6074171738206336,1,50.98812258450413
1,0.8873843009741202,3,34.3574902218562
4,0.6054694325016123,4,55.97962516956385
4,0.5147646233136446,5,65.67741996426851
2,0.6358957616818919,1,60.522205202592154
3,0.6722111493046639,4,66.45400186861184
0,0.43992894312881026,2,44.97919188799247
4,0.4192608954094832,1,42.797999056005835
3,0.6827029654230004,1,44.9548013826238
3,0.4155999353590997,4,76.49972705951055
4,0.8089852632742509,2,22.351629165522883
2,0.9361247506039656,2,46.04854921793287
3,0.9574544567203312,2,43.00911847274199
3,0.540209733891419,2,53.648392981938315
4,0.7249779585940919,4,52.90308941847667
2,0.49444194788985607,5,86.11881174060944
1,0.536147770338232,3,48.55049081054319
3,0.9763522901663693,4,59.265448857349114
4,0.4375599555878281,3,57.5262584781799
1,0.8767404641683055,5,52.352718135359595
1,0.7760663032502767,5,55.435408568343746
3,0.7057355393720872,4,61.383268892715336
0,0.6977886702102705,3,40.250503651152364
2,0.5304835844783415,5,88.05831861805822
0,0.6741290228746268,3,48.03069892758747
3,0.739375812454676,3,56.56027006409398
0,0.6137914144199434,3,48.43793963732698
4,0.4213189464767975,3,56.05379556426608
0,0.9919897296070879,1,19.272290574149103
3,0.81768729437106,1,36.19709383955559
1,0.4225241650299067,3,50.54953118009465
1,0.5987355227797909,4,56.51778095795586
1,0.6733888098903835,1,28.348193946604894
0,0.5440669688207481,4,63.39803133529985
0,0.9435951477667738,1,17.042740047620768
0,0.9974138198711088,3,38.924488307659956
2,0.517221615806311,2,66.18985651077594
2,0.5550206966583141,1,55.36786012795474
0,0.7424113272056632,2,37.822811818779634
2,0.7836989304688231,2,56.75483585289952
0,0.5191703753244312,2,39.315178677863415
4,0.7010579772161865,1,25.745214016377872
0,0.9410878579959562,4,37.147530792267226
3,0.9641305846478831,3,49.40956800645664
0,0.7206013325495795,2,34.95017649151315
1,0.8502479605747975,3,33.491103324460234
4,0.5389823574234923,5,71.67707892767538
0,0.817970686142329,5,52.094968720534595
0,0.4586258777809721,5,66.57404801465754
3,0.9939939911879165,1,26.533379313708043
4,0.6933538416283995,5,67.05546837454759
1,0.6801968102402307,4,50.45139665510005
2,0.9153070855457882,3,54.43056922917533
0,0.8938784063616377,3,28.261268527839636
3,0.8008989857802615,4,58.9341763023489
3,0.6590206955084903,5,73.95726952747992
4,0.9299630915913033,5,49.576847314984775
1,0.4537218355513206,1,38.625036525581024
4,0.6082814882969244,5,63.63895185251949
1,0.9696821048517908,3,26.039892731326503
1,0.7963980318272081,2,25.33449420112527
3,0.7646264859730103,5,75.26797210106277
0,0.6226624102637068,3,49.03008145018056
3,0.7059281651243237,3,64.16010683760436
4,0.7766521424782061,5,57.70571803804691
2,0.569557006874937,2,75.16484446088026
0,0.7974823796047104,4,49.37744148702387
2,0.9231087871463306,4,59.14790420569443
4,0.4307874207173943,4,66.38431988697961
0,0.6213872833259765,3,43.8145580414748
2,0.42250780645268604,4,88.84176188605248
3,0.8556976913348223,4,56.49717691904063
3,0.7865224904837353,3,49.509743706842436
4,0.8336150858306035,2,30.789140211936235
1,0.5553193521676149,1,39.57954699987734
2,0.8862514676841113,5,76.452761569788
3,0.6185816635697281,5,76.03116035249622
2,0.7258622992385768,3,65.21566613544317
4,0.5967915427144876,1,33.9380756739872
0,0.7064462233285703,2,33.550405473220216
0,0.8647075286023573,2,22.5866043466919
3,0.41451604557710037,3,73.2974152024896
0,0.6469620023916522,4,54.14396010576276
3,0.7157582451557962,3,59.8672843428411
4,0.5649536673880999,2,44.2456028739267
2,0.7944949839017658,5,84.5603837686867
0,0.504914990873272,2,44.90338788310553
2,0.4621857866572397,3,84.90946162316105
3,0.4735286048909298,1,60.66920646163953
4,0.6872377452150192,5,60.54530118644039
2,0.9450402528917993,2,39.84422878020749
0,0.6062449647135141,2,41.14848627539299
4,0.6696448997480242,5,59.67795765883382
4,0.7115827476448573,4,46.568464806311454
3,0.5016918543446504,4,69.63842259486381
0,0.6862361049550054,4,53.942788236069035
0,0.5481138271074162,3,60.00019318953247
4,0.532351755657895,3,50.688713286098704
1,0.5235123422736494,1,33.574962417055836
1,0.835085813130942,2,28.937241294992738
0,0.6601597812583078,5,64.66747299097138
0,0.8422360634377641,1,26.690914676595035
1,0.5919476625734993,3,52.07553801938286
3,0.9305605303944446,3,47.88491286783771
4,0.43757331979215697,1,41.46411595246011
0,0.707767776837759,1,21.242098715952054
3,0.7198309471711908,4,66.74782226997947
4,0.9647559558253174,5,38.71318766470669
4,0.7500462354333057,5,47.33941138490327
3,0.8804579842652647,1,37.04401710335004
3,0.6925397153146375,1,46.268675661777536
3,0.9920312836685934,2,44.70191678115259
3,0.7859130341159164,2,47.6721693429316
3,0.5393945286020845,3,62.08209153647093
0,0.8800044555776894,3,32.68877081700589
2,0.4464350330504865,2,71.01411418828813
2,0.4819626105754289,1,66.36082916819254
4,0.7974865407926388,4,53.680676752254016
0,0.7673176654043816,2,29.956566656611813
4,0.4497562909790142,1,39.51192545101656
4,0.8820374183895723,5,51.69155271523401
4,0.716546283847324,5,57.49971338818355
4,0.48611684808120603,3,50.60239778675054
0,0.5431023482139131,4,55.86606777121364
0,0.46414779224730385,5,66.44134779851457
2,0.5250353738106969,2,64.742265435401
2,0.6714338694083504,4,79.77589739256031
4,0.8920565057551525,5,40.041879891279926
3,0.9250232274937613,2,39.63949632305855
4,0.5850079140718683,3,49.060140327517246
0,0.638284618950514,4,57.90686881895011
3,0.7402007283634966,2,49.19164828427974
2,0.758563858717199,5,81.79911575268733
3,0.6540541628416449,3,64.32375817980306
3,0.7945920934490566,2,42.84333325705618
3,0.8943288739527945,1,33.554552628030535
0,0.5316965947058812,3,41.71161535961841
4,0.792338680711212,1,29.683357896401883
4,0.7458104497207414,4,41.84164914392524
2,0.6617520943700796,1,50.94748860126759
1,0.5763124321437602,3,52.29713010995241
2,0.9498091587268899,4,62.86953043773117
1,0.9948238659091968,2,29.618574485775277
1,0.4499641126653623,4,59.859205825002206
2,0.7953045101382683,1,42.655525924527865
4,0.6297431697815249,4,56.30406025527324
0,0.7770418658150744,2,21.474185592744476
1,0.8982675741363927,2,26.395317469373328
0,0.6822137663171095,4,54.86547485033799
3,0.759806522270339,3,55.69295578336381
0,0.9205872419945875,2,20.049320197775547
3,0.9431906970185786,1,30.21240591828843
1,0.8929472715611706,1,16.515315604800808
4,0.6716595203156055,1,24.93864049522236
3,0.8175861239677349,1,29.355249884562603
4,0.9739538104713694,1,13.2009132954807
3,0.8398214124971256,1,33.482838070367755
1,0.45203098715247547,2,46.60857891407436
4,0.6581542737652909,3,47.67715352695878
0,0.7433501908742031,3,41.283299057250325
1,0.6485746167337133,3,32.480651631073165
2,0.7394314305532343,1,52.04914915297624
1,0.6881318076208514,5,64.02464499720355
3,0.7423921859874083,2,56.238755720710344
4,0.6205788123884559,2,39.127602233933246
4,0.8154414202314371,4,45.74066240351588
2,0.990598129467605,2,51.91182587192736
3,0.938378114425531,2,37.70687125637191
1,0.5661073617210745,1,37.67474566294828
1,0.5630040472746944,1,31.199295187519414
1,0.46825291732184465,3,48.09236655502119
0,0.8945214817355516,3,39.491066470113054
0,0.4371751967946323,2,52.58136474571178
1,0.6751763589852526,4,52.35616157407528
3,0.9207343247765931,3,48.50351524079427
0,0.46252143546680313,2,42.77484973637445
2,0.5305318975906612,3,76.41903716441092
1,0.43308260119956465,1,38.860609734550934
3,0.960196772778692,4,49.96115115710916
2,0.6966813730972332,5,83.47063455324393
2,0.6667629456756514,3,69.08251832867947
0,0.9402597919342812,2,21.763947967367894
2,0.7534125993994569,5,80.83377259659964
1,0.804126137681143,2,24.088480514422884
3,0.40411640170011676,2,65.8503816423198
1,0.4362995654643869,4,69.26170493232884
2,0.7274962275444833,2,64.4584688511543
4,0.9306945672278774,1,20.136796275683892
3,0.6080663644695248,2,57.675648741322554
0,0.43038445704661105,1,40.05151328402444
1,0.4473252587374944,2,42.509523202507516
4,0.5502812067131886,3,56.04977794015769
2,0.7520913850511752,5,82.28076608466668
2,0.5608487366646734,5,91.33323968357996
2,0.8261973467809522,1,51.30419091875013
1,0.5499449197497701,2,39.16522602735838
2,0.5857131041689498,4,80.19651722778457
3,0.44661522052485414,5,84.92972921694695
1,0.6168988847848293,3,46.726649192718305
4,0.6503824819615049,2,46.0639664064887
0,0.5929818839256684,4,53.99495610225372
3,0.8207348558346681,4,67.11233773700408
0,0.8839864413198181,3,32.526624325563965
1,0.4631599113406769,5,71.9783126865519
1,0.7506840537115868,4,48.53835681139669
4,0.9612292153037619,2,24.58917320998227
0,0.53673789744673,2,45.61638875004405
3,0.5770559743711023,3,61.63624591087678
4,0.5183762621138922,2,48.56145449438594
1,0.8807687458453872,5,50.70621825290405
0,0.46460474692713755,3,53.546478826884346
0,0.43924880629733565,2,43.47370283104316
0,0.9045262398447117,2,22.796463129896757
2,0.6525179116523776,2,60.180937033656484
0,0.6003891165052317,3,43.17062601496108
0,0.5637479987497152,2,35.59302437011493
0,0.6183327663577247,2,43.93744377122073
0,0.6900799894904738,2,44.209274183120115
0,0.44935335148831373,3,53.18797337845701
1,0.8424685336898522,1,15.97489657337544
2,0.935115348433643,2,49.03300071874804
2,0.4494651833436663,3,82.23389341710615
3,0.812436281453629,5,66.80952793587713
1,0.47153073045815436,5,73.05820621453923
0,0.877710881567644,3,39.448109460799415
3,0.43147176971848544,2,61.60644916207346
1,0.8398620199575504,1,22.976349539385357
4,0.8323604741696413,2,30.114491963540324
1,0.78980902263532,4,48.62507340073209
0,0.7183248504522972,3,37.22752318354067
1,0.432210359500754,1,36.03910460217371
3,0.9784488843317749,5,59.913546937724185
2,0.8487508153189985,4,65.63609308337469
0,0.5116818253195292,2,44.296275865497904
3,0.7713361290349536,1,45.99151533380484
3,0.8728163207395895,4,55.46823378504529
1,0.9730497126339225,2,22.2434875151252
1,0.4249725686204205,5,74.25945581910679
2,0.5401175884470837,3,70.41972460508
2,0.5163628463554171,2,62.46957174449505
1,0.4548407557684051,2,45.42940367115505
1,0.7279778331394974,5,59.79381826973284
3,0.9009831115560875,1,31.946617301943242
1,0.4275828096584455,1,37.13861406583135
4,0.8934649265707435,3,34.08841664048068
0,0.4950492353569849,5,62.96631878479632
2,0.7952206016621348,3,67.77747534862652
2,0.5637850558508447,1,58.020112061816704
4,0.5639436652052956,1,35.01033197743179
1,0.770192961268324,4,46.48119471908763
3,0.9997996893191973,5,60.419389845235244
4,0.9314903256492486,4,42.508620512506006
2,0.8938951919304517,2,43.483956041616665
3,0.6731441196160548,3,57.16402683356466
0,0.8269710868790676,5,47.63282033242183
2,0.6592511786120077,4,80.54705396251175
3,0.488443432880038,3,71.81830461093301
4,0.8739566248953924,4,42.22592242726546
4,0.5449707342556592,5,68.78456887517977
3,0.8986343075256122,2,43.753688279945465
0,0.7743947070651693,3,40.97336568507999
0,0.5387683244997469,2,42.61517277974194
2,0.6188263679370297,4,76.77270753905191
1,0.6845276580344675,3,40.301683578482475
3,0.5330264170770602,5,82.32102951509478
0,0.5837300333893223,1,34.532328018439664
3,0.9882104953643375,5,61.517264475620614
0,0.9245765398202728,1,24.032273523921305
3,0.8280601328806128,2,47.540155113127554
1,0.6756363724273808,4,55.13121507842014
3,0.5481703665614852,2,61.04261165265683
2,0.9211639930762626,3,57.78516758599036
0,0.7049687333002996,5,62.528167460752385
4,0.612859174585572,5,64.05243352163905
1,0.7753400012530598,4,40.3867245110894
0,0.5717096674595692,2,38.13515104589416
3,0.544599713169513,4,71.95220261169983
3,0.7282864007583529,3,61.439972300273254
3,0.5243184587982492,2,68.46596163388145
2,0.7309528064472488,5,76.56831054802291
2,0.4405520331855227,2,71.20520931110805
3,0.6849279845129959,1,46.81841983802557
4,0.846231429570506,1,17.42541207650723
1,0.5677924683427508,5,72.68737296331497
1,0.7532975139246642,1,19.576891068481107
4,0.8210850393748887,1,25.4681084847313
2,0.9397442261248852,3,55.7655398462641
3,0.9426455034463781,1,34.08778067690233
3,0.7866930980245559,3,56.26056701017667
4,0.669112318353926,5,66.12071389343294
0,0.9994558078774952,5,42.557654110724734
1,0.4015459929052098,5,78.92130773635347
0,0.5888821680285757,2,45.74610352539777
4,0.46823444743260545,2,49.142985186357286
2,0.4536026710858197,1,66.91564912008188
4,0.8197809742211164,2,28.14760046594846
4,0.46473807888187585,5,72.02308272216935
1,0.7141400207003128,4,55.825007654127724
3,0.6160793286632293,4,74.000337864641
1,0.6045993758828186,2,39.20113650404268
3,0.5299140240970868,3,69.75249193882907
1,0.9130931445356074,5,50.681073396289484
3,0.7036960608410889,2,49.842583535984346
3,0.4969025651550053,3,65.32182477498074
0,0.8060897408908614,3,37.96771998318282
0,0.9128284237867204,5,49.41657585291058
2,0.9800186623385355,2,43.90019735748983
2,0.5094173541332612,5,91.4291540774883
0,0.6406006601469028,1,26.7448516995998
4,0.7279027588123892,1,33.45076249912419
0,0.9659776385410572,1,7.423468758826393
0,0.5402456615925718,1,34.56946484299602
2,0.41788589217879574,4,85.79868235477538
4,0.8356940534930277,3,34.0980634333591
3,0.4173275732069197,3,77.83196089671814
0,0.9098726704506251,1,21.522548234884546
3,0.47154182190761174,5,89.35688793593727
3,0.8823620487953021,3,51.24064679626837
2,0.47427809812763255,1,59.26539961074139
0,0.4809015428234632,2,49.3003677920723
0,0.7861076672704174,3,33.13779027010461
3,0.8571672804005958,1,27.977653862948735
1,0.6542520273186221,5,64.22864526121232
3,0.9383973231743749,4,54.36812352979362
2,0.9839882872362098,1,35.395605942453564
0,0.6429865519714338,3,49.96045998776475
4,0.9563892020872583,3,40.650411171624455
0,0.8760561207029953,1,20.39879750170986
3,0.7433631403334573,1,42.935065979820955
3,0.6503760347203111,5,79.8376786700701
3,0.5239550351939208,4,79.51045937126531
3,0.48776887399344704,1,49.992699544318896
4,0.7438882362016972,5,51.166474842665366
4,0.6050925165633747,2,37.79744975527932
1,0.6269318153958463,2,35.39103452752802
3,0.8907672113217839,5,62.30920074289592
3,0.6921370859144507,2,56.03942467690814
3,0.5327372789460598,1,54.340776806916814
2,0.5027316803669325,3,77.10165480317116
4,0.9387033610770196,3,33.74292044214714
0,0.6244373571924267,1,40.484854176586325
3,0.491638341803752,1,57.5878875094392
2,0.7640396130149298,1,46.30110893762003
1,0.8269450058497166,2,25.042750906310765
0,0.668305266039592,2,37.18376326915795
2,0.5362244368208339,5,88.23249004608246
2,0.5062085071942013,2,68.34952631683474
1,0.5100044575972147,4,56.77223905383472
0,0.7278548701848649,4,57.192644030950845
1,0.7820664375672802,2,28.23620372683614
3,0.4433185884959919,5,91.05754084046701
0,0.7792320786711815,5,55.39740654192284
3,0.6571075598572425,4,73.96110831634122
0,0.7254073584232961,2,28.331564193847395
0,0.4245339972728174,1,41.97482452792727
4,0.7707954581267029,2,32.4096786563183
3,0.7929203735703716,3,61.551855658224426
1,0.5158498132211321,3,52.98231079916335
3,0.5045601073547428,5,87.08435038861472
0,0.6958981910425477,5,57.395993542388965
1,0.8920440457543223,3,35.77555180450707
0,0.9707306459843916,2,18.124297132188893
4,0.7022582717247066,4,56.902024067124195
0,0.9738328630193975,1,11.403632170877934
4,0.8519468489268305,1,22.589480085791543
3,0.5486707686274341,5,83.47104012583539
0,0.5145684452225594,3,55.95850132162037
0,0.7969077485555627,3,42.21812231304739
1,0.5049305143861772,4,62.66988343215931
1,0.9839942935243966,4,36.34307245627672
1,0.5635395730692182,1,32.656945495511735
1,0.9030824779798744,4,48.51110091935819
3,0.8236604163096977,2,40.954365756622295
2,0.8834841812335208,1,42.6119247629076
3,0.4661899242278404,4,74.66279496649508
2,0.849598437343444,1,41.76418288591777
3,0.50091892540455,4,81.97395282987691
2,0.8812510999691483,5,72.70901091889402
1,0.46314005539997555,4,65.5103567240134
1,0.5201752513381778,4,66.55511780330048
1,0.6827337066695294,3,45.57769542033066
4,0.6211908636549132,5,54.08190854822499
2,0.968281603964286,3,53.86863530723593
2,0.9802796312461026,4,61.31885202981203
4,0.6448487512582333,4,59.04291864374011
2,0.4370506703374098,2,72.49337169703541
3,0.8118520542513694,4,58.28821326522514
0,0.8784050375980754,5,43.744092619236966
2,0.5430065367242487,1,60.76805096536606
4,0.8910408245591835,2,18.8281714037226
2,0.43888648894816235,4,84.3208566293312
1,0.7764057800721442,4,50.55556816748557
1,0.7311017198988828,5,63.0363605287364
3,0.48545236997815655,2,63.110611016978496
3,0.9996750134490078,2,32.62785774249996
3,0.7830983614576141,4,64.17909097703418
4,0.5653791145721436,1,30.57974272917723
0,0.8229598449286858,5,49.795323504047104
3,0.9127541660920876,5,56.802648216775275
0,0.5693912716195665,4,56.058113056158405
1,0.5960823765062117,1,34.56812308328664
3,0.6225991436665719,4,74.49192453404271
4,0.6167650419077717,5,63.09594584974086
1,0.4432316246521787,1,46.790461615905926
0,0.5715037896566209,1,30.519822970734143
2,0.9816336424074692,2,54.39785886037689
4,0.7728657507476657,3,35.40745725410954
1,0.4912347168745729,2,41.49722671864014
1,0.7258626416582098,2,29.753705119008202
4,0.7606382533029272,5,52.17418853834836
0,0.9593098023712378,3,34.43829120485019
3,0.8635411395148194,1,43.675303138104766
2,0.6928225643361504,1,58.506976665222524
4,0.873682694757191,5,51.863456927993
2,0.42051570713531106,2,69.34728944634645
0,0.8493883247238083,5,53.44693242851574
0,0.4129393075031444,5,76.68214132578619
1,0.9847962217034731,1,14.575134406760503
3,0.9032414165003229,4,56.23390389751984
1,0.9845443889504588,4,42.4063366728533
2,0.6038193297795008,1,63.11021671449876
0,0.47293594835101366,4,66.81890611153868
4,0.5867900782293413,1,33.72319788750025
4,0.5304557453745283,4,52.33151824120906
1,0.8886458503926031,1,7.502694332108732
0,0.46291588789800026,4,57.516547205550566
3,0.7267043811168838,5,73.46331122117635
2,0.764760952078189,1,41.84019218538468
1,0.8860190230573237,1,14.669692367952463
2,0.7665479276018716,4,69.31837586431483
4,0.45612101678744443,4,59.44016971585445
0,0.789337762484903,3,39.7105528113519
3,0.6538352520336184,5,79.97959902933707
0,0.5213189984284123,3,55.607650051589914
4,0.7203072772709413,2,40.331837939713196
3,0.4908563945334487,3,75.78404761138773
2,0.6660619132275718,1,55.67571438225879
1,0.5647608478769164,5,61.35071507612105
0,0.690370458192322,3,45.46047201447902
1,0.8094617233075457,2,28.057753827573006
3,0.6316401968862235,4,80.24465062555385
3,0.8601561114639248,3,52.50389656325372
1,0.6773385389291704,2,35.11483037778209
4,0.7346604846604007,2,31.747439406497143
0,0.7108096692353616,5,64.6543980435832
4,0.8092440914496137,1,18.017340925677253
1,0.6396862665350648,3,39.07615683296845
0,0.4679762518082438,2,49.22686594900402
0,0.918529293026715,5,48.45526100495285
2,0.4577493848256618,5,95.12194502393491
4,0.5457341386525176,2,44.14296690457622
0,0.6431076313284498,5,57.22383904646219
3,0.5926685091054411,1,44.80811590463841
4,0.9519279201269,4,36.29173020745888
2,0.8490930990976134,4,59.752924817379146
3,0.9592525913349887,5,69.38509923376303
3,0.45943297640673947,5,86.09472599469527
4,0.9239451299631779,3,27.36142595189351
3,0.9361164280668185,4,51.85359941729113
0,0.8184277666473712,5,53.24109001373202
1,0.5884943393208355,1,32.584790171553436
3,0.5935554995556931,4,73.8790748176468
3,0.8660311316366381,4,55.1459238011767
4,0.8405812176593395,5,57.0106281855476
0,0.8924867589034183,1,19.019022799910893
4,0.6343972059695101,2,36.17002902203889
1,0.416001560745928,5,71.83260005495539
3,0.49893125423696555,5,87.73533389357975
1,0.4702275492532708,4,62.48268077964014
2,0.8128204652073184,4,70.65521206695443
2,0.78511913107101,1,45.9671473869999
1,0.6803800582003305,3,44.448991978420516
4,0.4999749059140361,1,35.84574127103143
3,0.815307961295286,4,64.08081030258954
3,0.5372402975969885,1,51.60462431564402
4,0.8236142391367174,3,40.47369450730202
0,0.6252619683160113,2,33.12956985484253
1,0.4171657659390014,3,49.50499697595947
0,0.947823228283587,3,32.0780882244066
0,0.7488371417716664,1,24.05926653691818
4,0.4581316470105745,1,36.276699181892475
2,0.9055250254973775,3,61.32454430737566
1,0.5740311248820258,3,49.35968557285588
0,0.8523808788295628,3,39.875708920110156
0,0.8798167475317653,1,23.695093708663933
2,0.8413335010796952,1,32.27616665784325
2,0.5076020355928333,1,52.74987324889229
4,0.7042007529678452,4,48.156260603063075
2,0.698160791915954,4,79.34112393521184
2,0.8073482674234775,1,47.42637348388471
0,0.4885044315912884,5,63.16215462014508
1,0.6858726703718674,3,39.590530400697354
1,0.854153714739094,5,50.13298516727379
2,0.5341087108071171,3,82.30312065649838
1,0.7024454778330156,2,26.60585000672748
1,0.8066573137510316,3,34.477938259873305
3,0.6868975080329909,1,40.63688660687508
3,0.7812225274483198,1,41.30249342583534
4,0.5262242862229864,1,35.50183069495234
3,0.6714176170118384,2,48.78574036421376
1,0.8181772193361814,1,20.669786649361193
4,0.98576476068055,5,47.88834904162958
0,0.808100572058213,2,30.47367617104593
0,0.49921181732395636,5,68.74187708204687
0,0.9461535573022685,4,38.67333462624226
0,0.7759842179939189,2,27.890574004483916
1,0.9431492039644692,4,35.4731689325473
2,0.7876250390413475,5,79.40858217472618
0,0.6753065067670643,3,44.001106060156374
4,0.8207634354084292,1,21.765860245644344
2,0.5532827642101741,3,72.94136619408272
1,0.7992505667676493,5,52.36200421172656
1,0.5056813293342531,2,45.08887560067515
2,0.6622495888962123,1,55.42437349278079
4,0.45186629134632095,1,33.41047819722957
3,0.9148374221828717,5,63.63287288888883
3,0.7022246352354927,4,71.97908129520826
3,0.7733910574525421,2,47.157794324075525
1,0.4912182147055635,1,44.03453549379594
0,0.5560536015037285,2,39.39033529810464
0,0.6135738721981658,2,37.8904447956128
4,0.43642170470495223,1,43.99125605252408
2,0.9552257235768974,4,74.880159730685
2,0.49806850707043404,2,70.05288864908785
2,0.8561442577705645,5,75.51667828058847
1,0.7149283137482672,2,35.316883775164165
2,0.5096566230725488,4,86.41006852655825
0,0.8060499413313311,4,44.079529268873785
4,0.9300339837830999,1,7.553378955952812
2,0.939581409708235,3,55.036036124661024
2,0.9756051539576236,2,44.70591914896445
3,0.9429624554357768,1,21.905667164406054
1,0.5480892195596059,5,67.28111425676961
3,0.42995856107288033,4,72.96384349224168
0,0.9475046996658442,4,40.78054263758582
4,0.6764418282645821,3,43.46767111004864
0,0.5062951029433445,2,45.65104437800239
4,0.47368424619674704,5,72.36077257803974
1,0.7285382666435318,5,60.501941822665586
2,0.7099736387564246,5,93.0323735484523
2,0.7437637281752231,4,75.79329820407268
0,0.5693006353326499,1,33.91791316964877
2,0.6126678943997139,1,53.972274189831545
1,0.5700688941856772,4,58.98377230015659
2,0.7270796884614702,2,53.92034182024291
4,0.5815349636421149,4,53.03908421218743
2,0.9333880523186161,5,70.47565749495053
0,0.8817450428685893,1,18.57410235468847
0,0.7091182770856659,3,43.30813675374972
4,0.41020596816473853,3,60.7833997062202
2,0.9000255457748805,3,55.46409094896037
2,0.44607488226066705,3,78.66384755125472
1,0.9397231485373307,5,48.681106460925875
2,0.5067003838485172,3,81.64821133509683
3,0.48136268618675304,1,52.83627688596062
4,0.8651932045990882,5,54.7988397947035
3,0.6320029925953867,1,45.51742840441976
1,0.5688041200800145,4,59.78251388755436
1,0.4492277308617012,4,63.624351424515105
3,0.9756214476595789,5,63.379779317110604
2,0.8537028077646218,5,78.0261911798842
4,0.9626944294305438,4,42.42421446829316
4,0.729019796494188,3,45.044635631657556
0,0.9720986352117009,1,10.899897811922637
1,0.7325338190092362,3,41.65766719296969
4,0.7921462653792486,2,32.53879605242072
0,0.9122172966533377,1,12.42729118781843
4,0.6744531787509539,4,52.1968929131774
4,0.8200695419183819,5,58.71696842060639
4,0.8129673604304095,1,21.890309013885457
1,0.7127158085665706,3,41.62931942336032
0,0.6843298470438839,3,43.200716102329395
1,0.5319964835183507,2,27.645074098418135
2,0.48487238164599755,1,57.68806525696723
0,0.7895295711251655,1,13.36796256506029
4,0.4149073665672842,5,72.37059442578716
4,0.5900341278772798,2,35.762555688448
4,0.744455009252675,3,40.680332294847304
1,0.5171101898248007,1,36.87712012712242
2,0.9659219912914827,1,45.67912297098887
2,0.971493521232722,2,43.225268279137005
3,0.6662123204359143,3,63.726904795502094
0,0.6224655478718426,1,27.397485295173123
4,0.5226303114030817,5,68.58118096183814
3,0.9905702325202754,2,39.239810480055446
2,0.8036109833644915,3,66.59959245538255
1,0.5159204029407811,3,50.791128144929694
2,0.40640600315100023,3,83.27052236538195
2,0.4838956894475977,1,61.755938366898
3,0.6992847864860157,5,77.0899799382715
3,0.4881051164380875,5,82.37474329008484
2,0.9631056347372473,5,72.4909554013287
2,0.8464993521002018,4,68.39043757445384
3,0.40915024941753636,2,58.86735298888918
3,0.8879951983705642,1,43.791780747364704
3,0.5012906078737341,1,48.791473975452476
2,0.6419468943542012,3,72.3620612704424
1,0.9293557599568556,3,31.154864746783637
0,0.9882356866984686,4,39.08048944918936
0,0.8492907831437797,3,36.1378604845801
4,0.927867627730696,4,44.6532140691031
0,0.9705183183892546,5,53.01616610769615
1,0.867901322930558,2,27.961652447094753
2,0.5590949055726198,4,87.01801572403502
3,0.7737159402319322,5,74.98631815005122
4,0.6117419634752814,1,36.193347866119225
3,0.5246077832351103,1,55.71686714213871
0,0.9013537411416886,5,52.45653002408359
4,0.4995894561905172,3,50.53343375848434
1,0.5997595435234526,1,30.99701778742164
4,0.9288428525199129,1,10.87442769590489
4,0.8824452762450461,1,17.28452997026609
1,0.49667929731942717,5,69.94323049751307
0,0.718122791497548,5,62.93718441646316
1,0.4802748115481491,5,70.88916214548587
4,0.8781150193977103,2,29.48512370493325
4,0.6963490562495558,4,58.18577777849711
4,0.5311227364070176,5,69.39891670875227
3,0.9914205724410176,5,58.44016887109301
4,0.5814602459131268,2,50.12774860499931
0,0.8475231503630059,3,38.50351109685484
2,0.7823273728520169,3,65.42359278622936
2,0.8773869566409255,5,80.25744538504877
3,0.4954286503846381,3,72.21091365964294
4,0.6558010295407724,4,51.93217323881373
0,0.5104787914659039,3,53.05513615521805
4,0.9524173748292076,3,32.77491141235576
4,0.9708887419375218,3,28.771989993348505
1,0.807057228733777,4,44.02535400153438
3,0.9076847807757707,4,56.6008830209652
2,0.7631105586209312,4,76.51477016129357
1,0.9671876326324564,5,38.050048716786634
4,0.9933245219003619,2,31.82860671773276
1,0.8744076388761135,3,32.48360282410027
2,0.824747124972203,2,53.26572986608896
2,0.5901909757124794,3,69.56650809229514
3,0.64906039863349,1,38.156287077526635
4,0.5168616057931145,2,33.578625335356364
3,0.5183349432334295,4,85.34374099140878
4,0.5159812403889541,4,58.737299264747456
3,0.7755565080841673,1,36.95514729139925
3,0.941990313201286,1,31.835975929965986
1,0.7728697479707265,4,50.019555203082476
1,0.48456269895008186,4,63.19071147249163
4,0.4351598844618848,2,48.35932572111776
0,0.994025349061502,4,31.048975647312
3,0.7522197613604285,1,38.7373331867491
3,0.7481793622582129,1,38.76604413117358
1,0.5841758650284199,4,48.37990185102016
1,0.5177949833113263,5,62.1383254766313
1,0.7271264840971225,2,39.35356593139742
1,0.4774524682004212,4,65.65025519986673
2,0.7669021618994964,5,81.38414568325273
3,0.44862751462650324,1,53.915968578343744
2,0.837474424528847,2,58.47509078933186
0,0.7590260493955758,3,36.34345507582836
0,0.7806823479903586,5,52.665077801267685
1,0.975466631278167,4,33.92102358911366
3,0.9841562800320475,1,35.96286210206673
1,0.7032853435380739,5,66.38144368892347
0,0.9106053300871519,3,32.995277826850014
1,0.8846963551063731,1,24.360968283470484
3,0.75175517081695,1,48.36130191464641
0,0.8843447598662426,4,33.19958272099445
4,0.570674265644747,2,41.95028110904338
2,0.9527665406853795,4,67.46796924634616
2,0.4122621298843562,1,66.67741231357431
2,0.6017463301482296,5,85.6296333664991
4,0.6342849891665192,1,29.108569878465087
3,0.678363277313904,2,53.05905656471949
3,0.927974658091315,2,37.77130650359006
4,0.5290814682876193,5,63.69599931043515
0,0.8625809602063035,4,41.23544385214588
0,0.7485322371912244,2,32.56444543004213
1,0.8842090944297545,4,42.81972368820041
0,0.4696953025260694,3,59.18463987176604
3,0.829490377817506,4,61.539816122363575
1,0.9772840092627846,1,14.241945378513044
0,0.4894668011400102,1,36.527870967193465
1,0.9205705249802238,3,28.34383955371351
1,0.45079693764105966,2,47.964527471734094
0,0.9637728733855373,5,49.64433227433717
3,0.6156612954636168,3,68.24454552994393
0,0.8694259239566398,4,48.400469383724655
3,0.7273396495043105,3,58.997104975598454
4,0.7095336914797947,5,59.99053270977698
3,0.9164515025947505,1,35.30436424248694
2,0.7854589527990619,2,56.794356704985105
2,0.5968739872473714,1,62.360773248108664
4,0.4059906418042734,1,47.33933181049095
3,0.8019416288190591,1,37.57785155257274
0,0.6922402591792811,2,38.13730462590459
1,0.8893290050579936,1,13.96018101927228
1,0.9579468052888069,2,18.411114005155934
0,0.7957880058241963,4,46.0288513486266
3,0.44528527221618813,1,63.64556266774805
2,0.5947394429989887,3,73.9902752158955
2,0.9569408248399527,2,44.34367352932019
1,0.4417300690476055,5,69.9779827890236
2,0.9741635988279483,5,71.16201620959822
2,0.5741052076262312,5,94.8247838104063
1,0.6061652201762869,2,43.24948940696035
2,0.4377428300363284,4,87.27843272840788
2,0.477335681154851,4,78.81183197427133
2,0.7459950926283918,4,74.00086385962574
3,0.42876554935414357,2,65.85608093746102
0,0.5508759614672956,2,49.089820503387045
2,0.7385980145589258,2,64.14502084731413
2,0.49296898929402266,2,69.64040163611064
2,0.473694664648955,4,87.45751668481404
2,0.8271930179174027,4,71.5959656148548
1,0.6583494278296547,4,43.97686531572451
3,0.587127894922262,5,89.17994315041514
0,0.9556250524355887,4,34.972048820491594
2,0.4797391705663541,4,84.69201451957757
4,0.6035220562173744,1,32.90702988511052
2,0.7199684794482739,4,82.3286702005092
2,0.5165261789699056,1,64.60403978081695
2,0.8330208616475637,3,60.682191269332904
4,0.49796335912135564,1,36.93651517502236
2,0.6774155345063314,2,56.55815342246867
4,0.8015020650133804,5,53.72993011169247
2,0.7322232330546181,2,54.27837226982171
2,0.5995903506324021,2,62.287878196063176
4,0.4366803678684119,1,45.032756330805384
1,0.7238082939010739,4,46.732369983876715
2,0.6595932829721263,1,54.54697642734523
4,0.8809477767238554,2,28.702314565203093
3,0.6796735420915647,1,51.9198777991908
1,0.5698883352504394,4,54.43663643977442
4,0.4910223176251796,3,50.17387477433986
1,0.6776130095229111,3,41.55401288392898
0,0.48730927575131205,1,40.241637134475226
3,0.4182880983539068,4,84.30862771859627
0,0.48542719331138895,2,40.21586167291623
4,0.400952103639266,2,50.9665393964465
4,0.8697217103723663,4,39.659742121790735
1,0.8890174511844351,3,33.10950058299698
0,0.422424300611313,4,62.94827388168256
4,0.43556894024212367,2,44.85751661186909
0,0.8576934674633166,2,24.86386507826489
1,0.6858099508683719,5,61.18044475252838
0,0.8894760966552454,3,35.413485262944754
1,0.8334196584505951,1,22.795817283086407
0,0.4614247430979171,2,53.13040433423176
3,0.8088244677101479,2,45.882922020025696
4,0.5759303092562497,2,35.6481339376528
1,0.8148775717816872,1,20.294613386981176
1,0.6920708073114945,2,38.15314855233999
2,0.6888115870898395,4,76.87807966484593
3,0.4696262149596172,4,75.78890603479898
1,0.8496517129538026,1,25.66838608711734
1,0.8472021896597877,3,32.56433992810522
2,0.471642267278521,4,88.22518415441158
0,0.9138613657490314,2,26.583132892097545
3,0.8865726897340274,1,41.01195064423682
4,0.5166404929723158,1,34.92241956891941
2,0.4204657479352736,2,65.06786400541789
1,0.7597277497096316,5,57.515393598298154
4,0.4765925038966333,2,49.66346341361337
1,0.8211297472961738,4,45.34064602714846
0,0.44701800798120395,1,38.114184389318794
0,0.5942390605764222,5,69.0810256237265
0,0.7814494119660585,4,45.8305987668772
0,0.8102983801468375,5,59.19294336197173
0,0.9940746827432945,5,51.95079636227321
4,0.6816969429252475,1,24.016060545742505
4,0.5031752246639282,2,38.48619232210902
3,0.8880790982877131,2,43.7054211976311
3,0.47634631153433943,2,56.53207044431197
4,0.8221924724668408,4,45.9195487006727
2,0.9736534262067813,1,37.67454958202905
1,0.7053081001492034,5,50.94967956758734
4,0.9752937907960563,5,46.92343369643986
1,0.7206727343675425,3,44.8894388099255
1,0.8195383391595557,3,39.41850621252081
2,0.7708656380054504,2,51.57861538121779
2,0.4021629815264084,3,82.44903058089776
0,0.477612311758666,4,54.92968018253191
3,0.6739126716398196,3,61.14751580488738
0,0.5258493905008184,1,32.707974676973606
4,0.6568020393651537,1,30.79629510430086
4,0.5619598559713664,4,52.96527133769127
2,0.8493288693148007,3,65.59061631898956
2,0.7479918971620754,2,56.65393362205657
0,0.6148149104287856,1,25.693266701070392
1,0.5008295960873703,2,49.536898176675145
3,0.6991996026231588,5,76.9609486107961
1,0.575477110481788,4,55.71723492315192
2,0.45156356468750947,2,70.16857675048495
0,0.4632268079391343,5,77.57965585283692
3,0.6139579877722041,3,69.33049601563641
4,0.6660125882246728,1,23.27038777719254
4,0.4220497497501082,4,62.89551512508816
3,0.5025678116652049,4,80.51908787217121
4,0.4726586140519974,5,71.63341430636588
0,0.7458147246222087,3,38.85892974220302
4,0.9371456694722311,1,10.02973254350423
1,0.7585348187066927,5,59.94827489072368
0,0.6761293663914881,3,47.96426914755581
0,0.7110536048308465,1,24.493210475765665
0,0.6004360064799936,4,50.80925080617247
1,0.6938292211550319,4,54.95812984528958
4,0.8124337399362256,2,26.327118533990447
1,0.8484322095345425,5,45.379382134703356
4,0.7583091285424395,5,50.49549501133364
0,0.7009730589901835,5,58.937418065432226
2,0.730530275479032,5,82.91582912856572
1,0.4757696446762118,5,74.06466003759022
0,0.9333519722472542,5,46.94573192989312
1,0.8606869866858565,3,38.493943016526394
4,0.6981888335455542,3,44.56635757660071
1,0.8673164081484326,3,38.13925163275596
1,0.9850926035604018,5,44.81929849275375
4,0.6622142478998294,2,33.2443928707128
3,0.8603980277046119,5,59.5347460185254
3,0.5269084054805406,4,82.2097215183158
1,0.488858507292027,5,69.62907957776474
4,0.4329379289247819,5,76.95502723341514
1,0.5087711106339728,5,68.9566643495657
1,0.717046059281743,3,35.27071307312763
2,0.4919394763487911,5,93.548992743765
4,0.7795941783599947,4,44.699439882408925
0,0.956362325807419,4,35.391792001384765
3,0.6294261456353678,1,44.95199199621493
4,0.7687411807825462,1,19.98725776214872
2,0.7368492447561098,3,62.670867939801425
1,0.5817643338284415,3,49.11532323542828
0,0.8400858356192267,2,27.098593089072452
3,0.48144039244526726,2,64.63321660616127
2,0.6004584674078587,4,78.42357413761509
1,0.7758449803285985,1,24.038277723543487
1,0.5943729921213567,3,51.73704083407093
2,0.860294071609339,4,66.25906594266793
0,0.8425902169273651,1,18.44830892991759
3,0.5515585658978892,5,90.08465387406024
0,0.6682027887727565,3,45.18503098394238
1,0.40645178643972185,1,41.45131761418004
3,0.4708607660694075,3,76.83120608361597
3,0.49655916959366153,1,56.26799284826427
4,0.8795345379236901,2,22.32891405570137
1,0.6271454034006845,1,34.2157907526914
0,0.5394793860460906,5,70.25982288533092
1,0.8776546835615018,4,43.6586569895835
3,0.5687265779477538,3,65.7358484593686
4,0.9487624941729095,3,26.953779731738493
3,0.9343129735304406,1,25.799164466952536
4,0.9730885105268932,1,18.60483915898037
0,0.5728493757017323,5,66.4495816660902
1,0.8848225410989001,2,33.69002646497874
3,0.49250572840730733,4,81.12122119070696
2,0.4144787789235219,4,87.94420199608014
0,0.552836201437214,5,63.486394472826746
0,0.8419492051751427,5,53.32949526759945
1,0.9887508757677153,4,35.99920641551392
3,0.5545370636429771,2,57.85177167472095
1,0.5113751086817584,4,57.9368529985433
0,0.42531246317649307,3,58.19720859146902
0,0.9893892860604611,3,30.966718629366518
2,0.8161031962172824,4,66.05742560981778
3,0.4905268469201316,3,73.5098047392468
0,0.6164411768127241,3,49.5458577625502
1,0.807296778112144,4,55.02008386948181
1,0.43229380071068935,2,48.2573151292971
0,0.9968642389362226,2,18.6977545515755
3,0.499041191892686,5,81.52240169937346
1,0.6192285040085889,3,52.391860738138135
1,0.527695921209766,3,52.15972929117866
1,0.9826962342441475,2,22.32215947852594
0,0.620935816713483,2,41.17723460866557
0,0.6540105081191125,3,37.777972139494935
3,0.9218239935579403,4,59.30214730075044
2,0.7405717408308824,1,47.10767006774938
1,0.5528283796096567,2,37.069598496964055
4,0.7703446520649724,3,43.382235272731435
2,0.7667437446101769,5,83.61122367005214
2,0.8779169166250262,2,51.849256946434394
2,0.5357907217895566,5,88.95664301334934
0,0.43312430031217064,5,72.42669190752201
1,0.5027032185170953,3,45.980092047887474
0,0.4772784585247425,3,47.49976537705013
3,0.8201420002515141,4,62.064111041110706
2,0.41425259603329556,1,59.49379752605908
2,0.5202292652665779,4,86.3185667149267
1,0.6059020988574485,3,47.98030204245606
0,0.6678278287416313,5,60.98444364260977
1,0.5858353327067399,2,32.35328320864623
3,0.7276121329885683,4,70.49884034630993
3,0.7938145473545593,5,71.5596862082048
1,0.9841408096092007,2,27.83657000559856
3,0.7624198329402753,4,64.5962637648351
2,0.4249209363396471,3,83.16866004398095
3,0.9305173592513847,2,48.07169472726977
3,0.49433230528564387,1,56.253215700112136
4,0.9403939497131437,4,41.744661508104734
1,0.9369745056435861,2,26.233411515399155
1,0.4020624148728235,4,65.63235300114134
1,0.8681611546115616,2,34.253622161072215
1,0.4322666229823238,4,62.92657979309978
2,0.9847648585632822,2,53.41362313246273
0,0.5639668936498804,4,53.550118541895095
2,0.7604743602354296,1,48.924440660196616
4,0.6551477191452582,3,49.013446260855495
4,0.7483294486630442,3,39.57795207368497
1,0.745014078866486,4,51.50059968761722
3,0.8179233061648373,3,51.88611123247223
0,0.8885016984561492,2,29.624251043677084
4,0.9309367783627642,5,51.287640883827684
2,0.7650548934956696,4,70.96619747104555
0,0.751325298334523,1,29.060468869473848
2,0.8340681162109117,3,56.423046398017405
3,0.7862697502758382,3,48.76345385337342
3,0.6454132381761845,2,52.59999395163544
0,0.6069276731826322,1,29.183641450058264
0,0.7346328533143682,5,55.30644617321524
0,0.9880545596152519,5,50.551408554314406
2,0.7800238784918201,1,44.71396904955505
0,0.8955209731188203,3,34.03207388671297
0,0.9677693319456777,1,12.79632722206178
2,0.9006905512671542,1,38.65378168449744
4,0.5906839038515075,2,39.72956240570077
3,0.47348342921684533,1,54.8744107795039
3,0.9482759668859543,5,65.40183877331559
4,0.539083622196367,4,66.303589655211
4,0.823294148266698,4,45.12933243440102
2,0.4679158582597842,1,69.01426682509995
3,0.4359331981492661,2,63.95981997625374
3,0.9559986728070504,4,52.59315928787049
0,0.7133803667959198,4,46.85715395510985
3,0.5602737672195337,3,65.202321090978
0,0.44809338261478165,2,51.594109332044766
2,0.6856221847516943,1,53.15076693353254
1,0.8949766061068785,4,49.2899831074076
2,0.9254320601166515,3,60.79535784466364
2,0.7417026735496972,4,72.00251880967625
0,0.9414198954889966,5,45.9330514905014
4,0.5523040316882241,5,64.83102867098532
2,0.8943428969519089,4,67.43124986857762
3,0.4534215629819246,3,74.02068654025773
4,0.5520994326377965,2,40.125586004509195
1,0.6406060030722097,5,63.24323492684733
1,0.9620745001681474,4,42.743845759752794
4,0.633318841952023,5,65.39323385610837
2,0.6622063634940678,2,59.06471450499958
2,0.7874864985435559,5,75.05371940514696
2,0.6249611556073311,2,65.31057291442782
2,0.5689031625571785,2,63.4527138391599
0,0.9769796850735786,4,27.525973825923785
4,0.5000661218570844,1,33.762078443623
2,0.7092725682414789,5,84.05245313256755
4,0.8908223165511064,1,14.970974278380753
2,0.7801568305125635,2,54.86925504218513
4,0.7918248309041911,5,59.259249186105194
3,0.5934257623587214,4,75.49319819984262
4,0.8720428692758526,3,31.81518239523297
2,0.8552627373909827,5,72.60276127973007
4,0.6120475022505385,2,44.21663152627343
0,0.588452527413711,1,34.138656505161165
0,0.90721023968541,3,41.86709765821528
3,0.7191317504438988,1,49.77728671551158
3,0.5729316948306806,2,56.04795504713767
3,0.4120551730542964,2,58.008727361374596
1,0.8504988974567151,1,27.855336646624302
3,0.9348396456350716,2,39.82869902944454
1,0.7136795206133169,4,55.98073870594306
3,0.9675834886014666,4,53.14438610628878
1,0.677493461302384,2,32.314958402209996
4,0.4464532680993022,1,42.44197198041035
0,0.9027250280427273,3,26.71872844014908
2,0.4130332230064008,4,84.104549828627
2,0.43739732319947366,4,98.57472135250077
2,0.9373351431413077,3,55.185018057419796
2,0.6390864470699357,5,92.2898477406573
2,0.7138753275608465,5,84.69078997066799
2,0.8853015980365682,5,73.35981700006128
4,0.6971630927671384,1,31.80246858629384
3,0.48448883430889134,2,63.208840283791375
0,0.5827938832994547,4,52.15048855502937
2,0.8054080048097716,2,58.670760737807825
4,0.9917823745830198,4,37.784662096072665
4,0.955525347008732,3,29.21864032099465
3,0.8738693576735349,5,63.11455495863556
4,0.8095731596053242,1,26.314920253203287
1,0.505434763788574,3,56.92200583991584
1,0.43292684607358023,4,64.96608018068602
2,0.8862701591010049,2,51.806425289377096
4,0.7720724857422483,4,50.09923480202123
1,0.5983904690578926,5,64.91236325489172
0,0.5684110424754382,2,44.86960059646746
2,0.8906274591445023,5,72.69660779471906
3,0.5678013138730441,3,58.87347522705992
1,0.7262487115409295,5,55.21494427753258
0,0.4459643737482377,5,67.6089373167467
3,0.7430947412592361,5,76.41385364594973
4,0.8302301542964878,3,40.35960783940378
1,0.4463574135364141,1,39.688872501111135
1,0.5479498597616062,2,48.73426245409553
4,0.5131521411212357,1,31.09378432145942
0,0.5192312886521246,3,48.827643783589934
4,0.7566147703733008,1,19.08303250250913
3,0.46979856407374754,1,59.26681992692563
0,0.81368939701603,1,21.507469237089165
2,0.557907443858779,2,69.099076930012
0,0.5619408924200365,2,43.206072153014496
3,0.5356301619818049,2,57.421159414157884
3,0.5399580119660952,2,58.53539611265479
1,0.5149568901168529,3,55.67850321150806
2,0.44192695377878344,5,96.22253731851903
4,0.6097381607376586,4,49.16349880631072
2,0.6899294999595622,4,75.18584988781161
1,0.9615643923975118,2,20.178684423523304
1,0.8550169110860877,3,32.99256569505797
1,0.7910745150666211,5,53.13766677745366
1,0.5076440637845199,4,66.68028839105156
2,0.7279860652779523,2,63.442387609417736
2,0.9884291429059413,2,42.16013724817264
0,0.922782534553616,3,33.325344996109465
0,0.5462340819653195,4,53.45598917271203
0,0.7224919281907365,4,46.33735720011464
3,0.7290669531477234,1,36.449185282699744
1,0.46117308788252453,4,65.47704617284428
3,0.9614203032084386,3,46.04195225931003
4,0.7398244611631479,2,31.536197597753112
4,0.4531631406332306,5,71.46789567766011
0,0.6639918039923034,4,51.26722932202324
1,0.6406634335000424,1,30.10306092828945
1,0.7372486917535523,1,21.067587893987547
2,0.7609641595429594,4,73.85026748763303
3,0.4497691438357956,1,53.80172479078268
2,0.7333562490527689,2,54.78828212993626
1,0.6384578398868894,1,29.256359889766582
2,0.5647721016591233,5,94.48618928622355
3,0.848541250929624,5,65.94202556582594
3,0.8462409080197882,5,70.04559236702075
0,0.8959751906069587,1,22.145076331948058
1,0.6615416842729049,5,56.38904121944493
3,0.498559264969032,1,50.77620775581372
0,0.555601699994882,5,69.64512590221038
3,0.7645155238480614,2,47.68121332343436
4,0.5211152512513738,5,71.35890201759815
3,0.9604254769053002,2,39.45958707413442
1,0.5312327444727963,1,40.53702616025929
4,0.9292709624928149,5,44.18033947329704
2,0.8272363537719294,1,44.8798799275125
4,0.8476104494860172,1,16.2954511899529
2,0.8586915663178518,4,66.33240208631568
1,0.7009111261733696,3,44.59503473016002
1,0.5573928855800072,5,67.72454301508934
4,0.583988801402636,4,54.37494153517102
1,0.8502759768253221,3,30.60093751252483
4,0.8040740934641406,5,56.080285074963285
3,0.49687795421937764,2,61.03214921931751
1,0.8545011258615335,3,34.07884633668597
0,0.9704774609680858,1,21.03519655792892
3,0.5724328084548759,2,57.96407125645794
3,0.904809679335078,1,32.289811472895856
3,0.6669860280852489,2,49.977293633006575
2,0.6010513125790884,4,81.42045087012326
0,0.8844556169016801,4,46.08878457322385
3,0.9359981834976897,1,35.43002736554681
3,0.6637954839587217,2,51.96591777166371
1,0.667395999037512,2,42.986753707471365
4,0.7927778969839614,2,23.233176432864788
3,0.45502455700545685,4,80.96895472206361
2,0.8425805585935564,3,67.67339378771118
0,0.4563855584433702,5,71.94924805220978
0,0.586220053807063,2,38.53491726452001
1,0.621749532389583,4,52.168673549087046
0,0.6863709624142224,3,42.5814306965878
4,0.9001767779033675,4,38.93461864617406
1,0.7246832422501436,2,31.024964558236153
2,0.5492237841695736,3,79.37654087426385
0,0.8985993676097657,4,43.44545883184788
0,0.43091509480262635,3,55.9972625061012
2,0.6797281835432025,2,55.06342589326311
0,0.84605501977504,2,31.962713514621903
2,0.842508857231328,5,77.23222832024564
1,0.7801004015897792,3,40.29494437324476
0,0.7372690602842067,2,38.47478975821417
3,0.9833702442735941,4,56.79853567333903
4,0.9493147256559612,4,39.83524290101709
4,0.48395535586642946,1,41.40473493355297
2,0.5093463263057402,1,59.504790732693756
0,0.5622914550079001,1,33.67171848341884
2,0.5537652537836727,3,69.76094253471518
3,0.699585595093595,1,40.59296510233236
0,0.892146869513309,3,38.37993577960084
0,0.8967414853596253,5,51.59529146787317
2,0.6191852606895736,3,65.35775967824185
4,0.8619824529671181,5,51.25929948773275
4,0.6335069575033736,4,51.175789959500655
1,0.7509340958653543,2,29.546630736220923
4,0.6628568265857617,5,64.97458043097642
0,0.8478565448485466,2,30.10307270766088
0,0.4707952995741313,3,44.900020539240046
1,0.6558729004023038,2,38.26151018305919
2,0.7030535277430299,4,71.22419777360165
1,0.5062051457269384,1,39.76626155705518
4,0.679886287369291,2,36.497306399482774
2,0.4406131085481,1,63.61536611206566
4,0.9959340960236744,4,32.76440747281199
2,0.912902603604218,4,61.44686570157984
2,0.6395000277328617,4,77.67949334214899
3,0.5950539178192394,4,69.96208811231533
3,0.9555369921107457,1,35.35220700172896
0,0.6351233676680064,1,28.036911717229305
1,0.5524026332509118,3,49.87552470038517
0,0.9032612124792058,5,47.095317123870494
3,0.5776062385474222,2,60.085900103846015
1,0.5173318293732928,4,60.72333433530562
1,0.7684530689584892,1,18.045282550815646
4,0.7442848675188294,4,48.34396334440497
4,0.779081139132143,3,46.82584238948009
3,0.6120081197439842,3,65.93079777560071
4,0.4501771001539915,3,54.168171236341394
1,0.8857869581075548,3,33.589138655302406
3,0.6904453483261499,3,59.88860343971722
3,0.42881246199368384,4,83.40757941543933
0,0.8413788498570591,3,40.757617591340605
2,0.450447411080191,1,75.29989092062743
1,0.60437497431171,4,55.282732681609005
1,0.6568748702476566,2,33.45594915845228
0,0.4036464532943634,4,72.69574191631574
4,0.612139807158006,4,59.374011454431034
3,0.48216418440240894,4,78.19182384990948
0,0.5785704426593801,2,41.81871320706728
1,0.8996799111429228,1,13.375672133814035
0,0.9488910725622609,3,31.440680334178346
1,0.8609001727937677,1,19.6121052529298
4,0.57290324540276,1,34.58432026666729
4,0.43036652952969806,5,71.72613485468378
0,0.619416466631485,1,29.307458226444638
4,0.670134161000081,1,33.63366067903212
4,0.7404343427155979,4,45.891056645391956
0,0.9554742131106739,1,16.080163251679135
2,0.9849141383432195,5,73.1542703979831
0,0.6930473103735237,2,38.42541713177998
3,0.8806300048010102,3,46.98199236958476
0,0.48210209141478677,5,70.68548534719694
2,0.8789647635014993,2,50.490667759465644
1,0.6224735559595916,3,41.9333867248282
3,0.8586274624712622,4,58.5254070072729
4,0.6425668920112937,4,54.63126110253804
0,0.9640917640898559,2,19.096612995704493
4,0.5895686854962207,2,37.92430026554968
1,0.9864783574666535,5,55.22585314824945
4,0.5250935234613964,1,36.48669579727892
1,0.7682883744435836,4,46.86691226977837
3,0.9872842046867363,2,38.25569479846022
3,0.7945819658921804,1,38.334233619488714
1,0.7326252831747646,4,55.76402359263185
4,0.7990111965262623,4,50.735023844648495
1,0.4222778479129248,1,44.5398731499977
4,0.6340349809827626,2,48.24644265986125
4,0.7742630842136342,5,56.986961209196416
3,0.8523455332763659,1,35.170076621291734
0,0.6600207642038189,2,41.60513813103735
2,0.657327341157129,4,81.97042957159535
3,0.6195264156672522,5,76.774724768506
2,0.8128811624830343,1,47.49656833088981
3,0.7684438623762709,3,49.23446151632658
1,0.7010217574103832,5,55.703401003214935
2,0.43477915192423405,2,66.79711503131277
1,0.8133774374212037,4,44.293725469979655
4,0.5976033438156121,2,40.3679693113588
2,0.5859827740636135,4,82.93853431460107
0,0.6468753172459792,4,55.80056960396735
1,0.40124891664364554,1,46.95927780349449
2,0.647431861582395,2,62.07891151560873
4,0.7941351637096198,4,45.47980443433649
2,0.9219728058524078,1,36.32086748862907
3,0.9074737346548395,5,61.7257986159242
4,0.49570656171069194,4,65.92554561620436
3,0.6970190768609914,5,77.57850387702763
3,0.4411117861512517,2,62.77573682703802
0,0.7449870745594844,2,29.18754619449743
0,0.5856440837547485,1,29.895133915571
1,0.876168968187496,1,20.436108542723396
0,0.4067294370161482,1,47.64180542345996
4,0.40285346442822306,4,63.94296085529357
1,0.48854642488633687,4,59.67083225747542
2,0.8572908135488038,4,63.66276989590443
4,0.8420169795563426,2,26.79602742531135
3,0.5321171041478084,5,79.57831577167512
2,0.7155158352199986,1,47.70444636648223
1,0.42267664121267523,4,69.14902099545074
4,0.5290327285597282,4,59.79543460470625
3,0.5843135236314979,3,67.73850122786685
3,0.8858584091787128,1,34.80512747591788
4,0.835784726451979,3,44.770150335271666
4,0.8149433455642553,5,60.07847742664353
2,0.7495553005946056,5,79.72052281069385
2,0.8344887379857454,2,54.97586958875771
2,0.8440396536871533,4,66.19698339645869
4,0.8777407478913075,4,41.52369007046347
1,0.8943651454098775,5,49.03304217171799
4,0.555244142258223,3,53.31072271539824
4,0.7656753066892593,5,57.47245935360784
1,0.7956714317665802,3,41.02316520222098
4,0.8139751013673118,5,50.802951933731855
1,0.9335185813648127,2,17.227320884516832
1,0.6571642243408704,2,34.11334569230039
3,0.9978912531446865,4,56.63854377737297
4,0.7005247418218201,2,40.24382214028991
4,0.9932739521249604,1,16.81349870821733
4,0.7920474517118765,4,53.060942166352824
1,0.5384274509820925,5,73.40870046251162
0,0.6783710052996847,2,40.04667008579035
4,0.9920623336719325,2,21.493289011318197
0,0.8275730240037079,5,59.164261521698656
3,0.42537119260944567,5,90.8318735937825
4,0.6150345361780583,3,49.01123155757728
3,0.7645707984037722,1,38.387721312313985
0,0.8721801141728571,1,17.51720651431817
3,0.6538125005920696,1,45.217674004896224
3,0.7085029315544555,4,67.28053428697757
4,0.45777859195843057,2,47.25762018906311
3,0.8678308988315929,4,63.346207263443745
2,0.4450128982708824,1,58.511219480620866
1,0.596083473824923,1,27.65743550712832
4,0.7166874014116511,5,66.6570924874059
4,0.4606326155485692,4,67.90774408567654
3,0.8843157322739197,3,48.08801582985323
1,0.9027846130793019,3,31.75299961601786
4,0.5657909074316186,4,58.72348496600447
3,0.5513907655329462,5,78.0920889570306
3,0.6904189070735465,2,51.04432001164879
1,0.9458834328147621,1,11.477717885399043
2,0.5850916346671136,4,84.12605012230513
1,0.47831099699514723,4,70.60913463572953
4,0.8023873758366427,5,55.141396215850165
4,0.659895439090993,5,63.62990443566601
0,0.8496322139844672,3,34.941010651118674
4,0.513251928275549,2,42.78018244261817
2,0.5362233465920432,4,84.56210047721227
2,0.5096451462681668,1,58.24535339689783
0,0.7545807330075325,3,39.58879882921365
0,0.9198511902846713,5,45.57439632993211
3,0.7733964634946027,3,46.40049773841331
2,0.8125537175682441,1,52.18788713785175
4,0.8734252193857772,1,19.951601693603767
1,0.4064272797936691,5,75.88230378302914
3,0.7510241222890335,4,64.12825293284021
4,0.6787274041165554,4,50.08937840790737
0,0.8532374565322219,5,51.557514957360794
0,0.5003832872763884,2,40.05830405916311
1,0.4350648089826008,3,51.73171226186679
2,0.4099078598420885,3,79.40664295089141
1,0.6657261356934273,5,65.39461458654732
4,0.814036307586253,2,26.585682087178036
3,0.590930998488479,5,78.56053193994867
3,0.9883121969255243,4,55.50792616513136
1,0.566124334726907,3,45.06670343272522
2,0.7211127045098611,4,75.74273298574198
2,0.9571114506723806,3,48.661620115513884
2,0.8868274655059734,3,56.98115835507385
1,0.6202382513195345,5,59.10994795130926
2,0.7262313664109667,1,47.03782912125615
2,0.44609394713835143,1,59.047237064925824
2,0.40475010345082146,5,96.47202607092352
2,0.7605953850897983,4,70.23972024158716
0,0.8780055096345858,4,43.26607923211658
2,0.4849022534887662,4,84.22903225934958
1,0.5504250768164517,4,68.95449057981821
3,0.657033883519115,1,47.96208529624127
4,0.8380296269399599,5,49.75323395193783
0,0.5669436297596057,5,62.88699793897108
4,0.7558103267248293,5,58.65622623105391
1,0.8608822200744327,1,25.358469333788875
4,0.8387081950758076,3,48.15872728293175
1,0.8538141838957781,3,33.87376209057475
3,0.6025052456413913,2,56.51810423048402
4,0.5916577992117387,2,38.391896291176096
1,0.8426609561368571,5,56.36038139324395
4,0.5450767226226833,4,58.7147587912597
4,0.9104310288395994,5,47.28818701812135
0,0.6874118938727728,1,27.35545597534272
1,0.6568483689426807,3,40.95539056712566
1,0.5033305883919038,1,39.111683552826975
1,0.4735374032914656,1,46.18130896247854
2,0.6290735199202604,5,86.16284778666655
0,0.9244198167091281,5,46.01317550048741
1,0.7056581346636588,4,41.93174884060633
4,0.5025323778119647,3,51.04857611423018
1,0.45216098860670423,4,61.88896852916064
0,0.4774653663160944,4,64.518853957283
0,0.9738740912097602,2,20.959850902129812
0,0.855675935924522,5,55.513738645034
4,0.41529139202124093,3,56.955657575286565
2,0.45125731421145526,1,66.34723257077684
2,0.6200692795126174,2,60.99326345612563
1,0.4171979477854652,2,54.18088728908717
4,0.6295248183693923,5,63.62452284056695
3,0.47872421158326306,1,48.049493732006525
3,0.8442698684293296,4,62.3743763539253
1,0.6239595386732621,5,59.17524422979527
1,0.5751613761803339,5,68.61075828858652
0,0.770689883690704,2,36.325031219936776
0,0.8814198208207326,5,45.99457673100594
1,0.41791504006813285,1,41.97567530665935
3,0.983983832875549,1,19.93925467589465
1,0.956851127397147,2,24.38831216492293
4,0.540253228827061,4,57.93529285142689
2,0.44533441413496655,5,92.12211915839994
1,0.8265444124726373,3,35.70519089561661
4,0.812318052532808,5,62.633093632813825
4,0.9811215389117321,5,49.95186133855755
4,0.45078352690071366,1,40.90579516534306
0,0.4647499815930715,1,43.77503966988506
0,0.7354917110812076,1,24.860417043592097
3,0.437502512314756,2,64.47430287510842
1,0.6594049839568406,4,55.837725707318356
2,0.46936943523166713,2,69.074995888763
1,0.771662600102744,4,47.35363874498388
2,0.519939403850274,2,65.3366171994183
1,0.8274294285190813,2,27.619425588086735
4,0.6403763288159725,5,57.88985711167055
4,0.45148997281236175,3,50.64528326353394
3,0.5168003693992953,4,72.15857840143734
2,0.7379385738437376,4,66.7216010683631
1,0.9487443497702819,4,40.19568502070909
0,0.7306205272835249,1,25.33616586238992
3,0.805623616443671,3,51.62172425969695
1,0.8579828804344845,3,37.826163765326875
2,0.41060649137744415,2,74.80058125600567
4,0.47233351511137384,4,60.52416094653329
0,0.857156916975647,4,41.23430070916148
3,0.4397198476731489,3,64.67321270356884
1,0.7640344707993891,4,44.15122009050532
3,0.43306380369205044,5,79.12069691023753
1,0.4851599081500496,5,64.50909593975787
2,0.5299131782740569,2,67.33327228354905
2,0.5161867979359729,4,84.42787826986398
4,0.7631273343111311,1,21.1723828396574
4,0.5369845598415247,5,71.79196931210154
3,0.8891930882770487,2,42.37625343122229
3,0.5072756097356739,5,82.1174944280177
2,0.6130702440682666,5,87.59812838667655
3,0.8780224116926998,4,53.480605103081466
1,0.5319798675664199,1,35.88513058176001
1,0.8238835073580593,4,44.155376041530104
1,0.44063286697307436,5,67.24186247338625
1,0.7056663258476994,5,55.096559444368424
4,0.9318012229867718,3,30.514467850665532
2,0.466970649786007,3,78.46877577168884
0,0.5500647898491535,4,63.69331564009896
2,0.9576699881025257,3,61.20121325139352
3,0.8729892277159845,3,44.62154324520867
2,0.9037074593061205,3,66.34432568803258
2,0.9581357352083675,5,72.96494557666026
4,0.5214908075844248,4,58.0300396849248
3,0.8806089735370436,4,61.20268637112449
1,0.42746986123477154,1,35.5765978366542
4,0.836206233643741,2,39.20057538053567
2,0.5135991490773473,4,83.62052208273855
0,0.9255507209157984,5,49.06524125730921
3,0.6424486488547209,5,81.11484532532998
1,0.8366137016088904,5,56.384978879165594
2,0.4310116175149476,1,62.9870665244969
1,0.7126340941898879,3,49.63502386309546
1,0.4251547375115697,4,60.31021928094831
1,0.49933654508648084,3,52.238297399318384
4,0.562151542538105,4,66.7574520952948
3,0.6992195363623414,3,56.183589189088934
4,0.906969605093609,4,35.74353637362299
4,0.5541314718780205,1,34.591131058600446
3,0.8151057157943541,1,37.25815021313436
2,0.7294172496444773,5,79.88445386986866
0,0.47483549648609613,1,40.40230808818794
2,0.491336265489917,5,94.7955449692173
3,0.8888221616086937,3,53.55056276908576
3,0.5607857486114214,2,57.669582575114966
4,0.7389050684609744,5,55.36202357295015
3,0.965607279123231,1,24.82525709143943
2,0.8835841006319226,1,45.33884243213264
0,0.6055972781133476,4,51.9045794188529
3,0.7442867010521378,3,59.496067498979954
1,0.8615725044073028,5,52.998872504805604
2,0.8875695550574987,5,76.9376519650925
3,0.7986400847421469,1,35.863186137125005
3,0.5116401957585579,2,58.93201884043415
4,0.7480234412858777,4,45.47287864481347
1,0.4334369159536559,2,43.76690088884844
3,0.7104593357403584,4,70.21778631728677
4,0.9141854819289761,3,35.682232456960975
1,0.7703547137634981,4,50.482510750125954
2,0.688029898992715,5,90.90295030247395
0,0.4032080617974203,4,70.36215299169226
3,0.599510138902969,4,63.748961959481385
3,0.947573039765449,1,36.851324456182425
4,0.6757359080545449,5,64.16826660218564
4,0.8862247041488294,1,24.417447439515854
1,0.72826165270574,3,40.178402677133896
4,0.7486199920172597,2,29.756117087218037
3,0.8886408175870527,5,67.70075164324463
4,0.6052134805421674,5,59.7601450099958
3,0.7386720617247473,1,39.43083955611438
0,0.7844163347217439,5,61.39898559101128
4,0.5062829883248919,2,49.55225598838071
2,0.48332129489001247,2,70.92875465248085
2,0.5066264825931932,2,75.84101781336908
1,0.6813219017572056,5,66.12125867450843
2,0.46404680831286294,2,71.77468747197454
4,0.7612961860600245,2,36.45240369510691
1,0.977528113676003,3,31.561162061084445
4,0.45781572640965623,4,64.15163876284083
0,0.956019598277537,3,32.81752491015565
3,0.7573413493436824,1,44.1920754055742
4,0.7569289463046918,3,45.24660083012942
2,0.757525076983197,4,73.36108990272153
2,0.5247703850004729,5,103.66715240662163
1,0.7505929288877433,5,52.174692207423
1,0.6437833056598744,5,58.75681341468911
2,0.5485266197119101,5,86.52873049071124
4,0.927876922865615,1,15.841565795231137
4,0.6415081915720895,2,39.10633403514616
4,0.5081165301799704,4,58.69854169758947
2,0.8816563608130011,1,47.86006845792982
3,0.7381869312630569,2,41.94143151811133
3,0.4544316656443224,1,50.24316821970804
0,0.9322512134259823,3,30.516131995862768
2,0.6843795210808377,3,71.40713063719713
2,0.48163312910576445,2,73.08637500855403
4,0.8130211523491644,1,22.425120194950097
0,0.9602506087895856,1,11.7665770175712
3,0.9656419990690692,2,41.0233107477504
4,0.47015998068226567,5,67.34912346299897
0,0.4104268183729039,2,50.27769036202437
4,0.730651555266421,1,24.307930480250498
4,0.6996435179366443,5,59.397077631261155
3,0.7805617089502892,2,46.58435135435908
1,0.43012209844634014,4,64.90773510121463
1,0.9357767859757481,3,32.28638696015077
2,0.5069740781000728,2,68.79915186869542
0,0.8174066275410012,3,42.12919997607176
4,0.41323936699140434,1,39.10779758507531
3,0.4039955799327884,5,84.99858734938472
3,0.8557439772982709,2,37.70465478705455
2,0.47924499664179787,2,70.13906648897253
2,0.7629371569153819,5,79.34918071182115
1,0.6349213212361571,5,61.43128514099203
3,0.9694796910043875,2,37.35530823163389
1,0.4022193294590328,1,41.836461513696406
3,0.7695631347855159,2,41.59199682503292
0,0.9669368494838088,5,46.7933438438222
4,0.4050874855650565,4,64.31477863208656
3,0.8502414380412644,3,48.38359502412063
0,0.7929465676347975,3,44.78129033855674
4,0.5053806955883784,4,63.9316392768403
4,0.8772882533940933,4,36.84722135500922
4,0.6137524319227352,2,35.759222460244864
4,0.7618109645531709,1,22.875029268223575
1,0.530777713061176,3,54.00672297692239
3,0.7849106091019582,5,66.49958591165355
2,0.5500858493614615,3,73.23603049454508
0,0.9771664510058694,4,38.00181782256293
4,0.5681951630592259,1,31.686496995881882
0,0.4472108805933438,3,60.539808187752655
1,0.6415805361480175,2,40.3709842345889
1,0.9617535841270813,4,35.744719004154575
0,0.47903360416016977,1,48.17674874383023
2,0.5461617811198828,2,62.57757277822255
0,0.679533917736082,4,48.59143149104146
0,0.8137682492912137,3,41.062446762851614
3,0.710602803151444,1,43.7343670907132
3,0.9403830140111373,3,44.9974955487183
0,0.8132252041480694,2,30.80924683555978
1,0.890500393206461,5,53.877125341900296
3,0.48861866634367235,4,72.47308450189654
4,0.9912213914474245,4,41.22170811250394
0,0.837742932456085,1,24.848373515900175
1,0.9838774937464213,5,51.68281835699799
3,0.8679270886126118,3,55.15383104204217
3,0.595076263926161,2,53.981049369982124
0,0.792148184096716,1,23.26153582477273
3,0.6624067859384046,1,47.15112885311784
3,0.49080455470776696,2,57.751787091942354
1,0.9190604777209154,3,31.375888943285936
2,0.9683067818152231,3,49.39173752989169
1,0.5442365298166257,4,55.93899799834054
3,0.4459047876082715,2,63.09377668039765
1,0.4808284520978132,2,44.40505489744986
3,0.7363594701842326,2,50.10268385816266
1,0.4392464713674249,5,76.7776625657198
0,0.9283274982590304,2,27.358932868179675
3,0.7482039494787527,3,55.44940375015547
3,0.9451152856936136,3,46.24902232045494
4,0.43144020877184963,3,56.40947013119507
4,0.6738239495654044,5,61.45882927035141
4,0.7456719902639173,4,50.43168198609074
1,0.48342397066395304,3,55.888322098718156
4,0.8693355649166024,1,16.769366624895184
4,0.5300158812375715,5,62.34689585413154
0,0.41764327160976367,4,66.06125556257565
0,0.669239362770446,3,49.47397310596091
0,0.6423783796472794,1,33.827745133656535
2,0.5277201065120725,2,68.16032482699404
1,0.5478991833851206,1,32.233815110938664
1,0.7362075310693136,1,21.437694499984705
1,0.8009311298525181,2,32.079021435327085
0,0.9928072246616328,2,27.75344190635236
2,0.6593774919924997,2,63.83054371788531
4,0.6666128690574717,3,47.59363666189517
2,0.7693353696415577,2,54.856284378580426
4,0.9680068564565545,5,50.45376899784396
2,0.4286423696509558,5,93.25962641629842
4,0.7242874001386062,2,40.63622059545673
4,0.6979589782717536,1,30.25122813230697
2,0.4129788126606905,5,102.12900362293607
3,0.4322214491470304,5,88.86667385387588
1,0.7903101660580294,4,48.952149597707496
3,0.9511496925589249,1,33.193237953780674
3,0.7784248951530262,5,75.10374594396461
4,0.8123030396511326,1,23.641138615301138
1,0.8373464198299372,3,37.03026558256182
1,0.6960205749482049,3,37.41300247931062
4,0.456060983524927,3,62.25669570781802
3,0.4416083772534904,4,78.79793275014993
1,0.6541946701740444,4,54.68852644749952
3,0.5298213223711492,2,60.125600850915205
3,0.994864714022562,3,42.832264557864285
3,0.895937605186897,4,62.45422921633893
0,0.6677756569462425,4,51.562259529774394
2,0.9800812663403972,1,32.80728047121502
1,0.9089748977531796,2,21.52572661348386
3,0.4587601148001461,5,80.52721020938745
4,0.40069072483329515,5,78.06278851927121
3,0.9738909230494475,1,38.47878055684266
0,0.5265427654088092,5,62.12742363055072
3,0.5620518053950891,1,46.127966511260404
2,0.8290078505502114,5,74.36805337602279
2,0.7140118759832162,3,63.22305418487621
0,0.8936267200852445,4,42.329273445413605
4,0.512586366438547,3,51.039624774921684
2,0.884926439756347,3,56.40200310567693
1,0.5390208908350074,5,72.56631598278375
4,0.6295869243864353,1,32.08638689359669
3,0.9513316341230247,5,65.5442099613738
0,0.5242978974375248,4,59.243897109521036
0,0.9011820704396699,1,12.240724555179256
4,0.4900814521609585,2,41.74233693951879
0,0.9142754465925746,3,37.82806353533987
3,0.6209003241689123,3,58.2964370188251
4,0.7303365683175822,5,57.28671462817232
4,0.5447501923150646,5,71.18022101435618
2,0.9914287809774638,1,36.32130820087392
1,0.5105678317228948,2,49.37598628071961
1,0.40322654573376276,1,48.55373756003744
4,0.4257142708100136,2,52.557627054622685
3,0.9394448656664599,2,36.22261547102401
3,0.40671275675272706,4,90.5146621140758
0,0.630635632033784,4,48.896352031972505
3,0.8344021866392566,4,53.865118686376015
1,0.6847177550716802,1,29.39564996667102
4,0.42446608056312646,3,53.878257380517
4,0.7870980983877054,4,47.46776980899352
0,0.86833350574334,1,13.423802700257678
3,0.4429811576695907,2,65.90371819531562
1,0.8255861823115088,1,21.25172829900612
4,0.5469020053858004,4,64.39477451796975
3,0.6494286876982245,1,46.696340148895054
2,0.8013395149042701,1,46.99042132012125
4,0.5683272957383043,3,45.84780377133873
4,0.8349627169049403,3,35.74585772344029
0,0.5172380210669656,4,58.106949596352365
4,0.4901095254528179,4,60.56292299514007
4,0.9285243247320404,4,41.149953582288326
1,0.4475386123124808,2,45.6899037545397
0,0.9674407511221197,4,40.147059441196035
0,0.9643523675067248,2,18.647805619636046
2,0.8351312113036443,3,59.46460968367579
2,0.626977776172559,2,63.88984044518697
4,0.47408209639030935,3,52.57757255366404
3,0.8945848071717115,3,53.01097235312268
3,0.9897242827854434,4,58.49633622273059
1,0.4973079134300148,5,67.60815062192697
1,0.9935827618020097,5,43.74916336846162
3,0.8297403463042965,3,50.98172161036764
1,0.5156770120908423,4,61.161551717326006
1,0.4666999430276414,5,71.31960516978793
2,0.7329595875842578,4,75.30192598652978
1,0.8482445946059285,2,29.28543091543385
1,0.6894842645679108,4,54.12605485708342
3,0.5906620978368343,5,80.43415332758877
2,0.8167539082293152,4,74.38514732915209
2,0.8615035003222087,4,68.9444647588101
0,0.5456256238131164,1,35.15341803346282
4,0.513183153465831,2,42.325874955204675
0,0.9450961409639258,4,37.04899734185777
1,0.9969127422480969,3,31.34432203972787
2,0.6148811314753385,5,85.19360627110979
2,0.8445128225012184,5,82.31435272022033
3,0.8405546842379945,4,62.667055170409164
4,0.5293960873421677,5,64.67968947626765
4,0.5094994177037945,5,71.49807785413252
3,0.7525356543073383,5,75.87321829813162
1,0.5483609096812634,3,52.00172718328048
1,0.4403691585230806,3,58.51322805492653
3,0.7786136204673866,1,35.621011331495154
0,0.9914487314141545,1,13.441923608309859
0,0.6790977685490946,5,54.84626007975465
2,0.9988793133822257,4,73.74493799156795
4,0.6899263794048085,3,47.19983021183967
3,0.44118200964542276,2,67.72034264921672
3,0.6162353795207495,1,50.80943376253614
4,0.8654163239902417,3,31.773610122421534
3,0.6683183208139328,3,61.15258811829549
4,0.8398901393852636,2,26.11219578555736
1,0.7482307165842331,1,25.31976010706398
2,0.5392604698765477,5,85.6941281482134
4,0.41576893388972264,3,52.34696500564129
2,0.9180112954169113,3,55.28357895291903
0,0.5127199306165078,3,53.33126577089084
2,0.8967437121002264,3,65.61228325297613
3,0.4830764035248033,3,68.51621606241544
1,0.9503222452297542,3,30.664926955999228
2,0.5949729832915971,1,60.63428336239812
4,0.7285613303616614,3,37.064718488259714
3,0.6495760172742904,3,64.71324412423346
2,0.8323684144973615,3,60.19996780396795
3,0.7008978022764181,1,45.46103296843971
4,0.6734832832036362,5,56.11540691239622
3,0.6158168809568697,4,67.16780623282887
4,0.7862120958008165,2,32.11581463579416
3,0.5776629427549402,1,46.22910662629726
4,0.8124006599204658,5,57.24681903951267
0,0.7608897788611647,3,45.17808591992947
4,0.7177504767229821,4,50.43729316585177
0,0.8021721030465214,1,19.762106401233837
3,0.9739051191852158,3,46.886576460265424
1,0.7113138152362242,5,63.465929758190974
0,0.5836600489036402,1,37.54938297056253
0,0.7912587087813208,4,50.829977105512
0,0.6207264815726851,5,61.44982069158236
0,0.7042123918921264,3,37.61705457255089
1,0.9071156518156969,5,49.14606801873192
4,0.6512560440318196,3,43.246459583661476
4,0.8605401499392576,2,19.085016838293395
3,0.42547654754451353,3,71.95740049480604
0,0.48247126604694845,2,51.725692503853494
0,0.8462813910845162,1,16.728355476083856
3,0.6834219698714514,2,51.47919833701625
0,0.40154992045127513,2,43.621418724786146
4,0.5089845130041697,4,63.32965355918806
3,0.8908177771905039,4,58.398004740682794
2,0.8042873381431821,1,50.469514482512835
1,0.4113344808282202,1,40.15414994192081
3,0.6818343880838968,4,69.73507318479815
4,0.6482786023107636,1,35.33833275534584
2,0.8356567789144642,3,62.20277290158707
3,0.8502205423275947,1,38.120598148096995
2,0.6418844977482245,4,78.52860208445574
3,0.9782761459148873,3,41.10920395263701
0,0.7303522305736228,2,36.23295171648304
3,0.7302489946595303,3,60.89618597282926
0,0.9436383588109087,4,44.751160156744525
3,0.9346213021430678,1,27.270453675780452
1,0.7099181986295696,4,49.626200241824016
1,0.9278227706138436,1,15.262421046614499
3,0.8833804115428194,2,39.12642577031673
2,0.46278701090115903,1,62.54792897767124
0,0.5770871347786,3,51.22981888927212
0,0.677702585974878,5,59.79878958666413
0,0.5635882713555411,3,49.89760504454261
2,0.7359175335496637,4,73.00420878609435
2,0.5468941237636488,4,86.39899957750211
0,0.7465387141278373,2,27.280549225006364
3,0.5280388997996502,5,79.01525438916563
1,0.5371815973744071,5,72.54616248217692
3,0.6748026268247382,4,77.68064328140935
3,0.6758358320436921,1,42.771705867122
3,0.8925819033297187,1,30.499188173513527
0,0.7070894259905625,5,56.901761451574565
0,0.8862905538096881,5,46.10544349729506
0,0.899206149979079,5,46.37581002480247
4,0.760815466320989,5,60.20351573860979
0,0.8088891325161089,4,53.689257576771666
4,0.7204560740315804,1,32.76956891197048
0,0.5804548696141332,2,41.71503837852296
1,0.4829063452103207,2,48.89747376831988
0,0.6818509486472992,1,27.231585180989857
4,0.8254669728544071,3,35.69384000010683
4,0.5087767603536509,5,72.58209676204163
2,0.9957035379390913,5,69.03497323767935
3,0.5075424727383372,5,89.29611537950204
0,0.9720081629021937,3,30.655142386475738
4,0.6422349524696603,4,49.68325554807473
4,0.9967500302877129,1,15.244166771258794
3,0.8201562644784907,3,52.58808606630481
2,0.4959794889847156,3,72.18937009815157
2,0.5326839296024979,1,51.59715140367589
0,0.49642074421699744,4,69.15908768585184
1,0.46132103533864355,5,77.72385717244146
3,0.8396520405349617,1,32.966478748797876
1,0.6824611084355126,5,60.78347166358928
3,0.9228062872885212,3,54.3635259895438
3,0.4411823944064148,3,69.4162769769697
0,0.7195995774481118,1,19.440210013599152
4,0.9147845845127972,4,50.31518332815137
1,0.7401293445436209,2,39.706000639445406
2,0.8777812513325243,2,56.14340285821699
3,0.7488226584833668,3,52.82991089774307
0,0.7918902269486843,2,25.800504321316794
0,0.9294412778977799,5,50.544027392713
4,0.8517546545644452,2,31.083623767824047
0,0.7974850397779756,5,55.61297492662779
3,0.4427510392180717,1,49.7415258137026
0,0.808173633590575,5,56.621966581888415
0,0.8864822271890516,3,35.70028277668568
1,0.6467107242281436,5,65.40741849188247
4,0.5522163000958579,2,37.48090756770125
3,0.6336167540708788,5,81.59721017467702
3,0.4770134604993784,5,81.46089684380023
4,0.738281989565929,1,22.651934514246694
3,0.8442596058888111,5,68.36921643257938
2,0.9245718675571497,5,63.29922865966281
0,0.7094220570458905,2,31.634618427454814
0,0.8229026810278506,1,18.528145925633332
3,0.897748583570429,3,50.24387660256548
2,0.9340813897190321,2,41.882302392265686
0,0.9200537779139718,4,38.08757768991437
4,0.8435774411606849,1,22.882614258549836
0,0.5378734225832896,3,52.38362529664988
2,0.4179743200488374,1,68.7484045074331
2,0.7487773376361547,3,65.83185091331374
2,0.4866395548474227,3,82.11903516245425
4,0.8644225022919432,3,36.16872442132641
1,0.9536180934516231,3,33.10732258183718
4,0.46520902446256485,2,52.81803386538676
0,0.9217578195635091,4,46.84452763968588
4,0.9830077771368093,5,44.620045207946575
1,0.5873174326299572,1,28.081845544168083
1,0.5463370522692494,4,57.45149551863188
0,0.682608074379875,4,54.91132157799777
2,0.8438588687704246,3,63.78221509918936
4,0.4840071897540678,5,78.73685657716165
4,0.7792272839458023,2,32.36639245157985
1,0.7733921855421285,1,24.38664383207366
4,0.6115478484055428,1,31.99164881174142
0,0.4170436873434939,2,50.67420169792759
2,0.780249970054576,5,77.18321138097699
4,0.761339497149513,2,33.14776442110408
1,0.84479203600418,4,41.19709371576446
3,0.8419468461635606,1,37.77646376633465
3,0.4645564768104091,4,81.22526333980673
1,0.6844361722829477,3,38.09594253114274
1,0.8243501458684721,5,50.288446924506324
2,0.6107966494947601,3,83.67040867984669
4,0.5797281654227492,4,51.2311917895394
4,0.4768946767120613,4,61.652546855194906
3,0.8491866405755931,2,47.24343118692932
2,0.4511883355161948,3,75.64827794752833
4,0.5039811881478988,1,35.370673026246735
4,0.9984134882133888,5,48.95121406617751
1,0.8828741891874881,3,35.18707904591632
3,0.889386692681054,5,70.9278666810418
0,0.8434353594057509,4,40.268076570883956
4,0.7793596001683927,5,52.71240061148402
0,0.6283288004728722,5,64.29022321842272
1,0.7782345497178806,2,31.33003183314912
3,0.6005166858525616,1,46.333036004912984
3,0.42075442441032723,5,87.74067923484382
0,0.5702055158187207,5,64.78362596394189
3,0.5144846085946849,2,59.46381490053794
2,0.8692383820387168,5,71.07454197565612
4,0.5064516047412356,2,41.98689776719202
1,0.5600907226950942,5,56.53592753639852
1,0.6702040650670607,3,45.18673472465842
1,0.5617459174985352,4,58.62205531802881
1,0.543234696720513,5,66.00388273172274
1,0.7874143621611576,4,46.41730969398113
3,0.6503887077454962,1,45.12665109090087
1,0.9921673446545729,5,42.2513931117682
1,0.8501944471453396,5,46.02619059781393
2,0.9453606720813331,4,57.479231666843056
2,0.6240522139250613,3,69.95504824600512
0,0.9398352545439892,5,52.02843843566352
1,0.7162703995665441,3,41.15756783627779
0,0.9598488997311782,2,23.98776976530126
4,0.7160570680117184,5,57.44573547159973
4,0.8183176445298199,1,22.176178736308064
4,0.4202065292804377,3,52.230114376140655
3,0.531290399250747,3,60.493666693941236
3,0.5279411181559637,3,62.725442233463006
0,0.4479557198445372,5,68.63218638180916
0,0.7092853742645335,2,32.051863309648716
0,0.6365303552573718,5,62.795946145651335
2,0.6741448150664666,1,52.19903714968605
4,0.7032725383384113,2,32.67288743256828
1,0.9039792602390753,2,24.415927908402644
1,0.8948706492514887,3,27.19171922338788
2,0.7140299748802231,5,81.07557569256971
3,0.7492895877337573,2,43.809097613021876
1,0.4640754726499617,5,74.07682247740414
2,0.4605143891460419,4,83.93098498530193
3,0.7588599652982324,5,72.71982480390348
3,0.8084129557068811,5,65.41980717287638
3,0.6582057805678816,5,73.26433466474614
4,0.7818924022478755,1,34.12877058421209
0,0.995798117830537,3,29.39319495779329
1,0.6938264932006775,4,48.48570243490122
3,0.6122777112129245,5,79.36665317670972
2,0.45623837226083375,5,92.87471858476212
3,0.41553225688855333,5,86.28887746016396
1,0.6005680091081825,5,65.06180130635924
0,0.9485945875203003,5,49.610606977354415
1,0.6633364290908963,4,54.9818756152879
3,0.8871905467053999,2,37.439160548032916
3,0.9005414249367096,2,44.41162586818536
4,0.9477644381085794,4,41.463724001767034
2,0.5410466243414419,1,58.50564030002137
3,0.8607303845170076,3,53.76640330088238
0,0.94440363979539,1,18.306278165461926
3,0.4245297540781223,4,77.42685939507801
3,0.9908773177647642,4,61.06763161076022
3,0.7666470538300885,3,55.09323215797557
3,0.7201755128345069,4,68.45792129619728
3,0.7827964810134813,1,36.89268863699132
4,0.7807388121816903,4,41.36193393588593
2,0.6817496797396214,2,62.402437335757455
1,0.7225858484802681,1,24.589270097494328
2,0.6977035871690351,3,62.52373271826169
1,0.864562168944356,3,31.641691648195252
0,0.6439536996834613,3,41.54764640775622
0,0.48527440232783203,4,49.75979816100233
2,0.861996404717334,5,74.90642995806664
4,0.6481084386400134,2,35.697864540464096
0,0.768546107188971,1,26.848799451607928
1,0.6805121329218426,4,51.46151011632334
2,0.4222937036081813,2,71.24981298066325
2,0.8713454274274299,1,41.44037472448954
0,0.47979346508190696,2,51.99325793746118
3,0.6277048583038843,2,56.70701145323254
0,0.5528614412968024,4,59.67052457485456
0,0.5177039030352697,2,43.92745334531749
2,0.8610885713710752,5,80.84835715465033
1,0.8508298085729706,5,59.54676109147299
1,0.5323207819378191,2,41.511545869957565
4,0.845338168807551,2,30.351747540118495
3,0.8531589413307714,1,33.550442314506135
1,0.5666300149914526,1,33.506587802286184
1,0.5467844798939479,2,37.9772926581776
1,0.641594009061264,1,31.876571072046772
3,0.6154195318446807,5,78.81538659679488
0,0.976771328147109,2,19.4894378537886
2,0.6240388010212427,2,64.81448772171139
3,0.4227491020951337,1,58.28807778258962
3,0.4230238089808576,1,55.80014364589768
4,0.5739740266179559,5,62.34859530834458
3,0.4143498842844472,2,71.63182144210654
3,0.6453407626758567,5,85.51523986673847
3,0.5453443969919944,5,76.08382679341803
0,0.6229987561392478,2,44.88352891112255
2,0.4151724853060125,5,93.02174665122169
1,0.705418794903478,1,30.23717050423438
0,0.9662429990259478,2,30.08042032270427
1,0.7806385700420635,1,20.05258304666974
1,0.6701376034798932,4,52.18165214914482
4,0.9690930747155739,5,46.72530160285614
2,0.990582029234266,5,68.65057793373613
0,0.407908941289543,1,38.18312163431424
3,0.5425525730659908,2,56.5459064349397
4,0.8362647011242275,5,53.4608218468826
1,0.9380261036986404,2,25.817835037576238
1,0.4671665294078415,3,52.993173567338395
2,0.5467589556113945,2,66.60126620824762
0,0.5778187632924197,5,69.40822350251531
1,0.8130713688898155,4,38.12432303116101
4,0.5021121816219444,2,48.03296680040327
2,0.896987076416454,5,66.22987144017016
3,0.5598447522231984,4,68.07120064516819
2,0.949725146117355,3,47.41667714907567
0,0.5546390647651005,5,71.66475911628486
0,0.8820763051315159,5,50.85382286699923
3,0.9221888708519632,2,40.00652480191609
0,0.5034567594278357,2,39.253259809261785
1,0.7619337654043424,5,55.302473872617824
2,0.8275038226435613,3,65.16446444005787
0,0.8436820989283034,4,44.77251309213517
2,0.7603563692246313,1,44.030717665401674
2,0.8469927721267023,3,67.36113722654318
2,0.46513636263142183,2,73.16912106767467
0,0.7946677616286648,3,37.851636844269926
2,0.8828934717469413,3,52.70809201486457
2,0.9822056909349345,3,59.227030527306965
2,0.9288175872772427,3,55.38028143344706
2,0.9896116249152191,3,51.43092526518465
3,0.9501179396106604,1,21.66491878914546
0,0.4704619660151633,3,52.036496009340894
2,0.5058521926917843,4,82.07420986128233
0,0.9674863658772158,3,27.839116402611555
3,0.557673920417199,4,70.1358570044824
1,0.6807120762372607,2,28.117633271956095
0,0.5659920270800816,1,35.52039368052912
1,0.9454423266212229,2,30.1640954396092
3,0.8057765224462586,4,59.74556049142875
2,0.7094291344778668,3,66.14175977666399
2,0.9079486640892307,2,61.12617539159216
0,0.729862112463082,4,44.879993294220604
2,0.8256679856211236,3,61.524488352020626
1,0.9753891715080047,1,9.543694704471307
2,0.7789003174710794,5,70.1439965047775
2,0.5326264737358131,1,57.30577779950203
3,0.6056187235861383,4,68.14807612341373
1,0.9934650501763324,1,15.254374822466357
3,0.7626684941304568,3,52.052098263765295
2,0.6418350637240717,2,60.86660304960491
2,0.4095527219777595,1,64.81616060187515
4,0.4996957250803751,3,43.86725510496896
3,0.5996543986568423,1,47.10066689933549
4,0.6467525388535715,4,56.49627494985118
1,0.9148527143676078,4,39.147431082259644
0,0.8167424819793625,3,39.08385555646298
3,0.6470848964137617,2,52.05908512680046
4,0.6317470001018823,2,32.79371067576059
2,0.5651969958584607,2,62.4735178421869
0,0.9579019684432948,1,12.733033707075025
1,0.8857509914344954,2,41.28318133887083
1,0.98695208549407,3,25.008847581270032
4,0.792542590078587,4,42.76356785772124
0,0.5382612658635482,2,40.910022966526434
0,0.4028217747656838,3,55.44281469546942
2,0.43655378876109757,2,70.818861682632
2,0.7581630110920172,3,64.90896895250842
3,0.6865926909015025,3,59.534629323056365
3,0.9635134629784758,3,43.58567277279031
2,0.6302242817302006,2,55.25897095809467
3,0.5302300318304101,2,60.28470266950162
4,0.849374462721177,3,37.45255393558857
1,0.44174432872481495,2,43.5013649556814
2,0.4416979445543633,2,78.75702503135071
2,0.42992956763984647,3,84.24596376534635
0,0.9099648994502925,3,37.21028309536083
2,0.5217659326734472,2,63.33791460360675
4,0.9856424077419521,4,38.372107286325495
0,0.4694135926895051,5,70.759743806704
2,0.49193878862596535,3,77.00512893712624
3,0.9390678704303161,2,41.916928292227595
3,0.8680606590651723,4,59.02310600020807
4,0.8839614305185881,5,53.11688672684494
0,0.41434924235653114,1,38.349877632316854
3,0.8129189990579204,4,60.791607467337336
1,0.5396793377578377,3,49.970365104408614
4,0.9192192141686782,3,24.058119841760476
4,0.8008635873394204,5,51.162930673507304
4,0.7923156224081485,4,48.28036564683556
0,0.7107580513571897,5,60.35723476419137
3,0.6354342309865865,4,68.29500303878197
4,0.583228909355096,2,37.497599165376066
3,0.4489286849902626,4,83.01205808980255
0,0.9710299913654292,2,18.988071840882185
2,0.7518648102178913,2,57.63749968676974
3,0.5018027237418174,4,79.86575282188848
4,0.7669380443435535,5,57.269845689226884
4,0.917482678522915,2,26.444330238462847
4,0.7500795121369631,3,40.96048205884002
2,0.6025050661878164,2,70.76347047368105
1,0.7547842371724588,4,43.24573437483841
4,0.933156134392432,2,22.421539813725254
2,0.7218631027160514,3,69.45778867466159
1,0.5289656883756781,5,66.19965177880329
3,0.8325076119307708,3,48.43580953304545
2,0.6941374895534923,3,60.86276938067942
1,0.7014346778018703,1,30.82017857792615
4,0.5536094725084745,5,57.105579526599314
3,0.6546791505862781,1,50.67327276625518
1,0.4592098420700004,1,36.978263333849206
1,0.6328815722991328,2,45.79219844705827
0,0.8177426259416167,2,31.144805248746145
1,0.408892770355408,4,63.470488110885455
4,0.4670009456138176,2,47.30836078344242
2,0.9258092940641354,5,74.76822607970523
3,0.9860473367639,3,36.74301635454826
1,0.8625685531329319,1,18.78214047622593
0,0.6571635502118354,4,53.18331436302019
4,0.6091911396365883,1,33.22268116087114
4,0.8368288839455771,5,53.85096270468405
4,0.983572998057989,5,45.71387068013344
3,0.6955404647927503,4,60.296391955535725
3,0.8988687666644819,2,37.18626654627575
4,0.643440827215896,4,46.26145416008205
1,0.910175267264171,1,18.91846333541578
1,0.5910821926380129,1,35.814150819776
1,0.8636075161243368,2,28.68532337761964
1,0.926821894345387,3,36.077115350753544
2,0.5673473482209384,3,72.53080033844269
3,0.5991301406029601,2,54.038771081957144
2,0.6406544436340714,5,87.80176098818633
2,0.9866866236543357,2,49.12816836719402
0,0.9107099562549058,2,28.09244717401777
1,0.8116895494172764,2,30.38124512735427
4,0.9509533375430951,5,51.18888721663677
4,0.4327899533816844,3,53.96260025461892
3,0.9426219201396061,2,45.93318804781087
0,0.737196067362906,2,35.40428910062237
2,0.5611760046433858,3,68.32359317506803
3,0.8687700681541228,5,66.50881721226295
4,0.5685331583926424,5,59.87467448097135
3,0.7946268070645752,5,66.42400964160838
1,0.524977357393064,4,59.84066315648725
4,0.5288773433637444,2,44.15627428371888
0,0.9267359746408653,3,34.6240150607341
4,0.6682579476198738,3,45.19544453824085
2,0.7623649270331849,5,83.14107416748811
4,0.4485284801884217,2,48.27425102964746
0,0.40154497575456116,5,79.34415258318298
0,0.4051429103945224,5,81.95297806485416
0,0.7273521561478868,4,52.43635293434862
0,0.6935335264485185,4,54.07635994265099
1,0.6976541298971086,5,56.36916245641324
3,0.5605337382541777,1,51.235386372086026
0,0.773624474010361,3,32.89249207904174
1,0.7791710506088865,1,22.37444112700777
0,0.7017133308371283,2,33.24250374331674
1,0.6991852897211515,2,37.08684626761689
4,0.5059401106346323,4,64.21914664023664
0,0.606993174391878,1,37.318957719341086
3,0.5539003573342833,5,84.65906827744703
0,0.5460119683535072,5,67.01691858838251
2,0.51184163172817,3,75.40551415331988
3,0.8863772103114169,3,46.62481389458517
3,0.9136320098403031,1,30.518662361470685
3,0.8578707436330085,3,56.73183553629666
0,0.6548134996572392,2,34.32922674046495
0,0.9675302285966968,3,22.67876551313829
1,0.7796027352384867,4,40.46733860674972
0,0.44426944081797365,5,72.64629549063415
3,0.6853688147836197,3,61.88143451389012
3,0.7626826567051722,3,53.756681114498626
1,0.6451183234760999,3,52.35042442103753
2,0.5916730294903243,2,63.73930293273852
2,0.7194756856071677,5,86.10756879622426
1,0.40977136381025414,3,60.50047646293512
1,0.9329987013205798,3,30.248714821013884
1,0.9356426706901069,1,19.336585975110047
2,0.4365787637861072,4,89.14012035978617
3,0.6998131490389135,2,49.90594651127682
4,0.8856204029938346,3,33.57779530465083
3,0.7876985096036329,4,59.617827618902865
1,0.6751305841296749,2,39.174228078579155
0,0.7437418912688218,4,48.41971526764446
4,0.6459699501518253,3,42.66759496388149
4,0.9233009434428524,3,30.231333359884605
2,0.5705913102010676,4,88.24741723374746
3,0.47051203753391113,5,95.09805159730645
3,0.7992909634429746,2,44.65198666673978
4,0.5669616379649096,5,65.00799753213855
4,0.43506349298350705,2,51.774215616583945
0,0.4850469730140241,1,37.539650587024546
2,0.48225051694543114,2,68.72819296729863
2,0.6580904987182823,4,83.900895351845
0,0.7177242419939396,1,27.876507775297476
2,0.9931588943599071,3,56.68119010743078
3,0.7414568203223129,1,39.08010465065436
4,0.6832730932905028,5,55.88753822693706
2,0.7773392786322326,3,71.54880560451342
0,0.9942906733169872,5,48.12264244512389
2,0.449131393801967,1,57.90969516281904
4,0.8381869172343556,3,31.360475171814393
2,0.47807324391418343,1,61.78504474100164
1,0.4607416881444984,2,49.479890741749884
4,0.92687422575807,2,22.460197815606488
3,0.5079094545697396,5,80.3149869843368
0,0.6386179788188456,1,34.054631483317436
3,0.7517550133286517,4,62.22602536738691
4,0.7287384956229201,3,39.4161888699846
3,0.46897764085414123,2,57.597890528078224
1,0.9432207517989416,3,37.841844666765304
0,0.4814426036510714,2,45.08690609582176
0,0.7099026877543441,3,41.19601209152583
0,0.4771858535460807,1,44.33977971034232
0,0.42455590484272243,4,61.45191071591264
1,0.6536001498455819,1,29.376187965325116
4,0.47435707143289446,3,50.304692049685535
1,0.8100867054973145,5,54.02190810734274
1,0.8398664993557234,1,16.344205272027434
2,0.5606316990228983,4,86.4520127605852
0,0.5843423203660949,3,54.18912065149105
0,0.7027804811007851,4,54.339803890977876
0,0.65700164916964,2,33.176454803249754
2,0.6358216042112408,4,77.90289754693117
0,0.8153831114660373,2,35.73262600272904
1,0.6604229218992739,1,29.320921332571505
0,0.7380360001080783,4,54.50123243659578
0,0.6939714227950119,2,33.270406894887245
2,0.46908029174284843,2,71.58348999801528
1,0.788998371981611,2,36.41124130615683
2,0.8371313341377404,2,54.99470581725645
1,0.7500652453919425,5,52.43686326796387
2,0.485675384017328,5,90.27489654182371
1,0.7147869334589527,1,24.322032845788204
2,0.5896086573545578,5,91.38234272970689
0,0.9159692341676001,1,15.462404637898604
0,0.6787878878122053,2,35.53907076361882
4,0.5450046912270178,1,33.080424970722355
0,0.8160933243729915,1,17.20096892881475
2,0.4603346040008347,4,87.20870225371368
1,0.7171040088975744,4,53.40189664863518
0,0.7039345491956825,4,48.37042160369489
3,0.6545140276834573,1,41.239838633465574
0,0.9555971659958115,2,27.66728063497898
1,0.9498009877972313,5,43.90453821629435
2,0.6153067743224727,4,87.87477945067916
3,0.495555793538552,4,77.71879180005261
4,0.49363210136733376,2,45.67954710960641
2,0.4232590489109889,1,60.57298398638747
0,0.4191392708784044,3,62.19794907510988
2,0.9467648921366316,1,39.410562358871296
0,0.6169197480378218,5,66.21297066489177
1,0.9353836449717913,2,21.618795160213914
1,0.6711516545858066,4,50.148117759259414
3,0.5706725699009018,2,63.370116793849654
2,0.766744405136039,4,69.38601287966628
4,0.9945670413563965,5,46.708780433812244
1,0.7530720740023924,1,18.27469857888366
1,0.8567189857621258,1,22.991955543193413
0,0.7936316264544339,1,27.09236730441418
1,0.5359543538656916,1,38.325612882942295
4,0.49340886853314847,3,55.70845070875674
1,0.9198573134375708,5,52.704876200431464
2,0.799208842325934,5,78.62038723939243
3,0.44083804969113294,5,87.64076545173819
3,0.5626776202553729,3,67.82677337337073
4,0.9101450923892241,5,51.81271239613454
0,0.9901226368551017,4,41.75027962906803
0,0.9802396415793058,1,9.974298689454207
0,0.7113834128008846,1,27.19554103441801
3,0.9158525551257435,1,33.6883211886048
4,0.6027783293443727,5,60.89045798065815
1,0.9361769894138211,4,43.64737169919732
2,0.9832045346760769,4,59.2454553264798
2,0.6504878873787905,5,85.0428647911289
0,0.45105784656025105,5,73.4564133517813
3,0.6026437393942033,1,48.68562379665529
2,0.8695973696407353,1,46.81469167586738
1,0.5449210888312256,3,46.39488345201702
0,0.670950962257189,3,45.1164757284805
1,0.9675142254416782,3,27.55291463098526
3,0.838530487822674,4,60.3450321799296
1,0.7179801502248605,1,23.366793046917756
4,0.5691848568347315,3,56.441170901413244
2,0.9715352839395507,1,44.238364358964446
4,0.7877064122098411,3,36.14533834993153
1,0.7416613875361342,4,48.75804806493713
2,0.4922366392632026,1,63.35001996698952
1,0.8652898648576295,3,38.74821723304813
1,0.5107077188232172,5,73.11573076909082
0,0.997599661163091,5,44.128082615368236
1,0.6337539355254657,1,30.527609479597416
1,0.619673721709825,3,54.889360264757336
0,0.7040181165296224,1,27.593931765552668
0,0.7203783065030452,3,42.934361718198225
1,0.6314692646583049,4,56.48560674445791
4,0.5517593822334087,5,63.28342468289764
3,0.9080625302435181,1,29.701021727764957
0,0.9054556342638642,1,16.02182020999914
1,0.5005188976666626,3,57.00213119338854
3,0.9034554494547139,1,33.411172195305255
2,0.8306644517102522,3,64.8654216166026
3,0.845102486347256,3,51.60974161613146
3,0.6234941268627398,5,81.08168136008246
0,0.41219065285266454,4,56.66962416020817
0,0.633295706299327,4,58.3774889155024
3,0.7806649663367271,3,60.55489300236724
4,0.9852552768167888,4,35.59773392343415
4,0.43136901288050233,4,61.75274205824696
2,0.9730957022916679,3,54.57846182144742
1,0.7841170374234845,1,27.776550564051846
0,0.7511522774624377,2,41.11375275679872
4,0.4999559769894017,3,51.33757411432052
3,0.770109055418644,2,47.22178365428381
0,0.4131576618968505,2,53.96819115829147
0,0.7363523523795088,2,29.71608680327987
0,0.5941093130615152,3,47.082249379484445
2,0.5901834108312065,3,74.74376200803174
2,0.4551967923448341,2,70.65494750321625
0,0.9357607338979891,5,54.00976930164465
3,0.843485850268654,3,50.11862964793287
3,0.7736386965492901,5,75.81703690636186
0,0.5235744634432021,2,43.224769877510234
2,0.5870234102628902,5,93.32302661884984
2,0.5733964883148278,1,56.416169916817516
2,0.8482301879485563,1,44.23463945428564
4,0.817045608462919,1,26.67048639153849
2,0.9825695025928147,1,36.99243263934499
4,0.5627726148947174,4,60.219190420926594
4,0.659056103709001,5,55.86078169009507
2,0.5778756297137801,1,53.672420427871224
0,0.663499514944031,4,52.43014803429358
2,0.8253188361589479,2,49.65937663209928
4,0.47335982074351723,4,61.37917956218445
0,0.7965224301054701,4,37.2635182230449
0,0.6603698463873725,2,36.04670557424159
0,0.863797015684381,4,36.72883300495974
2,0.45492643487792367,5,91.55734356268984
1,0.9784807490188984,3,35.54341207479864
1,0.6545430678772421,3,53.804956794907056
4,0.49505856707177087,3,56.7534955992798
3,0.8157891248150269,5,66.65886841227824
3,0.5806701955971842,2,49.75785054377456
4,0.8905196671751197,3,33.09019942517696
0,0.9767445297516654,2,20.275156516397242
1,0.8447835067597078,1,20.92024562758962
0,0.43796191800051804,2,39.71097841813915
3,0.7229242484350467,2,51.74204678753835
3,0.9523886628226649,1,34.23228601677171
3,0.6831336595628976,1,40.28679006852602
4,0.4669916357814143,3,64.10188247088941
3,0.4497384734226453,4,73.6001420434651
0,0.4619308946448827,5,73.21671082089965
4,0.9008571455728501,3,28.148740860630998
0,0.48455136209475613,1,36.41989841764072
2,0.7131754839530486,5,88.5820579043582
1,0.6768226139331879,3,40.44886020327322
1,0.9470433570696958,2,25.785343652541876
4,0.48846013631374224,1,33.81702881655087
0,0.5076882007755472,4,60.208712582136286
2,0.7428183513738489,3,63.69205153210694
2,0.5898452413004066,3,74.94934351874092
3,0.6287915023857219,5,79.48268217363835
2,0.7392835098582705,3,64.65374496926658
2,0.9177092821948134,3,52.97456641008705
2,0.852221480266034,1,38.395236346533196
3,0.8919840580838015,4,55.983166894715836
1,0.723515477289522,4,49.79843144456696
4,0.8076333204004207,1,16.78090195422943
3,0.9850626147432275,1,30.073613611054917
2,0.45892742800002234,2,62.03297823276885
3,0.5717758564400632,2,54.50220420930295
2,0.4152688693158388,3,80.07899304140423
3,0.9138701725620515,3,47.819645429278374
1,0.6970986263627603,2,38.79414998485025
3,0.8949801737714544,1,37.760066023987676
3,0.9074545626380361,5,64.33272089045457
2,0.477501724668454,4,82.3438597626675
0,0.6626867948555566,2,34.48691443607366
0,0.4133277313091595,1,33.819334063627736
0,0.5659508449373523,5,65.86743507099835
1,0.6759835290173173,3,36.62976312434192
3,0.7667856038705461,4,60.39586317818111
1,0.4237707899227567,3,55.51283711080139
4,0.49633931559715666,5,71.55515999809231
0,0.7575347301699107,4,54.9678503849688
1,0.7404783538887594,1,25.114767254908735
4,0.8465165523977591,3,33.14564228715648
2,0.5633694328978764,2,61.02954017213423
4,0.44411583866053134,5,77.40881667227929
0,0.5627451171568932,3,51.87637871149225
3,0.7212865626517035,5,73.72928651779675
1,0.44646755565934837,5,76.53078901241284
4,0.5589113536446754,5,65.06776720720075
0,0.7836500384380813,5,58.27461664487075
3,0.7567157688803785,5,77.19534083705933
3,0.49211004522131174,2,61.98968123591079
2,0.4663286381683126,3,76.03916249588501
4,0.760199377046926,2,31.70091499832948
4,0.68763332124762,5,60.83284868183271
1,0.619633661592884,4,57.12636080325388
1,0.9002759037260405,2,29.203669174244062
4,0.9969173040205004,3,28.399879619320643
4,0.8254376152074338,3,33.94474623225629
2,0.5573584681988796,2,64.06854987546541
1,0.7237770578219982,3,41.485561327733464
1,0.9637915555251784,1,23.64971005693584
4,0.9227221793739482,1,13.211566160927655
2,0.5439958800373892,1,58.53017931436984
3,0.7382641275166602,3,53.3613917356317
2,0.743479037554962,5,85.15341766706862
2,0.782225359585416,2,55.49937189127486
1,0.560412319563374,5,68.59949728059622
3,0.6798648644434082,3,57.90929289986173
0,0.852593549900282,1,23.12849075424866
1,0.7064258639039147,3,40.79686448017828
2,0.5331304603375274,2,69.32816262310047
2,0.6281864991708439,2,57.2593642578466
4,0.7081121685390486,3,40.83349707988877
0,0.4208824969407794,3,55.482121577462394
2,0.9344326121655248,3,53.140420556082006
3,0.7465638571052897,5,67.82034904217406
4,0.42885611409729174,1,37.96605282298311
2,0.9014724748899137,2,53.254737516755974
3,0.6080512713332057,3,58.718861507552006
2,0.81653785858595,2,56.733993537047496
2,0.6637616695730595,3,59.962004351380195
1,0.7776342858386276,1,26.813079696850252
0,0.8885967902098455,3,36.86634694686387
1,0.9262044278009856,5,43.869766578673094
3,0.6407933784568232,2,52.98495091219985
3,0.5552018458384053,2,61.42923298876278
3,0.5776695284217742,3,63.438738283057184
4,0.43914696249968316,1,39.366669252852745
1,0.9884338047565615,5,39.815925205457155
1,0.7324680815541356,2,34.815803718317994
4,0.7794325020418094,5,56.99935638647017
0,0.5458508462786279,5,68.88695002968959
1,0.9072502149383391,4,35.89100031882995
2,0.7113326782314866,2,59.87559440959634
4,0.9553619969751977,1,17.261957107759986
3,0.9876812481123816,4,57.73538835128141
3,0.44529662763585776,4,83.83608909486045
1,0.764956432943716,5,63.28535116380257
0,0.9652593882830669,4,38.867203713918485
4,0.5890469684856536,1,34.40174691739164
4,0.9957277409795018,3,31.143297872582522
1,0.6524709470003778,5,61.945222814161795
2,0.6447734841947474,4,78.19497614483863
4,0.4656025346151118,4,56.912782925811726
1,0.5346638176476848,3,49.02518524136061
3,0.5024494320265459,5,90.44775084067363
2,0.5770447264329445,2,66.75313219378762
3,0.6217075599358277,1,49.762000550754806
4,0.8576995063357876,4,42.4533413553272
4,0.5820025372724189,1,31.078523015584466
0,0.8774459833705635,5,47.54128485918875
3,0.8137043443049374,2,48.58093579327759
2,0.43346428464476744,4,86.0791995776402
3,0.9375003162475645,4,51.30049261228576
2,0.5571989934446507,5,90.57631386916604
1,0.9689922781347023,2,26.979909183761553
0,0.9247490260287281,2,22.726189812586686
2,0.881705306450417,4,69.80018111494812
1,0.4291983011704378,5,83.33713127876348
4,0.8251247033713516,1,27.20454183971322
3,0.5550026806004611,4,73.41664334875739
3,0.8585630108537938,3,50.46157234236816
1,0.8882528967645053,4,42.018929819262375
4,0.4566841885052006,4,65.03596482123857
2,0.6392190718929573,2,61.85788121157083
1,0.6803198101066417,4,50.79243486780743
4,0.8650692689355763,3,32.55327331847327
1,0.6972556102863325,2,44.89523820768311
0,0.9270348410361784,2,24.749147199772924
1,0.7927239714255074,1,27.98030041558096
1,0.4825126517270474,1,40.75949257213044
4,0.7339573982735363,3,40.79015781944774
2,0.5455166074903258,1,59.52858426094909
4,0.5880928435601224,3,43.673776337452004
0,0.4879206570686575,1,37.1929567484099
1,0.7486448964756336,1,18.6258900201011
1,0.8769335300209433,1,21.974635696789512
0,0.600532118945543,3,42.54257501881573
4,0.8063062713515534,5,58.38509795864991
4,0.4903578829290362,5,56.916665626229204
1,0.5743838807254309,2,47.750667923114825
3,0.6804697119489085,3,62.31451730349946
2,0.4634934271412135,4,91.12961753693217
0,0.5022639395461056,2,33.850812893761635
1,0.9202201666995572,4,40.33559407180521
4,0.5244181634204043,5,71.13161943347717
0,0.9051104563549683,5,47.56863095774115
1,0.7070659883550572,4,50.087806124828546
3,0.7721483745685552,4,64.76644831568332
3,0.4117092989722678,1,61.96641029160472
4,0.45539275149348224,1,44.18606968390798
1,0.9963913370679939,5,47.31992013772289
3,0.659297528936104,3,59.49833946703265
0,0.47521430991826846,1,35.663017701794125
0,0.5932180691504012,2,33.3138367615733
4,0.7383344642223804,2,37.37832834261693
4,0.5504652844486169,2,39.320752763894035
4,0.8345779271776772,3,40.352500339481225
3,0.6108577760721049,5,79.84332193916747
1,0.8675941074451299,4,41.58459336733109
3,0.6699208673114263,4,67.39475934971838
0,0.5362051142398299,4,57.21942266748848
4,0.975930064967667,4,36.73907417298797
2,0.6218032808944526,2,61.62626398807126
4,0.5220503368357503,2,47.08352920229048
0,0.6378933277335853,2,41.43339215330297
1,0.9189618487805488,1,8.574840689998618
2,0.8978489531187062,4,68.06418776403528
1,0.9546182848837989,1,13.967846124493862
1,0.4970941112385051,2,49.997402105433515
0,0.698303938379182,5,66.51338457555939
0,0.8697853376272626,2,30.257136599647318
0,0.5222576154535422,5,72.93833109645786
1,0.8348638705024862,1,21.240359340427176
2,0.8309484435411167,5,73.29958835022842
0,0.6405844401000524,5,62.81579835455478
2,0.47250458482076446,3,72.64393615673701
1,0.7694502886447836,1,24.77048082887556
2,0.7571135569018539,1,41.988034409265595
1,0.7865900616633725,5,61.40470671931257
2,0.6097738090131825,4,80.09928317986643
2,0.46647064713905645,3,79.52117492066392
2,0.5815102598231366,2,66.44745206296389
0,0.8409129334580311,1,17.69027232209612
2,0.5113053119289537,1,57.69735136753587
0,0.9280685087677705,3,28.36769957038006
1,0.629487113307769,4,54.34040646360676
3,0.44891647390025124,3,70.32707464159206
2,0.5839178046875773,4,82.26664910190225
0,0.510916817136685,1,40.77184021238881
1,0.6322149668314394,2,38.85117898263171
3,0.44558318816472764,3,69.19436056423513
0,0.46555186471706994,1,39.97488506217406
1,0.5794419467851758,3,40.846344012499976
2,0.7750518828529736,5,80.7357524710583
1,0.48756227593745555,4,61.961198616546284
1,0.46606959650140145,4,57.478959581619506
0,0.5483190383494063,5,61.498174501882914
1,0.9641341289935423,1,14.114539683901663
3,0.9893582824553778,3,40.501529416720885
4,0.6377087846370526,4,56.571935551552926
3,0.8131385494315787,5,74.52121839027947
4,0.8928542609864261,2,15.214427773586332
3,0.7237093840912048,1,41.81829289968508
4,0.8596136787441815,1,14.912787640617612
2,0.5347544733295315,5,93.22998749964367
4,0.7987391080273643,2,24.653495072500473
1,0.5535484665640175,5,59.53497617756341
1,0.7159448137933064,3,44.30644988196288
2,0.8456110963101695,2,50.94996701385136
4,0.6453044275119608,5,59.21441921742687
4,0.49675370176067696,2,41.796267264054876
0,0.7147168170168727,3,50.37877136774554
3,0.5371616405696222,3,65.95900054240555
0,0.4854889227077678,2,42.81728420289916
1,0.4252340041683548,5,71.79666993176482
0,0.5549620421377076,3,52.05248583785926
3,0.5462130203180857,4,81.52401152971966
3,0.5513629597146681,4,73.00532046010714
0,0.5623065392849182,2,42.47009547004947
0,0.8575957559648455,5,53.13492187916935
3,0.5226665145310665,4,75.99872141408326
0,0.7359524729014482,3,48.110337552679525
0,0.47373775999215584,5,71.84622175033235
3,0.4144102752359734,2,66.19019313332875
4,0.9193912516979692,4,43.514494651501685
0,0.5146685636554179,1,36.645163860162675
0,0.8101567709908084,2,31.751499427179546
0,0.49584222267311734,5,64.88532979413671
1,0.6208908799189515,5,64.31835552967303
4,0.797183462685803,4,44.884862766189805
2,0.6901996824154468,3,66.78340566175844
1,0.5201722292414085,5,65.65255198988227
1,0.6825365899181957,3,47.72330671903168
3,0.40851793591313135,3,81.5013847635461
4,0.7600746842381512,1,25.697795794443714
1,0.4007379603948088,1,45.019977030956724
4,0.8440507193016531,3,35.475661934018746
1,0.5379027671681222,2,46.477482307202195
3,0.820819784594558,1,45.753525116652966
2,0.8836628509828997,3,58.37798097326827
0,0.969219872886115,3,26.342644306716885
2,0.42017604274666553,4,93.79404083694742
3,0.5361842347401096,1,46.25352307474418
1,0.7388390205530411,3,44.6655862964103
1,0.5586846188027168,4,66.31098758346145
2,0.8071888229754977,2,54.659012702478975
4,0.46210641387138013,4,55.64993921726024
1,0.99518699608891,2,21.127414861664516
1,0.42756426097459693,2,48.07905897840973
4,0.9922352107082762,3,30.870699362516067
4,0.7888760365479905,4,50.17625115791254
1,0.7852560519456623,5,61.92659505514811
0,0.7908389051757845,5,52.558796475723
3,0.5507183153040244,1,49.37967545738436
4,0.713427908015762,1,31.79221341374774
2,0.9576544051866279,2,45.810481970658124
0,0.5561991946375935,2,32.162925009182835
0,0.9379420775632723,2,26.824362167299732
4,0.8903504243052605,2,34.37168868748748
3,0.9814106846780271,5,62.175423733711185
4,0.8817210861847473,1,23.976476190879332
4,0.5347951558054425,3,45.097643572466446
3,0.5576177530145626,2,57.85449290775746
2,0.5786769449121716,2,68.3594632126232
1,0.8352709517364785,1,24.587102937109
4,0.5026193062684292,2,41.08998760795097
0,0.6831796439763947,4,54.23444927379683
2,0.6673415180034652,3,69.32509840540037
0,0.7919689976263518,2,27.17069166552668
4,0.47084212363875466,1,29.061848388165696
0,0.9013856131349604,1,23.736332356548658
0,0.5269011773352499,2,44.742340619435794
1,0.8023288221365958,2,44.39925688076551
1,0.5733252208854047,2,42.1898157066028
4,0.48450609819912016,5,69.02150716699997
2,0.4834072924291974,4,87.95838094991812
2,0.8054974280180307,1,50.364627255189305
4,0.5862258037738133,3,54.42082883438975
4,0.7472571550035747,5,49.44689767264544
3,0.42250891378004024,5,84.80566480054304
2,0.614850695958816,4,79.39041381492646
2,0.9051469872682469,4,60.964881580402896
1,0.9765961244991326,4,42.47974099191005
2,0.7972307751859179,4,71.63155277011265
1,0.4243651310064118,1,42.6648464213583
1,0.6653756470179488,4,50.72547914555382
4,0.9704055956038721,3,31.75085438666582
2,0.8301504070651211,3,53.44914490093922
4,0.9995747335934502,1,10.665693411701664
1,0.9178213099292991,1,22.5770176978829
3,0.6747231434267587,5,76.79386334912024
2,0.4025240752800362,1,71.42700871611666
3,0.6337818350153037,2,57.341271078701524
3,0.778638732848915,2,49.069766999269774
4,0.9682018000014138,2,27.40137413092499
3,0.517429175571251,5,82.57784135637948
2,0.4017952701074781,4,88.41820769695671
4,0.5885183901026194,5,60.194625245904895
4,0.6029161471343834,5,64.3897076156226
0,0.4794293467872772,2,42.592203289147704
0,0.5890230021350472,3,45.00094415599158
4,0.9510014611213627,3,27.184948965395407
4,0.9576321719401766,1,19.615537146186565
3,0.9572036178232726,2,33.28483377383832
3,0.8158273447495227,4,52.6807433517146
1,0.5289921913740282,3,49.5982133435957
1,0.9154032392044392,4,36.1523638676002
0,0.8962638063387867,2,31.378731778837928
3,0.7150738927397098,5,74.93526962343996
3,0.42028618347152735,4,82.4029020957108
3,0.6567256772140828,2,59.62158930607404
3,0.5062827222563232,3,64.83005036896984
3,0.6304446648429426,3,67.37066268450661
4,0.7653105912621228,3,46.09206105448796
0,0.6046764605325057,5,56.331879675706965
3,0.9519335813977252,4,53.623025188510205
2,0.6736798780473491,2,61.16890032843566
4,0.7743386586283316,2,36.70708052661852
0,0.972828186220747,3,30.306575981775076
3,0.5582376797070843,1,51.543210457414304
1,0.4919247289207301,3,55.95783143280574
3,0.7514271533329767,2,47.55382049230588
2,0.7955275816866116,3,61.630720050961756
0,0.726993355070134,2,33.91727375056444
2,0.42215418876739685,3,81.49711490749972
1,0.43026298605482904,3,56.183666020771895
1,0.535495192913412,5,70.65994867193247
3,0.651464315308449,3,58.6440339734052
3,0.7712701067968623,2,49.20056246591691
1,0.8826021295215214,3,42.49655363294157
2,0.8189855612728952,5,75.57864727526439
4,0.6988342412705552,5,61.48230780119742
0,0.8414962406531292,4,51.37836313227349
3,0.8457472173853582,4,55.17740935744712
0,0.45827982029001546,3,50.70114031332341
2,0.49183629987241445,4,83.2061452675223
3,0.8441189648850338,4,59.86267867434465
2,0.9845248712171806,5,70.33119113110257
2,0.5893762816738213,4,83.37462758884794
3,0.8314962064268989,4,64.71261902677367
4,0.5032327954747242,3,54.290025601835765
4,0.5766043081914436,3,46.68205586431433
0,0.6732187651586026,5,69.499181668601
4,0.8547531318200327,4,41.40156906483704
4,0.95612319952053,5,46.18558573157048
3,0.7342870397474961,1,42.25299424524982
3,0.4944098289764335,3,73.65494406822556
0,0.8502859324610075,1,27.890266161675132
0,0.4187259993602478,2,47.029175200032746
0,0.47327660859336596,4,61.387822027242585
0,0.9107261839982917,1,15.909105620573948
4,0.9337149010620247,4,47.68238562125284
0,0.9812934636265208,3,31.399177578553
3,0.5427867454357255,1,48.475773049786795
1,0.4898501652774666,5,75.07634789954835
3,0.8674422462305706,4,68.47915194211458
0,0.5277707985604548,3,49.7637867065531
4,0.5036288062174444,2,46.927761518819324
1,0.6999502777607245,1,29.23763400933703
0,0.41902972070959643,2,51.40479684395672
3,0.716613166163447,1,39.23883426203713
1,0.8380383535409521,1,18.24194028675118
3,0.5839829578564847,2,55.878906930806664
0,0.4078307923391904,3,58.96586535267373
2,0.5944585777837779,5,95.14009811484556
1,0.9568429982451243,5,46.01895465048194
4,0.6817167383853534,1,31.278973157807826
2,0.4704985204028732,2,80.44536148350853
2,0.5344131037889244,2,69.92018214916627
0,0.9094403291519525,5,52.43317540048
0,0.6597566982082871,2,26.886265799426283
2,0.4351368992236134,5,96.96803759197785
2,0.614976968195982,1,55.77043591785254
1,0.880354010332908,4,35.720465193776555
1,0.8962436311822115,2,28.391114756892804
2,0.5108274962817901,5,91.03829939152425
1,0.5115151643135594,3,48.89157788760945
0,0.5090698627234769,2,45.60852436789853
3,0.6614645029329482,4,72.16846784076363
0,0.8030747520902022,1,18.842165825473288
0,0.53172661987029,5,68.39116826285722
2,0.40118501822467956,2,68.36014240619313
2,0.7893537098141574,4,70.62965440519741
0,0.48364721495890994,1,36.47862827999445
2,0.9169073368121428,2,50.103585436373265
1,0.833771814667537,5,51.40653277645986
1,0.5167569552868214,4,60.46927959735413
1,0.9036084103009061,3,32.971449229263
1,0.6314071337576144,4,59.65832807478564
0,0.6386667293634015,3,40.904285151056364
4,0.5527006111938251,2,43.711255026969596
2,0.8790599176836934,4,72.81299994460069
3,0.46035297903438616,3,64.78862256786859
4,0.4311172986580184,4,64.29340467223658
0,0.5060813607436827,4,55.04218775544687
2,0.7268447226351953,2,54.563680185601
2,0.7951108682055321,1,48.71216856741667
3,0.7586119547347354,3,62.16847351132621
3,0.45741886357625117,3,73.5058682508007
2,0.8000505371724322,5,78.28745801941596
1,0.7864230238931715,3,37.341593553538715
2,0.882146937054441,2,57.47468092262979
4,0.8534084562273982,1,21.274125227158994
4,0.9637509719962021,5,41.122544635177775
1,0.7824331555098792,4,42.309290823943215
4,0.9275427908790758,2,25.055522774248608
0,0.9992789488674959,4,32.91316227772646
3,0.9284263901820916,2,43.72799311114308
3,0.6696277304999201,4,67.62271545424353
2,0.7125967131149318,3,69.52799969724964
0,0.5941937648771927,1,31.195669428989163
3,0.8601052210101505,4,64.88217916048303
0,0.5038177330453578,4,55.71071673534013
0,0.7476301611090047,3,46.529268857640346
2,0.8376445566285855,2,51.71001719022275
4,0.7548941750008238,2,26.492715038396568
2,0.9284028827238371,2,46.55676880520362
0,0.64451950065928,4,52.75641548524541
0,0.6189574455404441,2,45.31907518858779
4,0.6629345707790173,1,22.023661454524216
1,0.9761742630487461,3,32.757788349663066
2,0.8309706181300653,5,75.46879419499611
3,0.5051500321043347,1,46.711479517860056
3,0.7096215397580932,1,40.02857851363482
3,0.7683262416870725,2,45.81798656822657
3,0.400656548610168,2,63.8000937035391
1,0.8788707105136313,3,33.21865485019059
4,0.5276975671420607,4,61.726640880151415
2,0.9808559516519354,1,29.17265478696919
0,0.6170508401100336,5,64.8106346419106
4,0.7795675311259171,4,44.69787206889307
1,0.49788256079222415,3,48.657027858376175
2,0.9831496093833584,3,50.30551783097137
1,0.7155125274922987,3,42.36719936616756
0,0.551994825608342,1,33.805842813613936
3,0.4506143002668953,4,81.71111486438093
0,0.4270799742379544,1,36.850908473366786
3,0.7129860186040522,5,80.1163154279787
4,0.8858856734384464,3,38.55148826452775
1,0.8952737389610841,5,49.23757796323482
2,0.9436709933886869,3,59.28014069863198
4,0.9529550284508204,4,35.63001393476843
1,0.7602074726225871,3,36.57227849891383
2,0.8405647711233574,2,53.73620419058145
0,0.7765363679208851,5,53.271186192108225
0,0.4006328833489788,3,63.560666439248834
2,0.8121452333430195,4,67.83816248124933
2,0.48371616987808885,3,69.00555522573377
1,0.9774290490184661,2,27.237815665607748
1,0.5327131582264207,3,54.612745878857616
0,0.9603056394513085,3,40.00479825023378
0,0.93948282318997,3,34.30593115363871
2,0.6215341042861318,1,52.079341216654655
0,0.9138430023141263,2,27.835093650418536
4,0.5517543377664601,4,55.008520280022424
0,0.7645304556908025,5,52.937091610899984
2,0.9109363974141627,5,75.92986494677473
3,0.43702732654242293,1,65.59868516289302
4,0.9639262134004757,3,30.106202993489067
4,0.5823104259859845,2,36.11666984802675
4,0.8586455534564423,3,34.071536970817746
0,0.8174563056414158,3,37.70498981123264
4,0.6398841986982755,1,28.922589074061655
1,0.7704887637068818,2,34.033477931958515
2,0.9963343627343145,4,63.28958561067762
2,0.8908583858306567,5,78.7142890948406
3,0.4758924279935851,5,90.55076922875982
1,0.9864447380913682,2,18.40594362035636
4,0.509668353865456,5,67.70055111016757
4,0.7360565850341924,1,30.85303322848336
4,0.9729847283466118,4,29.726604534651287
4,0.4942786839647943,5,66.94884655203757
0,0.954191423006354,2,24.892176249571502
0,0.9437925503486542,4,45.31100764195337
0,0.5693864282009322,4,57.867414778795705
1,0.6623814360857176,3,42.586986589161455
0,0.8348066051450983,2,23.416479761083835
2,0.9061039723012817,3,58.47252958573391
3,0.741220338404939,4,61.95621220351081
2,0.912891717876346,5,71.02107158310065
0,0.9880588229416861,1,13.501104559043547
3,0.5815666987967466,4,77.52898684345871
3,0.6320961029647624,2,49.824507315064
3,0.8827546195835544,4,64.26300470718724
0,0.4466478551347436,1,34.61570971233241
2,0.4049523592417798,2,71.54909804991881
3,0.5127051270149231,5,85.97263874800335
0,0.5871615228981705,3,40.400356354109284
0,0.8141656586610357,5,54.21792079631847
0,0.8023516255510318,2,32.517422960126
1,0.5523446934544951,3,52.35514762500953
2,0.7872776049455728,2,57.07033961693663
0,0.752951959388223,2,36.64702415896757
2,0.711635632563643,5,81.72782595494414
2,0.6566388202356022,2,58.889742174972184
2,0.9587984564650402,4,58.36976934766141
4,0.42079491656697765,2,52.39294787761142
3,0.69077812259781,3,62.81476488799842
4,0.9252296243595821,5,46.04549166749008
1,0.7300798919326323,2,40.03691931652974
2,0.5162447744523446,4,85.8357104706536
0,0.5923462110402691,4,60.08039875905632
0,0.8805238415428378,3,36.29888584175402
4,0.6783769899455779,2,37.031820308878245
0,0.8510253457582275,3,32.074360433911906
0,0.7376787677299907,2,32.513802572879996
4,0.4046769035326302,3,62.09105896789619
1,0.6913314563799351,4,50.84237331680432
3,0.42620187924082603,4,83.54498473196116
1,0.7487301852028126,4,47.183907239624936
2,0.6382435256888404,4,81.52038212605657
4,0.5798866534621769,3,46.64703073831586
1,0.5895793485875234,2,35.52983246524573
4,0.7827003069015515,5,56.37795795169314
2,0.7931568083786664,2,53.675633479891665
1,0.8928036243467885,3,35.471506752657135
3,0.4114013817951681,1,57.72993071568686
4,0.5063488107395014,4,59.92770449446117
3,0.8033141163576096,4,58.1463865561321
1,0.5403295548237843,3,57.521009589149685
1,0.530931545339464,5,66.42913822261582
3,0.8999133235183183,4,57.722655718579055
4,0.7838990209514447,5,54.64337817518724
2,0.8599327699406172,2,49.45595639298161
0,0.8515720198958066,3,32.47425273128402
3,0.4549741898614402,1,51.58436719362735
3,0.6799327051351327,4,64.85549754588436
0,0.8611734239239337,4,54.1778055305695
4,0.7220950442730176,3,40.41250896987748
0,0.5340751369552192,4,61.34962643991037
4,0.8335829551127358,4,39.169710324051664
2,0.8481069946500795,2,55.04754092953408
0,0.497344209054991,4,60.84963634387475
1,0.5168854777174575,2,34.36203837392256
3,0.47072154676403927,2,61.26975253559588
1,0.41996850526090185,1,34.90661922640188
0,0.8019012781575249,1,15.536726870203896
0,0.6417532816355069,5,63.2635623359132
1,0.6451892268631894,2,34.80773043633596
3,0.7257312791209922,1,39.796884953525776
4,0.8913572629150072,4,39.32827916183863
1,0.5070512563777075,4,59.979041007891446
2,0.550670536928113,4,80.30516783729175
4,0.6441771928786679,3,52.49633589473369
1,0.5430448272400791,3,53.2442971499423
0,0.6669376863960789,3,39.76690484250742
2,0.6134426722530565,2,61.925020748544526
1,0.7610265419954015,4,46.582905888563786
1,0.47708030273255636,5,72.26987223864369
1,0.9379630526812248,5,48.72997024652974
0,0.6975621565280461,2,32.23543392274613
3,0.5452405209374873,3,61.55052163986832
3,0.8691883841819881,4,58.06468624753082
2,0.652679824068487,4,75.34333452528138
3,0.4618076647162527,5,85.51922170761469
4,0.9919946602724606,2,24.835046377162204
4,0.44105963227803524,1,42.119356019952264
0,0.5321317505322954,5,67.74148079105281
0,0.9061851238003231,2,25.671836652778318
3,0.8611783615228814,3,57.03150028802286
3,0.8035788228402594,5,68.3618708940304
1,0.6805567904281045,5,56.780339578217145
2,0.40503542111119534,1,60.847099602064446
4,0.8668783643107907,3,33.46688486187145
4,0.4807678894330908,3,55.657818540718324
1,0.7610015970213275,3,38.94250349544782
4,0.8794044784580889,3,24.98103804624253
4,0.4960413529005189,3,52.3921044823203
0,0.9873245402094467,2,21.910148626279792
0,0.6278829369213028,2,40.60353068870884
3,0.6655435389681477,3,55.21876130544425
4,0.6808096969212065,2,33.03879187857451
2,0.7612970585463099,1,48.92708369114536
0,0.6467772197333523,3,46.06554599009504
4,0.8517453326674831,5,56.241494921397965
1,0.40502751226359957,3,62.17462378170025
0,0.4949301074787368,5,66.75994238354346
0,0.5407784374226653,2,48.50654570816117
0,0.7900550715498216,1,22.94719479074567
1,0.6212965726834487,2,40.459056654775274
2,0.4406346181939081,5,98.94613396165349
1,0.44845490165455093,5,71.8546619963845
0,0.8329003162188431,1,20.09310056029854
2,0.7156946862685429,5,73.28984817472941
4,0.9391516044884007,5,50.064460058010745
1,0.7532488515166678,3,45.610046703491356
0,0.6479789298248144,2,41.76940791729669
4,0.7930894737809051,3,40.03964149368268
0,0.8527148753157447,5,50.48830931378101
3,0.46260726822541176,1,63.89565655539615
1,0.42959316288294597,1,41.05408417189319
4,0.9087040630930832,3,34.95279789085371
2,0.6315264427653581,1,55.59163404572079
2,0.5913217870913677,2,65.58562150683561
4,0.8440905960681362,5,48.87813651585699
3,0.5595780365274974,5,92.31376991408877
0,0.5022815430801988,3,55.967885545256436
2,0.7423151378054912,5,82.21364059820593
2,0.9579191766360795,5,64.61317485395216
4,0.9862228501809119,5,41.73471279962806
1,0.5595049426242155,4,55.37123976753676
1,0.6696389848118984,1,24.550589706176964
0,0.7439920730340286,4,43.47577212904246
2,0.7783969847320253,1,48.85746548582558
1,0.9980332539206488,5,47.39105109755238
4,0.8757624776762368,1,12.425929684432463
3,0.8966986810563679,5,62.11930124939663
0,0.5807710844662772,5,65.81391584499497
2,0.8374710973247891,4,62.262955918715285
0,0.4497136093908331,5,75.25312501481675
1,0.9617936421707663,4,39.45269062515315
3,0.44161476069765127,5,88.45739494151753
1,0.6042296411183761,2,35.414340923056514
1,0.6118800882971925,3,49.807490351309106
2,0.7914615027654397,1,49.573062382594514
2,0.7478066014105162,3,66.96412454575342
4,0.8126353092225584,2,34.08040004547073
0,0.7287527203019575,5,60.19373154797258
0,0.47528509706637795,1,39.03152903199792
1,0.5153136935651953,5,65.83469194708982
1,0.8446154097217611,2,29.842936510129327
3,0.8101043268944582,3,51.75272176919885
0,0.44399896414179607,5,70.93823055344102
3,0.567401355619458,4,68.52392102691891
0,0.610932157879924,2,37.28853224359973
4,0.6421984641000663,2,33.63606649093777
3,0.7980662150228119,5,69.90222688323571
2,0.8264853467351871,1,47.47968828652283
2,0.7266326112979541,2,60.45376381420888
1,0.5843789787171447,5,58.439583957655145
4,0.922374458281644,3,30.283760282103422
4,0.8907406694261415,5,45.190849074968085
4,0.8936611296031964,3,34.828639378768585
0,0.9641183859984342,5,51.64690737801367
0,0.6085315429131197,2,31.225378876282903
3,0.8279300782259724,3,56.365871299260036
0,0.7444239214402812,3,40.675603550755135
4,0.9212628738998749,2,16.211117892540155
2,0.9610993876371319,5,76.5713519046816
1,0.5968506846644551,5,61.81390892336147
0,0.8046815915252747,2,27.87806487128926
4,0.6722699299699282,1,26.674318229333686
3,0.6888462435066975,5,76.14628396550404
4,0.9971216270115916,2,16.695840909775548
2,0.9709241124182179,3,52.98892399555287
2,0.5269738927343033,5,86.55084680716493
1,0.8710531598448435,2,29.838663605352938
1,0.5253778049793124,2,39.05688467287518
4,0.7564453019863647,1,26.46572705770985
0,0.673963911594708,4,48.93345953423373
3,0.5449630957570963,3,67.7199178673031
1,0.5844139651519181,1,34.525102348175935
2,0.730962695367703,5,79.34529063478298
1,0.8201025206410908,1,20.094465883700988
1,0.4059393528035883,5,65.90488605296083
1,0.4169157034979736,1,38.350377003570394
3,0.6603064606163471,4,73.60137320843413
4,0.8292930715946736,4,42.57966524681472
3,0.7958784043170493,4,66.30362394791061
4,0.8549159122866982,2,24.07257370544826
0,0.5275731345449607,4,59.59143721210117
0,0.8863475749474594,5,48.97861540863492
2,0.4415278326312905,1,65.95527643578328
4,0.6271739412438131,4,60.43723112180708
4,0.7425709197478327,1,17.03605549517245
1,0.8290764655522984,2,22.98420739732162
0,0.8214843494094768,5,54.20246266433733
3,0.41944926245932496,4,89.41356684272316
4,0.49823242779083876,5,70.5625352352146
0,0.8635614709098054,5,46.24209483543263
2,0.8880317526472059,4,66.88924294168972
4,0.6051545886377074,4,52.590250389165774
0,0.8087389028209921,5,50.12221640712733
1,0.5006884043976324,1,30.64310542231937
3,0.4824917749649069,3,69.20331314401119
0,0.7041578099303446,3,46.715072371446595
2,0.6181530746140522,5,90.80343324699376
0,0.5541786252888925,4,51.70841205282498
3,0.9468187154449915,3,40.07786650738501
1,0.8248299402666115,5,58.165573630997244
4,0.8760735059268664,4,40.67021455239428
0,0.6854229022835618,2,32.23437409562774
4,0.771115714423568,3,43.73834528571408
1,0.4374387551856533,2,56.64228595764891
1,0.8824960653458638,1,15.335083814404886
1,0.5706171378840275,3,54.16228581667766
0,0.515596568120336,1,41.64704190021515
1,0.917051250986679,3,34.36520385818166
0,0.4789842134859023,3,57.53156181213076
4,0.7423115886641164,5,57.22730475981504
0,0.7791660665142552,1,27.80737580692822
4,0.8005447928786891,4,40.92760183968874
1,0.5942008881572056,2,37.29297678105971
4,0.7040603669287003,1,33.78948660545513
3,0.8019522759266693,3,55.60324848653121
3,0.6538256111923699,5,80.88227696871415
1,0.5254496351911047,3,49.33661227394368
0,0.549511001572656,4,55.534133543872066
4,0.5707140361678218,1,31.94371544598961
1,0.9975622355240743,3,31.966508660841587
3,0.5322292580997473,4,68.16110493978081
1,0.46326316121982375,5,75.45870510237114
1,0.9130165862473094,2,20.287047383814954
2,0.6987773523548753,5,78.97140484679223
1,0.4157130604244813,2,52.15083442285442
2,0.9696043594763823,4,60.3355958116954
3,0.5508426907464853,3,65.8053082691418
1,0.8617000551191407,1,25.003614715756253
4,0.8829943077576128,4,43.471000613046115
2,0.7717660906404638,5,81.93403079636326
1,0.9630823929297434,2,17.106858669495633
3,0.5908187165262061,3,68.10720744637604
0,0.7268668947287578,2,36.41939032085124
1,0.6900279102492024,2,35.99935546698993
4,0.8911130618799294,2,24.051783502614597
3,0.7145547806088188,2,43.623443949428875
3,0.5289508923343861,1,53.48401527841947
2,0.8806079230416441,5,74.86117271750415
3,0.42796042911054716,3,76.45054783042217
4,0.45684523940031174,3,53.35117989723285
3,0.9391466355934419,3,46.873375837988156
1,0.9312220040400102,1,16.65880045693775
0,0.9899381101062736,2,24.687994927461
4,0.669514490536079,4,42.165079922100844
4,0.4527283356479276,3,57.5087298708088
0,0.8433225080127336,2,27.380942327554
0,0.6689369692453555,2,31.70312422803605
3,0.40822205407514794,3,77.08789829720885
3,0.7949556190491265,3,46.844053763046354
4,0.7149173100319877,3,43.177733065460956
1,0.42748526866455705,5,67.30272769587899
1,0.7757191266533754,1,29.590487259741177
4,0.9833066952163059,2,22.67623074587928
0,0.5146690089168813,4,54.701261784649894
2,0.6384259006007735,4,80.56341705736979
0,0.9039297404721839,2,31.36286791142888
1,0.5242580910075271,4,60.96008777343632
1,0.5419236827522504,3,50.62229771391791
3,0.8906625832071209,2,47.14433369159663
0,0.6582795414390912,4,59.328266352519044
2,0.6318519838795575,4,80.33367860313142
4,0.9175891615729491,5,52.13291771267637
1,0.6896603646960839,1,26.565305209925658
1,0.6072009135848954,4,53.30193809244102
3,0.7630093321725259,5,76.33656695137302
3,0.8323934048294175,5,62.623030773352404
0,0.9066812712911049,5,50.98224135404132
3,0.41212611588712694,5,89.5386028794075
3,0.5169937814630967,2,56.394798175514644
3,0.8093005286157154,3,54.081797325502464
1,0.7661414676557627,1,26.744639906950393
0,0.8022788292007468,4,52.01191967063793
0,0.8801225586824059,1,25.90997018822562
0,0.9976925585849763,3,25.050619981377825
1,0.9892676210205354,3,29.678254879347403
1,0.9505888895697697,2,24.829666955094183
0,0.6775970706483674,4,56.04818445450931
3,0.7294625949790248,4,68.53886813274715
0,0.7106850826642048,2,37.02474941559049
3,0.7604429279531162,4,62.8801327729453
2,0.6472345231620977,4,75.24862616914267
3,0.6417260959548189,3,67.99214902880064
4,0.7202601072781233,4,48.3568838547682
3,0.4282244532603001,4,77.58030388874313
1,0.9917421319336965,5,47.856140116555615
0,0.6354974756465016,1,28.52316660920571
0,0.9324134581670066,2,22.751933811302898
3,0.40342188298012965,1,54.76857180760264
3,0.7634076542583956,2,48.658067671047014
2,0.43040285803619965,4,85.20453582245611
1,0.4454012614468853,4,62.64338546488651
3,0.4636060289549236,1,55.15159017858552
0,0.71008102851358,5,57.38600615797662
0,0.49159650790558707,3,48.55741300087323
4,0.6787302455767384,2,32.65619807719631
2,0.468664311912,2,64.12418175893345
4,0.4505016790040332,2,45.87273816386285
2,0.5385275626774256,5,95.02979745861413
3,0.9957874358196399,1,33.571535399183226
0,0.8202426249943797,3,33.89930358935774
3,0.8863590939646919,1,30.95539714325047
4,0.7746206555687685,5,58.50047732169939
2,0.7810125906101013,1,55.18505583263139
3,0.7102483533534012,4,61.252624703663095
2,0.43568890143415845,2,75.04259962378352
0,0.5053199572504727,5,74.2419921430911
3,0.9046452047188586,3,49.822320494649986
3,0.6767995911425562,1,41.60162155386358
0,0.44234592953791885,4,62.52494909910828
1,0.8803354743885201,3,25.444128707759802
4,0.6687107611303951,5,63.026429789390846
4,0.9890704088503501,3,33.59573365094895
3,0.7195484541440946,3,54.37040005462451
3,0.5256828939075271,1,49.84078819085164
2,0.6679925646685526,3,71.26098335257669
4,0.6109818571047824,1,27.72126383201812
1,0.43044483805798556,1,46.04804952105021
2,0.9035936617371646,5,74.13971807762934
3,0.6249310043612094,4,68.92236113886196
4,0.6133280538745767,1,35.67469789277783
4,0.6694071697621318,1,28.30958180073585
1,0.7353999421898874,3,39.21960565498414
2,0.5343932329055299,2,63.03194480735535
3,0.8858476530214419,3,46.96650015609932
3,0.5733088878159557,3,71.04578204769724
0,0.802680934538796,2,30.04504834809838
2,0.9457045357375248,3,61.66199320768747
4,0.8325895083102992,3,42.591591633752486
1,0.7799063863993387,5,53.46282944558046
2,0.6259614855716341,3,71.24493947578783
4,0.4648200135960934,4,65.641434193408
3,0.8790517514198459,5,70.26547103633906
4,0.8864855793283091,1,18.65268490637487
2,0.40347465783095865,3,82.9510998098808
2,0.6254911329211211,2,57.73812102181238
1,0.8835469339255653,5,49.35377158742878
1,0.7380760896579157,4,55.06086828185896
4,0.5068423997663819,4,61.04832485176182
2,0.4875228291114282,1,62.787817939583746
4,0.8880462048333259,3,31.891439320262624
0,0.5554267384186097,5,67.6340197649736
3,0.45032758454078775,2,68.0928484320348
0,0.6634540451076998,2,39.61391559434795
2,0.6651478815176396,4,80.0425816658023
3,0.9507568900053592,3,46.8859176326912
0,0.743806761964303,3,45.04307832150378
2,0.47372821245107755,1,61.56868905356676
0,0.6009456075859758,4,63.6148569904513
2,0.4078724649144562,3,80.24001892368739
4,0.6403742445060043,5,64.34470420079154
1,0.7752653634289632,4,46.86767028139445
2,0.7457748613721431,3,66.69147353093894
2,0.54129000833583,4,88.34306938517328
2,0.8825322722036613,3,61.40028347641702
1,0.4586702981031781,2,50.696770646733
0,0.8721847911201502,3,38.25540514177481
2,0.7390337971792118,4,74.80777450270733
1,0.47944390285273253,2,48.71046525923745
3,0.9780725827010162,1,27.545027922196706
3,0.6548968580564789,5,81.09440487960464
3,0.7811153617328139,2,47.43926252879391
1,0.8728065540292103,3,30.793273245251108
0,0.7984000079966387,3,33.84816761219979
0,0.7909945007239814,4,43.6973880971188
3,0.9696888151164118,5,62.74425394128069
3,0.7772184973263097,4,65.73093618965098
0,0.9596373171947258,2,23.83363818625458
2,0.732181711817063,4,74.36173734480344
3,0.6145060157467578,1,43.49925630463076
4,0.8271224771562249,4,47.458553837748326
1,0.6774256779639256,5,59.53075164346412
0,0.640256376054104,2,41.16236347887677
3,0.9609089560127199,5,62.448456967970294
1,0.4133872066395087,2,50.641303218991105
1,0.7536392896826143,4,46.567991535877404
2,0.42113248575627243,2,72.88654002481292
4,0.40373556210689476,5,72.71221407808191
0,0.772430687677578,1,29.975619949250067
1,0.6305732709770155,3,44.631570991448406
3,0.6425483870648305,3,61.018635165351576
1,0.7266591679733939,5,63.30036799218956
2,0.6392139910713884,1,60.4417123546068
3,0.401915102123505,1,60.247188032273094
1,0.9169515169987144,3,34.55317423477977
4,0.4417673084105431,4,62.871141582267285
4,0.5166619500171529,2,45.63697410633986
1,0.7051648074783169,2,35.464298049073264
3,0.8111029032864137,1,33.89568388993554
3,0.7739699702878786,2,51.76598828836679
0,0.4870677359992168,2,45.16576487309932
0,0.41741680119334457,1,35.56072665511924
3,0.7186937686716708,4,68.41516198145683
4,0.9655982543333842,1,19.48753219402773
0,0.716858746163507,1,21.576926678502073
3,0.831819858206414,5,66.67368431451028
3,0.5194249055350507,4,75.83738830124582
1,0.876905708803132,5,48.711554504040976
3,0.4455131151857342,1,56.076545527293206
1,0.6100520786054239,5,65.80451709357115
0,0.6987260532958066,3,42.51334744383526
3,0.5186794016411825,4,68.0569955393412
4,0.9673047296567959,4,44.812093907884396
3,0.41298238330229375,2,65.01776138831242
0,0.5112165755613559,3,57.42777128379246
3,0.4357693620912839,5,93.472122379753
3,0.7644796664792531,2,45.647114837182365
0,0.8215039640658357,1,17.16636484058551
1,0.7538474716778432,3,45.30259468080598
0,0.5584984584274391,1,29.63224533757813
2,0.9562673676340423,4,55.47497106550105
3,0.4484957751276811,1,58.66735620008396
4,0.9412725026448547,4,39.86039534697791
1,0.4348935498299587,1,42.23940617588649
4,0.606640142687525,2,40.116695634936434
0,0.5182016524919743,2,45.519707765228596
2,0.5978798601921027,1,62.459088409573795
2,0.45701767612049443,2,66.72752642525862
2,0.6624402216756735,4,69.78621484600897
1,0.9773102625806941,4,31.803574223578657
3,0.8812255795443307,2,45.87846065581582
3,0.8065722407842443,3,62.61107981602866
0,0.7872270476583916,1,28.81986347190187
0,0.4301663523556951,1,39.906172718804996
4,0.8458880897161725,5,52.43254964710991
2,0.5839755319696145,2,68.96633662179816
1,0.6179641532562978,2,39.844139373040235
3,0.8195273302818489,4,60.301031844917745
4,0.7515911804429776,1,28.14440880263991
3,0.5122012486815817,3,69.65271861693861
0,0.6627285893824786,4,54.87799201914139
3,0.4334524006215772,5,83.730372705652
0,0.419978334412576,1,42.02913951419654
1,0.8936374971694909,4,39.00793082937817
4,0.4144512146548641,1,38.81185113868944
3,0.8995913082274124,3,48.29100734912814
2,0.47744623616799,4,88.20606307386232
0,0.5116593896832615,2,38.15676755775577
4,0.6596966118147437,4,62.3874348871923
1,0.4418946134396649,5,71.53319017998277
0,0.8360595478984725,3,34.01618125752782
0,0.6910547158176437,1,26.797928020149307
0,0.5054585770012487,3,48.468591649321624
2,0.43720594187357975,1,63.929980156847925
0,0.42365611216031523,1,34.94793033412432
2,0.8943585518425823,1,44.70210580975646
0,0.6104391833334786,1,29.760718618586406
3,0.9156910038229499,1,33.732465974094154
0,0.6710454209837093,1,26.572497330998576
3,0.6346114804464985,3,62.42422734328174
2,0.8687443793839997,1,40.973468147536714
2,0.8048127566825788,4,70.49708337112806
3,0.8468818975946828,2,39.88485362829527
2,0.9190065928015811,4,60.73395979060419
0,0.46295006598700306,2,45.1439413924395
4,0.7717343357917746,4,48.228371442167536
3,0.7090699264178149,3,52.53700509810916
4,0.48830742654945464,3,48.43460073964554
4,0.7136994605919031,4,39.120092869359574
2,0.6992638629259058,4,73.2001382365672
1,0.8529162262226463,2,24.387715123902215
1,0.4038907385357885,2,49.77831134391447
1,0.6136566357801545,4,54.89093851699244
1,0.7105138796158729,4,51.00269167632002
1,0.6774236467782033,1,26.696767659317587
2,0.6482595628161584,1,51.64266673053811
0,0.44952636428371834,4,60.662429054264415
3,0.975873304085092,2,35.04083918713329
3,0.8635751016457854,3,49.62378768328718
1,0.4918299409710746,1,38.921244647573744
1,0.4678101555731519,2,50.42178413810836
0,0.8635282718163918,4,36.81299401276372
3,0.6404925314475739,2,55.633491064473745
3,0.4717890589012741,4,73.53457652189674
4,0.7774513077928911,3,37.01264506422216
1,0.4506619584495134,1,34.958562046992874
1,0.6211878673675266,5,59.68566406568872
0,0.6696340670227908,1,28.296075774854998
0,0.5509011968275205,4,55.554076777923235
0,0.7275933713974954,4,42.48076563603266
1,0.6318752812194706,2,34.179330914274914
0,0.8702374780906931,3,36.947592087130644
1,0.6526795953347279,3,49.01960691468375
1,0.42548884463878445,3,58.37857978476935
0,0.5539635483895423,2,42.811497921362964
3,0.9915733153551227,2,38.95167930531854
0,0.48559661754498373,1,35.37663029313416
2,0.6417382991843218,1,57.599174053204536
0,0.8686870450936404,5,50.01501244115917
4,0.6923520697786889,4,52.86361121098551
4,0.7843372114581029,2,30.035506622577802
1,0.562172457373493,3,46.455757522045076
3,0.5101922265632731,5,88.11914981648152
2,0.99965534155327,1,34.85221701525306
0,0.5803026703149096,3,47.986810547137786
0,0.45465087322047903,5,72.89742213530309
1,0.5085170120856219,1,45.84052736018726
0,0.850973484377998,5,53.689962708634425
4,0.8979595274773875,5,49.24690499818687
2,0.4653428421290152,5,89.3955871345018
3,0.8648029027796329,2,37.1097300302217
0,0.6790486443774251,5,65.38870457877076
4,0.4335576239410978,2,51.401755278787704
1,0.40731648455412883,5,65.7194802784575
1,0.5601895602249911,4,60.68280155037361
4,0.5782156967399311,1,28.287115985459472
4,0.9600852341938091,3,33.45841294283871
1,0.5311311770649576,3,49.29748648653167
3,0.9465598764012698,1,37.09252794097037
0,0.9679369213332517,5,47.08833970604282
2,0.4974943339971143,2,69.1138489179578
1,0.732276097709282,5,61.46365096061024
2,0.8854753325407052,4,61.90452751487128
2,0.9078055053978146,4,68.10052438673199
0,0.48955484327731214,2,47.115239453133746
2,0.4586440932864553,3,83.79391919423843
3,0.7240311743517778,2,48.155607974522916
3,0.8966392220205559,4,62.45872836409987
3,0.46220571409249306,1,51.50820239029947
1,0.43955266920877467,2,49.03647921434399
1,0.8325506402137678,4,39.25005856433786
1,0.6864348363483219,1,28.38790056311295
0,0.4871646413343168,4,61.05828737127509
4,0.842622026351102,2,26.14988951646093
1,0.43113479310011565,5,78.50996484052263
2,0.9772521500710173,4,67.0535163055558
1,0.6622314134444272,2,36.23449236002297
3,0.9718640106223811,1,24.641442756873023
1,0.6758883519556769,4,50.76263348242616
4,0.532798454725721,2,46.356844161484396
1,0.6489868124252783,3,43.22926836115155
1,0.4406289592302241,3,54.81740517031517
4,0.8421557819140686,3,35.374673458383924
4,0.9262947984188225,4,38.55661595329058
3,0.40992629401046093,2,69.7686305607959
2,0.9299348459284767,1,33.971613111884736
2,0.9753278392178759,4,55.15977282444411
1,0.5128086172110585,4,61.74550062560719
1,0.656082399950292,3,49.744311225763326
1,0.5704238267187259,3,42.65654170751558
4,0.6561390617249987,1,24.75061797725103
2,0.8044151273761811,2,55.488806235226576
2,0.8052718870568737,2,55.07921811147798
4,0.5205323773893826,4,59.77977847920005
1,0.4223669261628128,1,41.43317206607461
4,0.7793538096379147,5,65.53256270239116
1,0.6637097013822886,5,64.36843475279323
2,0.7748702037039417,4,76.62688371211807
4,0.7827633762411779,1,24.793830885249086
3,0.5558526408939003,1,48.22500757405469
2,0.7509503576702399,5,81.77011884942101
1,0.9751827830235913,4,36.910163633280696
0,0.6720911368629567,1,32.34408850382057
1,0.7601707708073365,5,57.262131013853455
4,0.5475832130625784,4,54.63800859876552
2,0.41293743539243316,3,95.3195051156302
3,0.9898957986190831,4,56.88641280582438
3,0.8585325506819506,3,48.82904415137437
4,0.6176209520457097,4,54.94429676663719
0,0.956363814003876,3,37.13975290604277
1,0.4058311471127366,4,60.98470392671867
1,0.6423772098550357,4,58.08980708275049
1,0.4160013157279835,4,66.643085218175
2,0.8660893066082433,3,54.06516108572261
2,0.5813055575242945,5,95.40059808260679
0,0.9333975132104492,5,48.59473278841303
2,0.4859140908870868,5,90.59133658696452
3,0.74949595135004,2,51.23678948601082
2,0.8156680330728876,5,75.07652889551699
4,0.8057688430541687,1,22.556991725205293
3,0.784982188541639,1,32.24683134399548
3,0.656164992519897,5,75.53433912014737
4,0.9171649311304697,2,21.491181982663626
2,0.919483410597324,5,65.76350117316481
3,0.819174213192254,3,44.77681221162632
2,0.8022015382360456,2,62.87233371366128
0,0.5721280802144466,1,29.92918421318326
3,0.6734411444709193,2,51.39351805096287
2,0.8991252153842907,5,76.81043763670198
0,0.42427507117150964,1,37.977527586785136
1,0.8380287882595217,1,9.74894879261693
1,0.994144951683386,3,32.1553061072982
4,0.665056286975537,2,42.33722625977557
3,0.8739079663480962,1,34.534753076658106
2,0.54387022291431,2,68.72802286428887
0,0.8395546348345284,2,27.07932981220805
3,0.9624881415176542,2,45.04170682647742
4,0.5933626234021905,5,59.355923189638496
0,0.4527615864581584,1,34.355829005047575
0,0.6560288185222357,2,36.84064785719441
2,0.9247407374531658,2,56.53109888487626
0,0.5934411548642403,1,31.695557387389456
0,0.4228258025108622,2,40.51111467757819
0,0.4852999026822872,4,53.293386629472316
2,0.6899059794284759,1,49.9965180273517
1,0.6549155947003954,4,53.09869915575524
4,0.5811922652668153,3,47.68917535008756
3,0.45351259483172,5,87.93879302658156
0,0.42966014996596785,2,46.30019545808866
0,0.4158560275090115,5,75.9230833132768
2,0.7608302877234162,4,72.19999600021939
3,0.8933252669594638,3,56.48879730674576
4,0.43703629380601117,2,42.18520069881632
2,0.8596615012825308,1,53.26465606500345
2,0.8610699761612357,5,82.40664164827881
4,0.6911251652783912,5,54.30318371447247
4,0.7936691955604591,5,52.20822845949403
0,0.4533044995197492,5,72.09122271711354
2,0.5613607921002328,3,75.05553565844663
1,0.9287615820038061,1,21.71543428957229
0,0.4023863877320425,5,74.2073437722049
1,0.9101653788266864,3,36.37319838872311
0,0.710343321842839,2,42.68480204287194
4,0.719891203045526,5,60.997164806136894
4,0.6261742664272948,3,52.81821846025731
1,0.544400519870216,3,54.14394394478737
4,0.6628098865823642,2,39.01264014009421
3,0.7955197404735816,2,46.096456509021884
4,0.5112169469145822,4,61.972759075873675
3,0.8692352382637909,3,48.588456472795016
1,0.9471508699452197,5,36.08026988427167
2,0.4912837568852281,5,92.30340421633845
4,0.8898842449719815,2,26.026116524238113
2,0.7402953766534214,2,56.61440357781511
3,0.8760893103481214,5,70.19219172338727
0,0.6852467342555241,2,33.51772336013626
0,0.480173723468261,5,70.99694304106039
1,0.6742869586533935,5,57.64194489453847
0,0.6763633432516896,4,49.968003729737895
4,0.8709667610237328,2,24.553988204994447
4,0.7982189217902619,2,31.54981427740206
3,0.5978351056241551,5,83.26454104090011
3,0.7356868043047479,3,60.58873419346958
0,0.7490226293016518,3,37.880902680696465
1,0.5325391458934784,1,34.33698901967986
0,0.929102446508082,4,39.986726050765526
1,0.41557224699181183,2,44.492879174099016
1,0.7279974983437945,2,37.30548784249871
1,0.6426006214522576,5,63.9804438986578
1,0.7429089717651534,1,13.76522155863205
1,0.6055890178630654,1,28.76801534971672
1,0.8673655239894766,4,46.8748692539145
4,0.48665307253585377,5,66.08260310621719
4,0.9878905951387931,1,8.241986123528076
4,0.49790284140025487,2,49.1050236362739
0,0.8786171962490639,2,28.326997683806873
2,0.6497287020068712,2,60.515154717255534
0,0.7893182294374624,2,34.724001477392015
4,0.5299167402037045,2,41.8098424733168
2,0.6254515887577516,4,79.0091200720025
4,0.92486619804884,5,47.547019026917184
1,0.5527988330659119,2,31.17281609178091
2,0.5937521597656469,5,84.59145115481832
0,0.6568035288241807,3,50.944234351078464
1,0.6074196859689508,3,39.53616453067882
0,0.6105491437201731,2,37.23754951770739
2,0.44688434758613715,1,67.07573054543104
1,0.6067485286212003,2,39.4682076645528
2,0.7682321808811873,4,75.44368457498192
3,0.40610408869141323,5,82.98263813538173
3,0.7019948301311378,1,50.07298018100437
1,0.883723535022251,3,38.76151736454881
3,0.6192407798371384,5,76.87164550364888
1,0.8389398323819242,5,55.898594682559825
3,0.9719350634046839,4,55.33339229476868
3,0.52262264550052,4,68.09517263611744
1,0.40985187661009626,4,65.60538571071584
0,0.7535231010548724,4,51.7798412115981
0,0.7889273109666114,1,15.452871177000365
2,0.5033746266091238,5,94.44808683259852
2,0.5567099447439533,4,86.02485174223472
3,0.9506374979581962,3,46.219213741479535
0,0.9170120072805582,4,45.996350731918994
0,0.42015887370772903,1,43.436344049835824
1,0.8449534470465103,5,45.67843957888175
3,0.4883711788346694,5,87.09272740074665
0,0.8524769523249129,2,35.17932665326827
0,0.707948106701856,1,23.75383019442078
2,0.9265377958561022,2,44.77875283929929
1,0.4331746485963071,1,46.479354116498754
0,0.5079012438700579,1,41.11874508937543
1,0.7468572453546101,4,49.42343914422433
2,0.6656168861823868,1,47.22972463401457
0,0.8897340324525609,4,45.69302970900175
0,0.6040487184746207,5,70.54888575196146
4,0.6149749986390877,3,46.082531798206816
4,0.62125635908197,4,59.379901725796216
4,0.7614858963484968,3,44.49897494637523
1,0.6502197715344873,2,40.61385106554534
0,0.8579200933209142,2,23.685026035870145
0,0.5247626268593544,5,62.5857170839314
3,0.5096611123529093,5,85.60307808549534
0,0.955072773823558,1,4.729539494866719
1,0.9021167193220082,4,44.029543432325475
3,0.44870977574056264,3,74.38297082771652
3,0.6614693619567573,3,61.98145132577754
3,0.6149006227523648,2,54.08480206579102
3,0.7504298605066746,2,48.33904858136876
3,0.6402581624170016,2,57.59704343011259
3,0.8251203475675057,1,35.35616360505584
0,0.9777192048931992,1,15.246675562778943
1,0.4772210395636019,1,33.20663095915088
1,0.9487709510571517,3,30.445551251754225
4,0.8750514461719836,1,15.543695775438305
1,0.4174572231046826,5,69.94420124801773
4,0.41912305370352804,5,79.25835773360066
3,0.8168163282417005,1,36.07318291147108
0,0.9678002113189856,2,28.304513277426842
0,0.41301760921240027,5,78.89742842424502
1,0.6150900104218897,1,37.66780958022867
4,0.4724637574887935,2,38.68820272662281
0,0.9299813876154698,3,29.85793297208001
4,0.6562608935371079,1,32.86917847235259
3,0.5353950787268775,3,78.08139497452737
1,0.7991622482747427,5,55.3076908050238
0,0.5124588762011545,3,56.42910151889244
4,0.4236913082515863,3,56.20390307622497
4,0.5231438557702583,4,60.09589815144397
0,0.49226838621789104,1,31.378466045559346
3,0.7940547848475032,4,62.25554156472454
2,0.5906684040907503,3,72.61938834121133
3,0.9140605863436061,5,66.36519163368649
4,0.447807131502401,2,47.12525709434487
4,0.4612754852282441,3,46.01482726639293
4,0.6513433688844763,1,34.342014893170465
3,0.9005423271149224,1,33.39513110828422
3,0.8334616510836128,5,65.34613909551072
4,0.5328451279964292,2,51.105318226621606
4,0.9953934578453383,1,17.86648062032031
1,0.5582509341659656,4,58.7720972156103
2,0.9347492404308831,5,75.79747965945678
1,0.7516624333836021,4,48.48959650110141
3,0.493377566630855,4,77.4019647380028
4,0.9439097410939921,3,37.42609983251444
0,0.4823159652976818,3,53.06698315716446
4,0.8939631673401405,3,35.070237580342564
3,0.844923046739166,3,53.17222279645383
1,0.8500673542981334,2,22.001196858189317
1,0.40564135783963046,2,54.896384289068166
0,0.6163222328855749,5,65.01142298865335
4,0.8983454860376247,5,43.77769751171003
1,0.9593552209105758,5,51.491219119486814
4,0.8414068021234178,4,43.42561251726961
1,0.4422826120067757,5,66.26484080979267
3,0.681433726357665,3,55.12834675688057
1,0.8510191332866017,1,16.019680333920313
1,0.7893770404829297,4,47.01797816388773
4,0.6471532947713647,3,46.77900759529845
0,0.7769444477515,3,32.46350985360404
3,0.4784091131816736,2,64.36073465457666
4,0.43781529437807515,4,68.01331143696893
3,0.7540781701997787,5,66.50651336703785
0,0.7263920488145359,1,31.324086286763116
2,0.754156706210755,1,45.61659780568429
1,0.47623868544984155,5,67.23786371650706
3,0.906377330251089,4,61.12952162115745
1,0.9191664358321733,3,31.7207440767626
3,0.5511771740236655,5,89.47010597814844
4,0.893656097583109,5,52.863848848347345
3,0.5513775803796817,4,73.3726612376523
1,0.4730842407537501,4,61.93253737252704
0,0.74033768568076,5,60.91627017806201
3,0.6719795393931842,2,45.53782149194518
4,0.79841382209167,4,47.10140957187347
4,0.9519984333358041,1,20.079637809618653
0,0.4114290193276617,5,80.30810122639238
1,0.8074007301620092,3,46.794826053719014
0,0.4982048112296869,4,58.18145594803804
4,0.520003781212027,4,59.80336491066378
0,0.5143602855980601,2,42.11684504251083
3,0.9071782249124729,4,56.3455513767818
2,0.7555139606530141,5,81.95685194532393
1,0.9714779818536343,1,8.975551356035801
1,0.7440606313533126,4,54.351287593335755
4,0.8626032364857845,4,35.64630151438892
3,0.5692393105904279,4,73.89383384806703
1,0.6174741428688233,3,41.82164451986521
0,0.5367767817762971,1,35.09877110227701
0,0.9586712962445744,3,24.803981084234202
1,0.4431219992089705,4,62.96941311683411
1,0.9942031494120283,5,48.079624402587896
3,0.8942917699836719,5,65.90551762725097
1,0.7495060456708013,3,39.59475880006695
3,0.8681964842171972,3,52.430028298454076
1,0.49012012088490553,3,57.772832641923316
3,0.4638746270777941,2,61.591477195800266
3,0.678946098684575,2,51.160084342549546
0,0.4705558140362962,2,45.29891667394247
0,0.9596539982462265,1,18.285428363537378
3,0.422851095264439,2,71.02395578613083
0,0.6602910710130936,5,56.10584607811123
3,0.7979539013710281,5,69.18431336582232
1,0.9785480817269273,2,19.3212124857819
0,0.7482038783603842,5,60.50312194226201
3,0.6817977100415447,4,69.38599900554055
1,0.7789778550352296,5,48.01209086398411
1,0.8974353569054809,3,32.653616141406275
0,0.8622663235288116,4,38.401958235757746
0,0.9242044774929028,1,12.981976300735493
1,0.907216601393758,5,44.499587325837936
4,0.8428993959394462,4,47.4358964306402
3,0.8439968687027123,4,61.487452344095246
0,0.7186141500795424,5,55.411324779517464
1,0.4235932604136947,5,79.50904425547265
2,0.7910990131620974,3,59.77211781426952
4,0.5938168880151182,2,37.706629700739725
2,0.8039572783685605,5,71.58582755200099
1,0.7170972588273623,5,53.75046604787841
0,0.6596547916517282,4,57.370162625354354
3,0.5842484366898901,5,79.33605365762027
0,0.9068943523553601,3,38.45180223589658
3,0.40318307398632847,2,63.10975045143885
2,0.6897031427657916,4,78.92724133686949
4,0.5048103164669421,3,47.542128707110486
3,0.655037212848407,4,73.4555755307107
2,0.45039743880785144,1,71.1157143343788
3,0.830824531964553,5,67.61305813476142
4,0.6489174618104763,5,66.78934122326693
4,0.9372709277298252,5,52.79550625727281
0,0.6826479242779391,4,47.49325376390384
1,0.6996432584418719,3,40.60352985154638
4,0.5503241634947239,2,37.105082807244344
1,0.5314451828656417,2,51.943655665833504
4,0.9039664817745345,3,29.795470968036582
3,0.7780860903428688,2,50.248824424910616
2,0.7957663159627131,4,73.7123493835028
4,0.6246755291133044,4,56.83504857468161
1,0.49516383703078065,5,75.39289933924374
4,0.5058439299646278,2,47.53379134112063
2,0.8330907360470203,3,60.73020950836164
3,0.833546442543508,2,47.33214944512318
3,0.9543731597379139,3,46.471406886871065
4,0.9644526336815029,1,16.78781232756444
3,0.6830535771847197,4,72.87451111596613
0,0.6960640217718264,4,54.35631131856566
4,0.6288541358694361,4,49.85481699131457
1,0.5070445113654048,3,58.033591918271625
0,0.6161088347426653,2,42.82414361312026
3,0.7638169936830193,2,46.526351686619634
1,0.9892118510480035,4,39.73069890942616
4,0.8359395995978538,2,28.202895294011263
0,0.43055271085398183,3,56.55417033737548
1,0.7617649614249011,3,38.863974879894116
2,0.9558497805798613,2,42.330179127692645
0,0.48477197558840546,3,54.017748622711245
1,0.9112249348823744,2,32.01569836728698
1,0.7856913274292351,2,33.96591453226635
2,0.6862650025077845,4,78.1114931616197
1,0.9392150840217066,4,38.47292348486093
0,0.9487695884125955,4,44.83896111282224
4,0.6230725611843847,3,46.2410263516415
1,0.8737854286976483,3,38.19787266973213
0,0.4591609853975141,2,50.50063101770043
1,0.8740953298922751,2,29.568183625940566
3,0.8697605965806863,1,30.865899400950063
3,0.6556562671826591,5,75.54074814468744
2,0.9654626317038327,2,43.06330148056911
4,0.6163932885132564,3,41.71080755274152
1,0.4320980620349357,2,44.5531106404347
2,0.7375324921811518,1,46.94674870402949
2,0.5914896587849188,1,58.12532853273982
4,0.4895023658254193,3,61.55101320496305
2,0.5922898756973036,1,59.02093645798427
0,0.8955347849683142,3,36.03461660874447
0,0.6434038671474462,5,62.70846823070268
1,0.8167699649924114,1,22.900861497266067
1,0.9023170986991547,2,24.559189238688703
2,0.6039639628413334,4,76.27643688446453
4,0.70267422879877,1,27.18969329390874
0,0.8930966644244983,5,49.51715250753007
2,0.9509187571625537,3,53.192732798075006
2,0.788698560534532,1,46.25903326875476
0,0.6869568751351411,4,48.1324563541648
3,0.8336591133523608,1,38.979106524837654
0,0.8669113399641787,4,42.74569437325733
4,0.9086052082931908,4,39.98654698250878
0,0.6910910189266367,4,48.72223193356933
1,0.7178603677441511,5,58.24128488195043
1,0.6489340893019637,2,31.52439175394925
0,0.7824539658705065,1,27.3464013850409
4,0.5982693471608768,2,38.045902318320664
4,0.6144662665190176,5,53.94041168928457
1,0.9161761703346302,5,49.49904834686163
0,0.9363767399585732,5,43.23325732039126
2,0.9369600286012443,1,42.28753824464456
1,0.7980117218844017,5,56.04531464920705
4,0.8627276233026095,5,46.35392578089939
3,0.8471400559512071,5,68.4170024304317
3,0.5078281517035367,2,58.17771500162898
1,0.8257840814433293,1,18.257323591763335
3,0.8683854437291152,5,69.55745431183583
1,0.6804983089137839,5,63.87567164810358
4,0.7135446557423311,4,43.62858038193515
0,0.43248696096345735,3,58.041613387583524
2,0.9773355123026795,1,35.593117646597875
2,0.4437565819881246,3,81.25923458896872
1,0.7527859886634505,2,35.05006273817309
3,0.5543952574381993,3,69.3796305406168
0,0.7549727037784502,4,52.94869848684252
1,0.49385668393639315,4,62.81733309499537
4,0.6638680300466833,1,29.475761632627282
3,0.7006643725689228,4,65.1347818997044
1,0.6447018803447245,1,33.0303073034557
0,0.5321021405225839,3,50.92378854104068
3,0.5654214410481474,2,61.54062287160696
3,0.8811791716014907,5,73.95361703391828
1,0.8747126231783227,2,27.763184504996495
1,0.7022469824894091,1,25.64321995932914
3,0.7894543691140632,3,56.090054469431195
1,0.8151408984592883,5,50.20374152399683
0,0.7631817593449717,2,30.1448358103814
1,0.40188542050708953,4,65.60181744785261
3,0.8209965256968967,3,52.296248929927195
1,0.6389335327684792,3,49.52745224395842
4,0.503947397762878,4,61.28619327577753
0,0.9761236497001325,1,7.986657848557911
4,0.6191401541966124,5,61.456113122753905
2,0.5765348834243755,2,60.85045584041529
1,0.4280041809421288,1,40.93461888823974
3,0.9557095331425545,1,29.800454539123805
0,0.49312875363154796,2,46.089377233931856
4,0.9638224948087363,4,39.20907324742299
3,0.7096741862985965,2,53.14682949927619
3,0.6463947226830091,3,63.28418829555277
1,0.8718523854273764,5,48.616708602811734
3,0.999879062670001,5,56.1757543359526
0,0.9555727555437573,1,25.552109087215698
2,0.6875346229903364,5,80.13838322230015
1,0.9824484355145713,3,25.071781499010967
2,0.5307211823965189,2,65.80877257029518
2,0.42566764172199556,5,90.66869321785734
4,0.6559467252617046,2,38.86372527470497
1,0.4668654184990835,5,79.5414041160829
1,0.48044353637860415,3,57.550048766326356
2,0.6095192756777743,1,53.72356198730285
4,0.833418948113952,2,23.978714675989817
3,0.7200402823275238,4,66.88743721584231
1,0.8615303734407571,1,16.96325681543332
0,0.9815465034178954,5,41.21362483206454
2,0.8425849603598338,4,68.69122647534033
3,0.4116986668419998,3,70.95629649607862
0,0.5587102809280509,3,53.949219510202354
1,0.44521841729023554,2,48.75631221318825
1,0.4935065079997336,3,57.19289162585587
2,0.4010398796272718,1,71.64010345876784
1,0.427349568386233,4,60.49882991529533
4,0.7811733284136317,4,46.43983230657618
0,0.42872139871709436,2,51.63533676160244
2,0.9347205488567578,2,49.855699920417095
0,0.4741632965238234,5,68.54853278984791
2,0.5198786902090725,3,75.79111028331178
1,0.40936493650435973,1,38.55618283300135
0,0.574308315069325,1,35.20546037585002
1,0.5322200420265999,3,54.56904783726405
3,0.7512673168099556,2,56.895939314078745
2,0.7547349076906948,1,45.85846233483886
2,0.970181826090226,2,45.895252216049364
0,0.6246308122151831,2,44.740663176349244
4,0.752318434813871,2,30.205576696540668
0,0.8436895117364294,4,42.985386439422484
3,0.4448919379742745,3,67.58474471114148
3,0.5990336423117515,4,67.8755225538953
0,0.8302893061702583,3,40.92331828467665
1,0.969966251180291,5,49.65285952030597
0,0.43991541350951596,5,73.42164538833408
0,0.7451478655626023,4,54.587438966272046
4,0.6308994800876611,1,30.63623047322532
3,0.818297644189792,1,35.450933444857526
0,0.8118755051593838,4,44.64247628790074
2,0.5765447276459221,2,68.18213835388508
3,0.46796573731538743,5,84.32602626821974
4,0.6125660608767494,5,63.58118329116503
2,0.5076785088413652,3,82.80707501588276
0,0.6927506141947418,5,58.24093284483349
0,0.6056572226329292,4,51.200985603639474
1,0.6736183271154218,3,49.68836743106194
0,0.9652562166941375,1,15.478389592626783
0,0.824295162556121,3,42.20293565330251
3,0.5224530175098263,1,54.17284879831894
2,0.5974429576773352,1,62.0028323479232
2,0.528228860100548,3,70.14535593562533
1,0.7075846185662471,4,49.25109450763403
3,0.7489562509558232,3,62.12841207463561
4,0.7974524418603515,4,41.80198787641864
1,0.7653900592276524,2,35.69708392384258
4,0.5358878757174821,5,58.15452359214965
1,0.6931410235841219,5,63.06529583487561
3,0.7835265649353624,5,67.43426294472606
1,0.6981441809452642,3,37.060541236130234
0,0.48602000839114706,5,74.72223044340193
4,0.8264790709029926,5,53.426602315475584
2,0.9050681721348662,3,57.789065426618286
4,0.9692641047127446,5,40.62440644150125
3,0.6274914742314321,3,61.07026869274432
4,0.41822616380017374,1,34.98073857023698
3,0.8265774856906988,2,41.09440807048479
1,0.9717931064582113,1,12.538983911533158
1,0.727304462700153,4,56.93065808168742
4,0.6577835462885799,3,46.03812411232105
4,0.5543588266997747,4,56.959891558885026
2,0.5329612677983941,5,96.26260212493251
2,0.8847969134575284,5,74.33032524028391
3,0.9192618095723972,1,32.04629925061983
1,0.5452462145281818,3,52.49035188664077
0,0.5237296446316329,3,50.3852794627571
2,0.8453552170546583,4,68.11948434180506
4,0.5065040165832296,2,37.502879294935056
3,0.41778212489369915,5,92.44340044697594
4,0.5484800858698905,5,70.3141731048225
1,0.45942225323864533,1,41.51329272965677
0,0.444065763746041,4,67.49349693159755
3,0.49029938576768384,2,60.24001928865319
3,0.5900777148210068,3,61.60340712450495
3,0.5235261779034346,4,75.32899951425726
3,0.7652397194595366,3,50.965860425395256
0,0.5392552283320404,2,42.60546152670954
3,0.8743237639889669,4,62.56565054747205
1,0.7916700352051094,5,56.48853164495843
2,0.6120165335046822,5,81.43175578151909
4,0.9553381760229817,3,30.08109683637509
4,0.88612468592737,2,26.631576249879267
0,0.8237123002252289,2,32.32175510425452
0,0.7578498329341403,5,57.78491661976433
1,0.9005083810186926,1,21.772036013400168
1,0.956812120711266,2,21.07722529879087
0,0.9417947827354608,1,23.643249300279976
3,0.6124250559361163,3,60.43030309871295
0,0.609861609694199,1,34.482016251000246
2,0.8326850032410644,4,67.49682387755023
0,0.9770183561496756,5,43.91788549556098
1,0.477891913979153,1,35.36971604791469
1,0.8752642971025273,5,52.91409027762974
0,0.9269622919525505,1,14.411261767693622
4,0.861372616600486,3,40.88082110191101
4,0.698707431573524,5,64.4405713490498
0,0.9762996689450923,1,18.797440595931846
4,0.6040280978163323,3,46.990033244115175
4,0.588929837714487,2,40.191525641316346
0,0.6220508148124935,3,51.30138320370405
2,0.9906144222717594,5,65.64734896626278
2,0.9778244975284792,1,40.69869030530889
2,0.5737497217039672,1,55.861371913201275
2,0.9906451989685685,1,39.17157858789693
4,0.5005983596166009,1,40.577401215912644
4,0.49709636579509864,5,69.97338859932027
4,0.6128906401313334,4,51.74130163877641
0,0.8544515217478295,5,60.61199101851763
2,0.7217051029561206,3,66.17427597602325
1,0.4199127059692881,1,39.56704284753563
4,0.8009435828817071,1,20.122829035466978
3,0.4810980030033971,4,76.50660256037453
1,0.6258650594713403,4,50.24873611339122
0,0.6369317374811531,1,31.255174055515972
0,0.7317811209055302,4,54.73221362620828
1,0.5355920782455851,5,71.4453974472259
2,0.8693782794847937,5,74.1327529734621
4,0.6968841754292382,4,56.39770412302078
4,0.9583668171083098,5,41.948967718164845
0,0.5820139004314098,2,39.99652277678363
1,0.7003941445028261,1,31.30550336237494
3,0.9040514853372977,2,36.81438255711717
2,0.49446828562766465,5,98.14150543901985
4,0.483030494346739,2,52.1811337992274
2,0.5431228043617324,5,89.91545678113506
0,0.9868650256730485,3,28.930683231944904
2,0.5067781170470599,5,92.42919399051273
4,0.4961066198625233,5,66.02680925688416
0,0.6619866107235066,5,66.29469793199834
3,0.866567051511979,2,42.71594947496279
2,0.7029367159284563,4,82.18868073282107
4,0.5043997225651294,1,36.74435382341545
4,0.5973398849120527,5,60.22008092497056
2,0.5625147569818139,2,67.75251118701566
3,0.8541658682646753,1,33.98593583569486
0,0.783504945265935,1,25.393704412771314
3,0.5658983432637011,2,60.235826687646195
2,0.5593608547071597,5,90.56140037749876
4,0.7474329629928488,3,40.382564762478296
4,0.43082347850282454,1,37.01101136860896
0,0.6167265039196101,3,48.33648715504623
4,0.7620836141524656,2,29.660403572554397
3,0.9644980184009782,5,58.15298785091321
1,0.5119444593356276,5,71.37210123926661
4,0.8124943605240261,3,43.6354523017157
3,0.5135076446507163,4,71.87503441081273
1,0.8489757100612012,3,34.522662338996874
3,0.9205006211017429,1,27.835841775825692
1,0.723995566310329,1,32.56387339741279
3,0.6425912224702363,1,49.218001327926316
4,0.6588586518422825,5,59.93973964515487
2,0.6505571835943982,4,75.96777925361845
4,0.8393064236226007,4,38.04822273470241
3,0.4362923367911386,4,83.65016597557666
2,0.5552044094305891,1,65.7497196829879
3,0.9399539023788815,5,61.58830165044873
1,0.625510379581973,2,35.88232953233038
1,0.48447318001197104,1,35.51381011107538
1,0.8766547630028189,2,30.341051607200626
2,0.7671592870725483,3,61.58087274659842
1,0.9247919283579004,4,36.022485184154576
3,0.7768055744986129,3,59.60862215626166
2,0.8259366747880037,1,50.38361246179453
3,0.4290637257653108,5,91.49484045374285
1,0.9450589342373537,1,14.952871927477243
1,0.9685363448148808,1,15.263336605482106
3,0.7813819039455617,4,64.50762027882291
2,0.9042621927874213,2,47.80497620179401
3,0.8855461397780265,2,46.6403197622463
0,0.626550199646936,4,64.145768543291
3,0.40688774119119553,4,79.93852494274334
2,0.5927809444054246,2,65.82024191328817
1,0.7491432459371393,5,65.47582189599866
4,0.6363446647820337,2,34.771026066376656
2,0.9110042734916752,5,71.84947493130797
0,0.9390278389739397,1,19.634055033031068
3,0.8836042427221469,4,63.31625009921622
1,0.9281396283527397,3,29.15564354101128
4,0.43083425132307573,4,60.635923110147864
0,0.7236535876570348,2,33.56352534306248
0,0.7281373078014135,4,53.38078145780037
2,0.48070992357362236,5,99.28400905384825
1,0.6992155152780155,4,55.051715614159065
3,0.7006256278648472,4,71.58670111243079
0,0.9630860448222526,2,22.506108151117864
4,0.6053608877250328,1,37.70148206712231
3,0.43049699448798573,2,64.14239808714291
2,0.5360031367785507,5,92.27872610226095
4,0.7666090052046897,5,57.71315197837689
1,0.9054822061562859,3,31.084695843792588
0,0.8980954094230442,4,44.303696559743976
2,0.48052821510407817,5,93.99705250515952
0,0.7528714049465534,1,21.65040083791398
2,0.9478506176656429,5,70.02641575858884
3,0.6538622731157302,1,50.96269569458703
0,0.6901110057641688,2,33.90135915786134
3,0.4827477582779675,2,63.54341046099194
4,0.7552157463541478,2,27.876114731559923
1,0.6585049857680274,3,45.9036349222829
4,0.6368320639553962,3,46.55865547436339
1,0.6987671130554363,4,54.45077821406214
1,0.5168615872033112,4,62.06614867167283
0,0.40182348328160444,4,63.54225176537761
1,0.4119908349761091,1,42.11064259393366
4,0.6729138637732446,2,31.760168717332213
2,0.442929913342096,4,87.80541544879034
2,0.6387258773132936,1,48.478575758005555
0,0.6224565306987694,1,38.435748312935495
4,0.7243618074988634,5,55.50773658341121
4,0.8547946115321421,4,39.102467674782
0,0.6037865898432921,4,54.62374879846787
4,0.8632913580397595,1,17.262410511659482
4,0.7049052216233302,3,41.8224181836363
2,0.4583341023979225,3,78.71333000943011
1,0.823133314699652,3,42.23629645596471
4,0.4122363019501887,1,39.39299191293773
3,0.43789672264558566,5,90.0514222041148
4,0.900657180370939,2,29.64530116389529
2,0.880720089141928,1,46.45654606417473
0,0.9963243037804951,2,24.151658601194274
3,0.9237303812261874,2,40.5690180606837
4,0.8571319749303222,5,48.63682680513698
1,0.5192913257730027,4,66.54944138512185
4,0.8912088131652198,5,44.213008024174066
2,0.461121592848044,1,64.12934453132877
0,0.4947725546060582,2,48.18203753582371
4,0.5887065852935208,5,64.43695957155734
4,0.722669263245006,3,43.087751176371
4,0.4098178720732998,1,39.32537849359365
0,0.8759687557576935,3,34.773288534449925
0,0.8584682297656708,5,49.01746425320915
4,0.5524521077852551,4,62.21158726628482
1,0.5517891055611617,5,63.833785473341685
4,0.7622348115204394,5,58.95934757053891
2,0.6630872694338266,5,78.29241984704873
1,0.6710960725385394,5,61.68418541822307
1,0.9813603992678024,5,40.001159161114415
4,0.5497550977364933,4,57.911606257576366
3,0.6926843580357498,5,73.00451668351813
3,0.824207367756336,2,47.35472358479207
4,0.665104839830013,3,50.04440756145185
2,0.6526536491237558,3,70.94465917327665
2,0.48721490615527924,3,79.83441787881898
4,0.41588053872898734,3,53.66766431423557
4,0.4464135738937276,4,60.373730837558156
1,0.9021442664948653,4,40.53594199071917
4,0.9602813971787183,5,42.88262200336544
0,0.49735598499170497,2,40.06048176639753
4,0.7215998729219844,1,25.855284003619285
0,0.6854598807059333,2,41.60977063480008
4,0.997597876831704,2,25.886098298236483
2,0.4336745916182537,4,92.51577917530975
4,0.8489236940936749,4,40.58898122821652
3,0.9561897071791554,2,38.68466036242547
3,0.6467363987546787,3,66.7044186979129
0,0.8992198178752822,1,20.734851432311466
3,0.48623502364029436,5,85.34330330163867
0,0.8844376156763112,3,34.64814880828295
0,0.8162675745540895,3,37.42676413270216
0,0.8108568174505275,5,52.47949789126938
4,0.4147878485602112,4,67.53045392358372
2,0.5199197907155864,2,71.1819117333219
0,0.6735177597256939,2,39.35801168974312
3,0.5746362588656656,2,64.2910677875968
4,0.5427502104328878,2,41.10553650126113
2,0.6325682370068988,3,67.63301253676543
3,0.9172923523391769,4,54.50138004892255
1,0.6104662098781425,5,62.94465303925922
2,0.6504312161992893,2,63.14375787836925
0,0.5106895856808786,5,72.12757846173929
2,0.8445478733346163,4,73.24922505425572
4,0.9576924955524608,3,27.95413031124109
3,0.9630415674996436,1,32.973536221590905
2,0.9947558672437463,1,34.297050767971925
3,0.7776810309198585,5,75.74171791495581
1,0.8698715130192166,4,40.81837664108116
1,0.8051289774827763,3,38.036573901234654
0,0.959770119712559,5,42.86893477630571
1,0.6952602171570996,4,52.60794757643086
0,0.4830495232597758,3,53.25822721441582
3,0.6763905066721505,3,55.06850999466771
4,0.7412336487369666,1,22.159206461320444
4,0.5960599399795637,4,55.066507739682905
1,0.5754103930121348,1,30.912655974028937
3,0.5891451715688661,2,55.66711600808768
0,0.6819605194300867,4,51.143226332902636
1,0.5707414593366337,2,46.84413031273979
3,0.7555971326329971,1,45.698071614945995
2,0.6181622403551332,1,53.64089683508223
1,0.5132784645661946,3,49.09975101420469
4,0.9386206666120945,4,44.166724473334725
0,0.9664270046528984,2,26.357160141765913
1,0.9775102182494182,1,8.328034498230043
0,0.9660249169403492,1,12.80007429025618
1,0.6414577863783589,2,34.8424622188557
2,0.42324682093417393,1,62.39958552760293
0,0.8788888183662209,3,36.88496783782503
0,0.7791422122238018,4,50.43400921492914
4,0.8035577416129476,3,40.02521924704298
3,0.7140624425770794,2,48.024121120339146
0,0.6472419020924569,3,49.20347307588065
3,0.6140650004405953,2,56.03710115846292
3,0.41484414378954004,2,66.2167166911994
2,0.4369725283967341,4,95.05294159891837
0,0.8910736534297601,3,33.01487697407401
2,0.6601066792270631,5,93.30422855566678
3,0.5125124014830449,5,78.95968583314381
1,0.5905106854670683,3,45.70395075793562
0,0.6159799592808016,4,56.29542784087547
0,0.6293157359519521,3,34.60027836029111
2,0.9326835415260503,2,48.03067664482104
1,0.8067688981952215,3,39.186638341134234
2,0.8070652721354701,5,77.05130378568535
0,0.9219556457958591,1,15.938024906501099
2,0.44370177193714644,4,85.2197149213548
3,0.9242675398564723,1,36.744443957620334
2,0.48679625258438863,4,87.67897935776945
0,0.4346802559599653,3,62.38850003429677
3,0.6884334868850416,2,45.41921354150344
3,0.47982376277070027,4,72.94187826512116
1,0.9247341642708701,2,27.22782248138663
2,0.9816019930324194,4,59.395190244817556
4,0.5377077366778887,2,44.53003353450352
2,0.46958530700772516,4,87.44520429906403
4,0.7615053767432481,5,61.57776231239498
3,0.7341257223355494,1,43.97908822047435
2,0.5864422889380099,1,48.425689292505695
4,0.5040966402102602,3,55.905906089088575
4,0.4205499637535103,4,62.11054647349804
4,0.4325779901200876,1,45.43579023984314
2,0.6678908417508532,1,62.46049562672044
1,0.4792222197366775,1,36.16942074069566
3,0.8602669866009154,4,59.43374072284798
4,0.6758927073469776,5,53.830251198903824
4,0.7690937055370228,1,24.530856473898805
0,0.7845439050367613,4,43.75727513105237
3,0.5503027063780828,2,63.13591802457046
2,0.8825226785133118,2,54.98014444507654
2,0.7154480016370323,2,65.88578506256675
1,0.43608122501772173,5,70.92108383380862
1,0.9366536249439811,3,30.537523291170732
4,0.47158202761168766,3,58.34116403592366
1,0.41739866508986045,3,58.68142738226615
4,0.5247735509466324,5,67.93244921009062
0,0.9878022619381729,3,32.107510412307796
2,0.40888810217580673,3,78.27117918092048
1,0.567541430421576,1,29.601903155786196
2,0.8740917872822496,2,49.34664255413503
1,0.6127601119667072,3,49.10084092891656
1,0.44290421542319547,5,71.25345697231973
2,0.9525126522232822,5,72.311041806057
2,0.9229026127298701,4,66.6287198954994
2,0.8467483177862671,4,73.00390588901043
0,0.7404638517747884,1,32.43962381503646
3,0.5651575272861726,1,49.36918133063083
1,0.8580346859160005,4,41.49077202053514
4,0.6002799556805006,3,47.87425992254519
4,0.8307866746748079,3,38.57390694000144
4,0.756753173677529,4,45.25803795187258
3,0.9755087561421113,3,45.187183606286375
4,0.8927570046442785,5,50.649296543420256
3,0.5871649878967888,1,51.893222906897186
0,0.7921502715960844,3,36.060148654334995
3,0.871334268583871,2,40.356631896877715
2,0.7419513408289262,4,71.77294427218331
2,0.8622860913824402,1,50.37916293929733
1,0.9356344765573579,3,32.511555669540044
1,0.8269103731383862,3,39.89295731141659
3,0.9861235394805867,4,48.60197005949158
4,0.8832220214996607,5,46.47684061974213
1,0.9024411218889886,5,45.13100229677406
1,0.7980944098409088,2,26.841357849993017
4,0.9694243594446061,1,17.938464896108968
2,0.9439361135050102,2,43.11685368145825
3,0.4657302056205798,3,74.11825979017522
2,0.8659900300712275,1,45.19310039957843
0,0.6218162986652985,5,63.97301517031353
4,0.5511808789694979,4,57.23486733856319
1,0.6909871698911105,2,32.845474270987594
0,0.9841038702673829,1,8.997912717785876
2,0.7041048959853604,5,86.54693188557819
2,0.7314283618415282,2,66.76732854099475
4,0.6576620824730663,5,60.07034972476521
0,0.8080281892251852,1,23.193461888040055
0,0.9549609059374112,3,32.606152132887004
4,0.9257814898197559,5,45.9828090370741
4,0.9574054693619343,2,26.603570556659143
2,0.492234694340552,1,58.46312040322233
2,0.9483217670936968,4,61.71028074852951
3,0.7976685035228233,1,37.94827494390166
3,0.9658593502800668,4,56.98256028035341
3,0.9678523554863302,1,30.118342614834848
4,0.7511410651966057,4,50.60493890299841
4,0.6172345312341154,4,55.74481575587059
1,0.5417647407541122,1,29.868376405053176
1,0.757401455018686,5,57.59944632169983
3,0.8173345240469226,2,47.56970779873821
4,0.8716181947072692,5,47.18339759690329
2,0.8073334563957433,4,69.98447596423802
1,0.6675750492539125,5,59.61415156943674
1,0.726150924299968,4,50.150433376364404
4,0.4623934516593652,5,73.29490478106473
1,0.586198478250857,5,59.57178050093129
0,0.6258451815717657,2,37.219455082657085
4,0.42024556728794366,3,50.66858458444448
0,0.6865436481295463,5,58.8177940504807
2,0.9925466645264068,4,59.241405431667715
2,0.5403671220590707,5,94.45052863729414
3,0.5770625330917079,4,65.0131559186132
4,0.9247699248300346,1,20.839207446810974
2,0.8401021259180788,2,52.010223764446124
4,0.47238320791655275,5,69.29198256028465
1,0.8438213389800012,2,33.61942102279584
2,0.43176535810177974,4,86.19781695411498
3,0.5981890716418188,1,49.63401992779824
2,0.9764530141455566,5,73.17334884346457
4,0.7145585238350463,4,51.88946276641172
0,0.7005405571541101,3,45.55720104952893
4,0.526290645345047,1,41.19265898913813
3,0.948012606330653,4,59.188103831301405
0,0.6541393179068342,2,33.93063751075278
1,0.8694911583218738,4,45.727362970752694
2,0.556070122640831,5,94.36330949922721
2,0.6022638832079023,1,54.46020380504311
4,0.44960176757276027,3,54.02649555316779
3,0.8226040503727785,2,39.71182174979355
4,0.7154872564861572,5,60.49683609917122
3,0.5975210773854367,5,78.92205800461382
4,0.4664989184758008,1,35.34937440957532
1,0.7449099898345315,3,39.54803818541269
4,0.9969521516717607,1,14.709808772575013
1,0.7882056139625868,2,33.224123672254564
0,0.7454989901054954,4,54.45550629673613
2,0.8397300873525713,3,57.727446361077654
1,0.9263738797850463,1,20.975686008673087
3,0.8238557394354229,1,40.68273849377084
2,0.41231146044306,2,84.74815477302772
0,0.7901955397744096,1,17.726564172549622
3,0.6340150924446424,2,62.71902386268278
2,0.5537958078650175,5,86.6923451185237
2,0.8450744235289473,1,49.39701670773988
1,0.4032844000928612,1,45.37533053635134
2,0.9880970216236054,4,60.31838017835745
1,0.45075321631579923,1,44.26496340127274
0,0.5081405334797384,2,44.4504127171246
3,0.5833342520133632,2,60.83315195724076
3,0.4065176130514003,5,89.70161121247048
4,0.7426273291954899,5,59.463211384763135
1,0.7922545372413823,3,42.10173975124079
3,0.7466983909758156,2,44.99760527476509
0,0.8094979690518822,4,49.94986206479119
1,0.47938715507704543,4,62.72511839323611
2,0.9798238424936684,4,67.472446502622
2,0.44714551695612037,5,91.02558926038972
3,0.8563842004540626,2,33.183497436564956
2,0.7388626823189697,4,78.59011570139302
2,0.9188942909711995,4,62.535115998088045
4,0.822443213433228,5,55.34387457543539
0,0.8434083341901858,3,37.498975967318344
2,0.43533415013339555,4,88.07467876338715
1,0.8697664694284004,1,18.53186401486226
4,0.9455645499110664,5,46.477391555745406
2,0.6458979288538091,2,54.7443016982506
2,0.4674006365148001,5,90.56604501509807
1,0.587924576344401,4,53.144119148693186
4,0.43404727867060633,1,40.50180430598349
1,0.7447587122439949,2,35.48400850659182
0,0.7843112220731248,3,37.91655518631186
3,0.9666094076649988,5,63.01317396852977
0,0.8069559926781382,3,34.770068385854906
0,0.4578254610549017,5,67.82132642136818
3,0.7687472835884873,1,37.634811053078195
3,0.7224542904347648,5,75.9731232476611
3,0.6156312150763816,4,70.30600814295866
1,0.8664800491453643,1,24.149188602481484
3,0.8409481170051177,3,48.57047206929415
3,0.9984687886069334,1,29.797245014949315
2,0.9907931074653382,5,70.1311562970014
3,0.9697134967229298,1,37.39416899898833
3,0.719040195062517,2,50.42703783892753
4,0.6404734412947157,2,33.46306052131517
0,0.6528371037423302,3,43.881902612787734
4,0.8812060264756636,4,39.623277435782896
1,0.5864884744640171,2,39.17997967063806
1,0.98277931218194,5,42.74221223639798
4,0.5490084373753501,4,56.21708248718758
2,0.6322339189054288,2,56.62705658263062
4,0.6256840242810863,3,47.90588863706408
2,0.7535959483794061,2,57.99374528567483
2,0.6069487840287754,5,84.83874796467074
1,0.7506857668869846,4,42.684948616230436
4,0.44652883978260305,5,72.63383015330258
3,0.4908836283764541,4,74.65085755830215
4,0.9031064346324853,4,44.19227746974445
2,0.6540431760144192,3,69.45273572124391
4,0.40147100417394693,2,46.17668569584862
4,0.5525576023183304,2,36.24856918194571
2,0.7153236312052393,5,83.79393255606668
1,0.909897047915426,4,42.86153837575432
2,0.74585983033537,3,60.11903976835127
2,0.7449189741883036,4,76.31923450873647
1,0.6824576103006469,4,55.26437820386868
3,0.4075444709945316,4,79.76657410711488
3,0.9430866878658501,3,55.08725816478511
4,0.546858664255531,3,51.030104280603496
4,0.8054251066306914,4,47.29260282018931
3,0.8697366093868695,1,34.10135020761748
1,0.7446657580259946,2,40.310354948096304
1,0.6831584180696999,2,36.781533588245075
0,0.6077990192604286,1,36.592943336265904
1,0.6205050078110782,3,39.78433197882663
2,0.524824436754723,3,78.30368366514931
0,0.9117713643381143,5,47.58877614101811
4,0.6017277135506731,3,37.74219526582906
0,0.40566168491821264,2,57.560868064785076
0,0.5700311719161654,5,65.44197412628026
4,0.43450476258601983,1,34.38901632935174
0,0.6496129809404999,2,51.36534737067654
0,0.7162870887931478,3,48.00306168231678
4,0.4849276250973283,5,68.47356080503377
0,0.5851924132435823,3,49.982509341996405
0,0.485950541343508,4,62.05811643006818
2,0.8752912612903417,4,67.64670977118352
0,0.4468557967532509,1,45.27064832732693
3,0.6590532318023239,3,62.72556245017248
4,0.4595155226226893,1,31.765443740585603
0,0.5915856239674646,1,29.753436129323436
3,0.7523100823202378,2,42.59667075055196
1,0.769858488372046,3,44.47358839880816
0,0.5758168971738762,5,68.19760285020341
2,0.833582060432436,5,81.43288633790408
4,0.7380836309673954,4,45.79009147124066
3,0.8846166055585929,1,37.26806077208739
1,0.41340210667086474,5,72.06895898594956
0,0.6783939418379128,4,52.216466751154556
1,0.6520961713018281,1,22.57163073565402
1,0.5388796163734897,5,69.34273579589436
0,0.6364363167199764,4,53.27627547719403
0,0.6550241787708377,5,57.25582365694114
2,0.5242257963199762,1,64.22654649115391
0,0.9727066595736579,3,31.403908421644548
1,0.4591756432390859,2,47.585766401261715
4,0.7175489194011477,2,32.43351100646684
3,0.7818519970246895,2,48.14786078359196
3,0.4235257197084524,1,53.757319894495225
0,0.4266757049038625,4,69.28278779217402
3,0.8077538916583276,5,70.35346170157489
2,0.42033529257952695,1,64.40782720889706
4,0.7209625657958438,4,46.7617789845635
4,0.48444216403200463,1,39.76015015271154
3,0.9904822042530825,2,37.33847937241833
2,0.7363036822444544,3,62.89382585240163
0,0.5409739866367026,3,50.50379070171732
3,0.6991775934179183,1,39.23457673057557
1,0.7524583203212827,3,40.97800958724907
4,0.9040498787591359,5,52.758714635180425
4,0.6001955929715352,4,58.32464344372167
0,0.8372303536173817,4,40.9486177819831
2,0.5399331684888365,3,77.25737402939617
2,0.7939674045236392,4,71.53270033973392
4,0.47648221763692056,3,54.490204627225964
2,0.4809868143046332,5,89.63386976339731
4,0.8794911664729967,1,19.143086550121467
1,0.7060260444092407,2,30.572920996420976
2,0.4287196109888108,2,73.14278186659185
1,0.9941732052993513,5,44.139211410478595
3,0.9537909182432245,5,67.97987136715744
0,0.7471730758087134,4,43.38403185224554
1,0.9412446770408474,1,18.58262915804316
4,0.8949892221779693,5,51.75829734856049
0,0.6843219052304046,1,27.042736781192183
3,0.6260130297008256,5,79.27797870428864
0,0.9068686196868863,2,22.338457965911527
3,0.6297379158687313,1,49.28520580735069
0,0.7669264550303594,4,45.812414945725386
1,0.5760688446771143,3,51.50616130080634
1,0.41039407468668965,1,38.06678723816894
4,0.9796136770538775,1,18.552469142241783
3,0.709007808881538,5,85.17699951097522
1,0.6651934240998882,3,51.20229376059005
3,0.9858720954907207,2,43.39691986612481
1,0.5778870948142714,4,51.22809765042193
3,0.5152366412064046,3,73.05508149742002
4,0.6905314704532324,3,31.432443709371956
0,0.734888230525395,3,44.42270255289235
0,0.7256674379068693,5,57.2302157008381
3,0.7008129765179755,4,72.99066763614783
1,0.6742813176262916,5,63.550910318494346
4,0.8416991248534212,2,30.554661055451476
0,0.8099010604896429,4,44.2666908303984
2,0.6028272172280227,4,82.73627048846994
2,0.511498115863719,4,88.49172502224272
3,0.511485632610972,2,58.91279430288985
0,0.6215277692391785,2,40.37275285721925
0,0.867913452822976,3,36.96560036605466
0,0.945969227855202,5,51.28643954655613
1,0.5405594018005552,3,54.67770010713048
3,0.42869181812521345,2,65.2978113706496
2,0.6487564050374175,5,89.5928937842753
2,0.9710835109382616,4,62.827826404682355
4,0.5416962999445102,2,38.54189225694516
0,0.9395044879750118,1,15.854696202649704
3,0.5630948299137759,3,70.79729093637683
3,0.5384782671900648,4,72.86240336861906
1,0.9608415837995089,4,38.4690199770591
1,0.9624746442776345,2,17.40370482475353
2,0.4643682251628604,4,90.62881135427581
4,0.9029370207453146,5,54.12794805504535
3,0.7458530445756744,4,60.89117051556448
3,0.8488263196569168,4,57.33944469615249
0,0.5392470604251619,2,43.47933387053192
2,0.5346580404494099,5,91.2783271935755
0,0.42214453716711026,1,37.98546768370765
1,0.6582354336406003,1,26.601747706750544
3,0.5941661551857225,2,56.54140013065112
4,0.5894560773181758,4,53.99943977435206
1,0.8570025214709248,4,45.61088076528043
2,0.9601936727717446,1,37.86917749444875
2,0.7371414743904692,1,47.745319974240516
1,0.5181549728095743,3,48.349030834696755
1,0.45384637216106344,1,42.240019381858644
2,0.8076851345192104,3,61.37214130694983
3,0.4337185756972167,3,71.44887580064162
4,0.4966125442325181,1,38.750536929881626
1,0.8704800473557472,4,46.07321553728366
3,0.9056245151266553,1,34.542205965355684
4,0.9247001415072187,1,13.579638052382048
3,0.8963825711321287,2,48.412066257787714
3,0.7338749244938108,5,76.20815557432522
1,0.627069842916377,5,72.07896029112757
4,0.616680376452227,2,38.91009911858611
4,0.6233051221711468,4,61.07457924956184
4,0.9303758967167529,3,27.937128864034232
3,0.6179403480524057,3,64.33991434993312
4,0.7713471084455792,3,38.33625285137466
3,0.4131035432806304,4,78.18748959702434
0,0.6035391069126067,5,73.86718284878864
4,0.6025713620645363,1,34.00695276321485
0,0.923609835276624,3,34.62188878662215
3,0.6057708002322568,4,63.764194508901284
1,0.7750570154043173,2,32.155715384708955
0,0.8585769995872746,2,31.937896088364084
4,0.8660144215847184,1,18.09246770736686
4,0.91024965747257,5,48.13053365186296
3,0.7994061181314541,5,71.42527244318137
0,0.5422535911536219,4,60.931229048259546
1,0.5400613661999683,4,58.223911364203474
2,0.4379003861188964,3,80.58458180383273
0,0.8620286375588495,1,21.223100353362092
0,0.9891824051387699,2,18.259926805448334
4,0.7072642850199062,1,22.484755085179813
1,0.5587213674896079,4,57.34033450132158
1,0.41600241144186134,4,61.25796445035264
1,0.9674372059258814,1,14.560686891776328
0,0.4245923051064361,3,59.08074666112803
3,0.6835874729220321,4,63.71590202803268
0,0.46569043664546017,4,65.59308090265438
3,0.6458533005009763,2,51.29754199909805
1,0.9563450305730365,4,39.41700136476183
1,0.4628326696774353,2,36.747954957089334
2,0.8822611080044325,4,62.71724800808064
0,0.4239605246448448,5,73.30804401771394
0,0.5676049581337766,5,67.40226819197835
1,0.9441944790137498,1,9.731684517671969
1,0.871534174054429,5,50.70382352118965
3,0.9398479540865902,3,55.62879636303295
4,0.6762515374576716,2,31.389342727058136
0,0.466071565622358,3,47.541277836989266
1,0.8376732624477526,5,51.76540135469855
1,0.5532560730584399,4,58.63559501617683
2,0.5342343537466796,4,81.66956539841273
0,0.5493046693852379,5,71.83086470608485
4,0.4547370700496382,3,53.08675818275364
2,0.7709372313439722,2,52.157377725796934
0,0.5100610004118423,3,56.43732921920992
0,0.6715358158601052,4,53.81161510493882
2,0.8849801422231115,5,67.1924165336519
0,0.5551862473598151,4,56.69493611519857
1,0.8142417711789582,4,41.37845936013923
0,0.6404723568877411,5,64.90689131106583
2,0.6144488911333122,5,88.13132533616785
4,0.9180467976744008,5,49.15160218837443
3,0.6013294897726996,3,64.18012261387489
4,0.7500726892149138,1,27.765985691578287
1,0.8015729299600902,4,46.78377766370189
3,0.7071227431079905,1,44.99983837010233
1,0.9737247467991547,3,37.40183936815211
0,0.5086755207602316,2,47.95647988109573
2,0.7859109757204406,2,57.93332015774709
2,0.43966227734941205,4,91.69476508771963
2,0.6045649313753757,3,71.34971468660231
1,0.9382755517166873,1,18.71146298517479
1,0.6832198443721131,4,47.911963962571704
4,0.9712343691354103,2,19.509808883920854
2,0.581491146651263,3,66.82337249774591
1,0.7214540498763016,5,61.541904464470605
2,0.523534293947576,1,67.06372910068544
3,0.5704117743309932,2,53.86397617213208
3,0.6582774250100463,3,63.69527554563529
0,0.8674823525056956,3,35.794381021007126
4,0.4669370553248551,2,44.993065054331716
1,0.5643395574340918,2,46.89000573512861
1,0.7790579723421914,2,31.954128551085347
3,0.677594884234539,2,51.68783957984268
0,0.6344600106111608,2,39.49719573888078
1,0.8993043238249534,1,13.808792946917091
0,0.9321739211612344,2,20.527357593339826
4,0.7255091125239679,3,42.64774534345998
4,0.7969707296879611,4,44.32768978977279
0,0.8696296783107729,5,56.40454142732615
1,0.8111878437294665,3,42.89603657378583
4,0.6194741765666467,2,44.51678114060771
0,0.5162903893302907,1,41.08648889584913
0,0.5321269416616612,4,61.37219154421999
3,0.7928522655668349,2,40.478650042146455
3,0.6453413927554238,1,39.025420087051394
3,0.46700788810465454,1,48.489588334674494
2,0.5600833132507506,3,73.14603965033652
2,0.46412135386797776,3,83.15209149799452
2,0.6290873292152594,3,66.91684392931614
1,0.42489551909735435,2,46.454298112034984
0,0.8480105418515654,1,26.39137094118054
3,0.7109464871343913,1,36.587277928490366
1,0.9073786473255292,5,49.85199749793089
2,0.6298673301385322,4,74.2958942962606
4,0.9912753016244596,1,10.377461363741702
3,0.8135056079482912,5,73.51956508536158
0,0.7940526443059854,2,36.589068935778876
3,0.762397693336317,1,40.85364293563567
0,0.8389307513053099,1,22.523999976776054
1,0.5813677479124671,3,52.843494326950285
4,0.9061992478472475,5,48.28920988932547
2,0.8715403295007987,3,57.58337983942997
0,0.9057733424875709,2,30.254762931372326
2,0.9706205301642054,4,63.29024593713904
3,0.9062508370837805,3,47.22570688599523
2,0.9666161904335278,2,52.12668436431146
2,0.5240379952085739,4,82.5781727683664
4,0.437694038701888,4,56.85242962213779
2,0.9442073103483613,4,71.78187534596583
4,0.9905906808338385,4,41.86989790358493
1,0.43697924150977296,3,57.9557086466707
1,0.5072912741863677,3,57.94114084470449
3,0.4027652081649738,5,91.37769868029666
1,0.49134498637613233,5,70.23585333247378
2,0.8190404072145306,1,49.23526590866663
0,0.8379415181558618,5,51.514686822096465
4,0.8461453561559837,5,64.58584452487781
2,0.5849050748987339,5,94.46799432262445
2,0.4972267500776576,4,80.31594401280478
2,0.9885288276727554,1,37.78972744349485
1,0.6792442330985253,5,61.24029447742894
4,0.45952593246674056,2,46.791742127021706
4,0.6247132074644132,3,54.29712748513269
4,0.7844610263603158,1,24.730124960712992
0,0.7793260543370479,2,29.363206417400793
2,0.4530238693665837,2,70.49248118096547
3,0.8019064633716253,3,51.068937765349425
0,0.9036137661911028,3,25.670460370554995
1,0.6677347589899388,2,36.78835014412766
2,0.9412954293683872,1,40.24356473532778
3,0.9042574116857955,2,35.97945860150313
1,0.9351673456003664,2,19.942263784672733
0,0.6531737149658878,1,28.468113861265653
3,0.6085243269264613,4,71.38983465475815
0,0.9318213691604554,1,16.680423863424824
2,0.7565883257763721,2,57.30957692965129
2,0.5641668796052701,3,70.54868833964828
1,0.8489695667687034,3,37.436857865320164
1,0.4480689913131819,5,71.49619212075979
3,0.47399217011803163,1,61.338390213804075
0,0.5543837991766717,5,58.78186989745636
0,0.4791720835185943,4,64.49112448117431
1,0.7214975839222542,5,60.496604524926845
3,0.6257080802126042,2,57.35128769684446
2,0.8858184357393291,4,65.65001964535419
4,0.9344997476485697,3,28.37577529080719
1,0.5435074092826271,1,30.223492939944776
4,0.8043432599234637,1,19.974501428962007
2,0.4690803138769844,3,79.13757823814804
2,0.8443509414164334,3,63.24791709930834
4,0.9687584556395302,3,32.082588132950676
2,0.4808704108233961,5,97.2971823506911
2,0.9989825948311946,1,33.61855781209628
3,0.9468666340132972,4,54.47499761689075
3,0.6055459058502034,1,52.8968947193848
2,0.7510760629729281,2,56.68524574347722
3,0.4721994469298729,1,52.91289109897664
2,0.614165902344658,2,58.950437287340144
4,0.7282252094644219,5,52.78136957990141
0,0.43223509054646875,4,64.18479154857637
2,0.6567509948790082,3,78.24282260838282
4,0.4185204994853444,2,45.38375622431289
0,0.9653530602337856,4,48.09171866897534
3,0.9768661844087503,1,30.17780853934642
0,0.6500585531076313,4,56.4340936096472
2,0.9329679890573059,4,61.52318506199012
2,0.6543840248017292,1,56.72002409021327
0,0.7715713836061439,1,23.353559382704766
4,0.7357637436211295,4,48.55217568004091
1,0.9238606057953,3,29.752295688562853
0,0.6897551321707664,1,30.734358600045272
0,0.4291710270602435,5,62.28388232278242
1,0.5804283001957997,4,50.97598389998816
2,0.5508385269482043,2,71.22986235386236
4,0.4393042579638175,2,51.86142433872152
2,0.7035895032925531,5,86.58997325561445
3,0.4813347955052229,4,77.44240696017603
2,0.596224375460889,2,64.49842124839549
4,0.8405869476235095,2,26.579269041274518
2,0.6695045322454816,3,69.3290470186241
1,0.7077648561966716,1,28.01303734925029
1,0.612566113740967,5,64.52629525302633
2,0.8601669777340883,3,65.5570125239146
1,0.6733346035635335,2,30.756112406619636
0,0.844699081388139,4,45.118552642238726
3,0.4357160511535152,5,88.04549891452494
1,0.47528188219336787,5,72.88589809137204
4,0.4555609018865127,3,47.037862858316196
4,0.5061432274631789,4,63.57202277957403
4,0.4981582133337792,1,36.36272204360171
2,0.723199721774658,4,72.0594276312825
3,0.6900966019920817,5,74.90120865692776
4,0.5167922121845367,4,58.340436353087505
3,0.43023297692031576,1,58.43852984758719
2,0.5693597982781445,2,70.91214292386675
2,0.9013785966898985,4,56.566135375539986
1,0.7462038100290339,5,58.291001400480006
0,0.7363724688420183,1,23.433101168089962
1,0.4564791482363242,5,72.53324465026633
3,0.6329632168300736,4,76.0405058558684
0,0.8466121655228189,4,44.5063731997679
0,0.42191715013436326,1,33.45770538905493
3,0.7064927758587998,3,57.78573026980986
2,0.6068535159936973,3,70.53768331835505
3,0.5988243247855507,5,74.25881199396649
3,0.6031240489015839,2,53.71122851854512
3,0.632620796862269,4,61.75812183565047
0,0.5317310176349566,4,60.590421416107475
2,0.8414914956235864,5,71.87740251210296
1,0.8713919359794675,4,40.83259139201564
3,0.583762756085094,4,70.58307110610689
2,0.7373603786098237,3,66.92531551175941
0,0.7364270551913467,4,52.07687511065568
2,0.6032924908986479,2,66.32149893614402
0,0.569132255180206,3,50.1925384072168
0,0.8062287181468231,3,40.57872888319222
2,0.792730245284891,2,57.485069928437845
0,0.41934989379860144,5,72.74202846770109
3,0.44557056449148663,5,91.49546502837953
0,0.42928891242785544,2,44.859979902465085
0,0.9309137830882365,2,30.184735954803784
0,0.4868797091960764,3,60.31505277487977
4,0.7974422578381549,3,39.271617820736004
4,0.43815118124327446,2,52.78510683024106
2,0.9565468552721658,5,74.13008453569093
0,0.5538288560346807,4,54.84015420306649
0,0.9851866072778865,4,36.63201966705628
2,0.7460376120794354,3,69.74770617571806
3,0.963638745556181,4,60.469219485347146
2,0.5700605043194068,4,84.31587259691042
3,0.9154293214258182,4,61.091228024790574
2,0.5106890822507106,5,87.6232276226017
2,0.7344739052385489,5,82.62688984895587
2,0.7311978649603784,1,44.40874718625082
0,0.49146888940136874,1,33.03507673061361
3,0.6841663074711,5,81.51007231012935
0,0.705878551312907,5,62.85663099378461
3,0.967610647259244,1,27.756627857483124
0,0.5496625923176679,4,59.5969032047433
2,0.9127222280199618,3,59.47515541967948
2,0.4253280320168501,3,77.90027620217153
4,0.7682771347706892,2,32.9823840644384
2,0.8222449985277833,4,69.62170968381487
4,0.9828937003893545,1,17.58486871262533
4,0.7086436246099546,4,52.308726168774015
2,0.8646970030615824,5,77.23964106684191
3,0.4212930786713475,3,78.76335118767663
1,0.8473786764775856,2,31.48245538600377
4,0.7906120733042359,4,50.54219779885071
1,0.4909815993216111,2,48.91153600373283
1,0.5970866930710861,5,57.54233965706861
1,0.5678383688410322,4,54.793331099077335
1,0.9718668856084252,2,19.709163141451846
3,0.9772632189050635,2,46.6112008392176
4,0.9985710905779754,3,25.603438223909833
3,0.6319939579160199,2,57.767904896832924
0,0.5390494723788551,4,55.54353287978076
3,0.9318913656545763,1,38.106823854660846
3,0.4849944676366413,3,70.90732532762401
4,0.948688738250345,3,30.91529196815701
0,0.5113793560839353,4,67.15412795860826
4,0.5656250366011044,2,40.91965077455643
3,0.7992312515616542,1,39.158099777300684
3,0.9830496839607771,3,44.58391474833806
3,0.4267143236987426,1,54.13738581680621
3,0.9157354264905463,1,29.564891271681052
1,0.42693136966650824,2,48.454170017363644
0,0.47057188793307997,5,72.20654974936521
2,0.6778653314766003,4,76.51088765591864
2,0.7918073748005836,4,72.21546202262313
0,0.7024940478406664,3,46.00415761108396
3,0.9548101069827246,5,61.6080080104619
3,0.4536535029036338,4,79.63463829768665
0,0.9217998936158469,5,42.10605866599495
0,0.533350245370696,4,59.706425093527244
3,0.8330149529004542,1,30.72620440925345
3,0.6051393407701386,2,62.42582158345822
2,0.9817570437448531,1,36.237316331114215
0,0.460890710849354,1,47.960368206773296
2,0.4172533674559993,1,58.68560203940286
3,0.9580976344926089,3,40.07460624697481
1,0.813575013531851,2,25.894187308413766
1,0.5375267814309892,1,29.519331616646774
4,0.4922482240362848,3,51.50365609960205
4,0.45690339779590206,2,44.64503475889565
3,0.6216299136251211,2,54.95437832589576
1,0.5813893524535074,1,36.12719480977759
4,0.47231885727467715,3,53.4174193114698
0,0.7954028587395403,5,60.775171591449734
1,0.9645565011379363,5,49.21657329521207
1,0.4460156564689979,4,56.86660046539699
1,0.9046864856597718,4,41.238438250354164
1,0.9022381484274824,4,36.908914315620365
0,0.4179891565097853,2,45.22308814557542
4,0.45849590229396464,5,72.20742790280136
2,0.5278844212674939,1,62.5913518826758
2,0.652655988331267,5,89.44739225798403
2,0.8786796553208174,2,54.39146166268309
0,0.4044457967157546,4,65.73058104288951
1,0.7304985700190252,4,52.7053758303313
0,0.7817734324034868,1,24.490100134635902
4,0.937277448058279,2,19.8942129002818
3,0.8866236066877616,1,33.970299160586535
2,0.7466197294349974,5,75.88700230296323
4,0.5362486474397867,5,67.45816944720174
3,0.7220124038781816,2,53.2679503298618
1,0.452265219342366,5,75.47921040274973
0,0.5471368815444101,2,43.84911104390394
4,0.9070226972049428,3,31.681670776142916
4,0.4707826461444073,5,65.6008963691368
2,0.9669771836987684,2,38.25176805022472
1,0.7567428142985568,2,24.73060703988619
4,0.5193497697260281,4,59.262082954377455
2,0.6892091847683643,5,85.81205476709873
2,0.4985549713554031,5,87.1840283368835
1,0.439478213936227,2,51.59972146479564
3,0.8126185828360963,2,47.94495855932924
0,0.7240874666826237,1,29.00964883736388
4,0.7756177543914028,3,37.858110324860874
4,0.7007400135924586,3,42.82312654176213
3,0.8380855956555957,5,67.86801530749433
2,0.5637456603636365,5,91.6885147247235
1,0.8020989009575139,1,26.923812442423042
3,0.8605616736118159,4,60.44970977483166
0,0.973090326033285,4,34.98594251246416
2,0.9987069863578643,1,27.462372284008154
3,0.562476353681223,2,65.1631006881515
1,0.4655871887137659,2,45.256304441120854
2,0.5356214447022825,2,61.952887896290456
3,0.6045059929836262,1,50.625399093176284
0,0.9700159140446948,2,13.733815462843527
0,0.8994477634400255,3,33.05910576323331
4,0.5395457962726189,4,59.04308935999386
1,0.5352988063802024,3,51.94944213145616
0,0.8645140989348604,3,33.155812282307295
4,0.8814029909197312,5,52.79498741165405
3,0.8279103870064723,2,47.64716930991074
3,0.5616474632506147,1,46.73833307006364
2,0.9415551331626323,2,52.92279909849256
0,0.5450136322607053,3,49.969461628062334
3,0.6101665451550551,2,53.13437047156854
2,0.9958684997632768,4,67.50898028019355
1,0.9824625629063347,3,24.912283470052255
4,0.9722598938196031,1,17.420137758987288
3,0.40324246587342993,3,71.89392099137031
0,0.4883085136308077,5,65.74324472441958
3,0.7596438802418854,4,72.5288115128478
3,0.505120868612922,5,86.58898867293145
3,0.7190638348164302,3,57.66088439925498
2,0.6475507316470727,5,92.85196237613219
4,0.6780794255961451,1,29.034379222458586
2,0.48909335884382876,2,71.13612672021692
1,0.9881316648559177,4,36.02984972445366
2,0.48821183960539405,4,84.43269836407643
1,0.6677520391766234,3,46.71769722152364
0,0.8950385179509576,5,55.55424293614024
1,0.5067346673548496,4,58.50096982736237
4,0.7109312772242704,2,42.83598784854773
1,0.7248925188996163,5,60.70140258143216
0,0.7826822013656143,4,44.21569271188395
2,0.5048938337547954,5,88.4042274560704
0,0.6018832928841552,1,35.036750109417994
4,0.808158452967249,1,28.231484815331022
4,0.9503371587897689,1,11.539679437049294
1,0.622290260727984,4,52.00417262225865
1,0.9052872420720922,5,56.21700879361909
3,0.5242910560742825,4,81.75191277080233
3,0.6112806455482102,3,64.9539083256402
3,0.6745382209289762,2,58.691543574578574
1,0.4007861884791991,4,66.80193515001814
2,0.6619429755709119,3,67.19586177243059
2,0.6125949549537848,1,50.490965705105346
3,0.8207373794372509,5,75.56739872725123
1,0.6137770902096878,2,44.52944113921201
2,0.4986071647551759,5,91.63702362110006
1,0.7968209713830823,5,57.88481305032564
1,0.7563261811031576,5,55.37170368220517
3,0.9369914356350381,2,42.76892713845683
3,0.8262300738692769,3,56.28175764719235
3,0.7525906110547034,5,71.50155197099626
1,0.5253770393054161,1,38.655008792449934
0,0.7812207922565891,1,20.832505141868456
0,0.6605073216439776,2,33.549245681231
3,0.7111466069795522,3,57.37946451573554
2,0.5654827097074799,2,64.61942035186689
0,0.8705948889232169,1,18.408831218764313
4,0.5786947186655358,5,71.02534651462645
3,0.9115788147171033,3,53.163054439946954
2,0.799678985771747,4,68.97384175545282
3,0.8711161370205456,4,64.76905086143853
3,0.9026959604598646,2,46.48453979797705
0,0.49384845434648345,4,61.69562930870458
0,0.699983513192529,5,54.38976122891216
2,0.8389129199333685,3,66.62797960285027
4,0.9430584583976044,1,15.702165278816555
4,0.6583823819682771,4,51.923997747527544
1,0.6842453179373758,3,42.45064087398235
3,0.951343148766212,4,53.14883550295857
0,0.5132977708841399,4,59.4919450905602
3,0.9673779588683139,5,63.586740743329926
2,0.8766629959537193,5,81.91934096601014
2,0.6978160052383569,4,80.4567451069685
0,0.5483181909347901,1,32.57135403189323
0,0.9513740901783585,1,24.512760537228992
2,0.6814849825834095,1,48.60724674694155
2,0.6667031832714538,4,70.84397688219472
0,0.7293252838414288,4,60.066353608101174
1,0.9391689996370132,1,18.057394794294844
3,0.6815058838637233,5,76.56974469356392
2,0.4961111542307364,4,87.13349441269128
4,0.5225747597417184,2,42.98783235288869
2,0.40898529719573373,4,84.39808156178621
0,0.6313150909099423,3,44.48907693810638
4,0.807565377993718,5,55.77729482954153
3,0.9011787706499854,3,44.88749267131015
2,0.4143262786268563,4,87.53350889597255
4,0.9508812948543414,1,12.734917088465235
3,0.9592422144105948,2,37.38365070380862
0,0.7275829836423063,5,53.38599275154818
3,0.8020219008029199,2,46.77700452053353
3,0.7148938981689552,4,70.03888271499193
2,0.8365322200004582,3,66.57658020670267
3,0.9174168971664779,2,42.612776506421966
4,0.9917621477064958,3,31.01621675144975
0,0.6302397728739453,3,49.02023918110711
0,0.530618336868863,4,58.23472938171202
2,0.5066802189341232,1,63.246102768493344
0,0.5193285880830096,2,45.160193867569696
1,0.9585717249542249,5,44.98040899463728
0,0.7964121414670926,2,29.74325289883413
2,0.8314647567183089,2,53.79252738445943
2,0.9160026144101697,3,59.10217408075628
3,0.6470156880877243,1,51.25373874117738
1,0.9208824152862058,5,56.12904813139102
4,0.9522625220412796,5,51.358513894724204
4,0.848393761113619,3,34.5820790217092
4,0.5234776461756244,4,59.059728233623424
3,0.4922114196593597,3,65.42785478956559
0,0.7442644273973549,4,43.36035427745635
2,0.8688743860949327,5,73.59354307070117
3,0.7868486672525274,1,31.631237932683987
0,0.8846644717733496,2,26.933636405170667
4,0.9301661540196462,3,30.919296092391498
1,0.6033580788619272,4,51.72195353815128
3,0.6423017628400531,2,52.523054712332986
3,0.44998541402952236,1,51.91367793917129
4,0.6698858935542592,4,48.99866700448125
2,0.5030969748693233,3,82.69800244699306
3,0.5852595300284346,1,45.30111674222618
3,0.9017113914458419,3,42.38722930989282
3,0.5906583959001228,1,50.04123246514966
0,0.9501225276840349,3,33.87866739652088
1,0.9778175012493958,2,20.14284658962555
4,0.4109225748784311,4,57.730688285974225
4,0.6383923439309928,2,36.6384375006468
2,0.8229966055179976,2,51.58464750332022
2,0.6186805450339523,5,92.50260096901727
0,0.57210947177792,5,65.98234069258976
4,0.4251868399495058,4,61.156846394857084
1,0.7069296188956111,2,37.627901448762415
4,0.5689689088470795,1,32.158021457726434
2,0.42226824546984154,3,84.34095054510286
0,0.53648566330163,1,32.85696842338456
1,0.815535679532751,3,37.26631530156861
2,0.5685597421733222,2,58.302117727583614
4,0.7478383738673946,2,32.019369435919856
4,0.8897608951705647,3,39.451460555306866
3,0.9285776029237544,5,59.890695629580726
1,0.9355657092888252,2,22.211717601929898
4,0.574715584216433,2,46.36299465859124
3,0.4817343324384696,3,67.27075969357537
0,0.873230586234224,3,32.90167558162558
3,0.6851842843571286,5,78.43039922084029
3,0.6523296794572611,3,63.16188079755969
2,0.5630662936286757,1,55.90249269305647
0,0.5073780315177018,4,59.69242613740078
3,0.7773936051542873,5,65.85788827804518
1,0.692841760094049,1,26.171481120239232
2,0.7135410170082261,4,73.622154488353
1,0.9249838906758538,4,40.02905998048597
0,0.6147175158945332,3,45.79191648838669
2,0.4479792379403093,2,72.90357035015005
4,0.583122757903651,2,43.50739071515445
4,0.6219917420872967,3,49.68194328463388
3,0.4791220246035227,4,79.27239475330792
3,0.9652119747391995,1,30.942770954337178
4,0.6049899458353543,3,45.940782937339506
0,0.43767576640926514,4,64.34685113052232
4,0.8060455584788458,2,33.72361674097466
2,0.9621842935221059,5,67.73640061194033
2,0.8294541740171739,4,69.62148863089841
4,0.5944670641493899,5,63.70206286586175
1,0.669679649394799,1,30.425690017403205
2,0.4023252236398036,2,72.18613413312453
1,0.4701962566671099,4,68.64016649710013
1,0.4273780785533678,5,74.23561688291011
1,0.8702964496401745,3,29.783894479068344
1,0.5641956471912786,1,33.37691882633533
1,0.8405416275806836,2,28.940471692651624
1,0.6271818503673574,4,58.809457531888974
1,0.43986952537594964,1,34.62397963922852
2,0.7907087543966257,5,79.30465839849538
1,0.4060491381912246,5,73.45119961186221
0,0.916350867655271,2,20.71978037552546
1,0.40177467124447813,5,70.14977564421376
4,0.9658236678606811,4,38.41104177423542
1,0.7595684299517986,5,61.45624276102048
0,0.7815034641386296,5,55.64991570358865
3,0.54096286431541,3,68.17212107692505
1,0.5975348788217856,2,38.8657871394885
3,0.9735062548670705,1,23.603798793716837
2,0.6513543046391735,2,64.06226631184252
1,0.8841007853322987,2,25.79070392184372
4,0.5091837864077956,3,58.57366647942127
1,0.5864853747148253,2,37.82255729156442
0,0.7771079708900205,1,24.27016344110391
3,0.6304613756087085,1,38.635121949088955
1,0.9376087326281103,1,16.76844751906949
4,0.4252624217268987,2,48.0735725551754
0,0.720190834506651,1,29.575898429083068
2,0.853882015927165,2,55.59473217344584
2,0.40175899956460515,1,60.463893615148166
1,0.41701540090310035,5,77.1786491680335
3,0.9874095092252246,2,31.943256932243724
4,0.4856403734814838,4,62.74651339865701
1,0.9533630607004737,2,24.451229476985986
0,0.6819913080159372,1,30.39974493218628
4,0.8796970247644367,1,15.771451601361205
3,0.9445087060182455,1,26.036091395346787
0,0.44669093912814795,3,52.05878186179146
4,0.8953324684184092,4,45.58662098267117
2,0.48099965867548156,2,71.25448726707816
4,0.8047926992192371,4,44.00620395221246
1,0.9606952348943819,4,38.20394986800793
4,0.9682610401270991,5,44.11805894533343
0,0.793746806150762,5,59.040263367079575
3,0.9483237763723248,1,29.807163303945316
1,0.7387326737976703,2,36.55621924566905
1,0.684488710630668,3,43.34719149348832
0,0.9329364347694411,2,22.480607565792027
3,0.6756211644996759,1,50.288576011079286
0,0.5730489340066703,5,67.21924252991154
0,0.7948825161236799,4,49.43490253257073
3,0.9051869693637541,3,49.84982010923367
0,0.9757970609674903,2,16.77386735030812
2,0.6747482074164836,3,73.50532252190366
0,0.6809136383410284,2,41.46097567591681
3,0.9422399139382718,3,47.35988120330377
4,0.4373103737194276,5,68.39597410470978
4,0.6498684770874613,4,51.43736825668949
2,0.68361382659339,5,86.04110063833257
3,0.7937111232397631,4,62.04445499507177
1,0.8141194364624019,3,41.76481158882999
1,0.7502148853280499,3,41.71748310841997
1,0.8586374824729466,4,42.51110554299076
2,0.7596718934574342,1,44.442701319438996
2,0.9594285959168192,3,49.884386737276635
3,0.6016240464851081,3,65.69854686944285
1,0.4690057998166351,2,44.00975004398141
0,0.6044594854191099,4,50.478097855834555
0,0.6959851393197671,5,61.70658841611287
4,0.5464954506564166,1,31.461443910045563
3,0.9940599227331287,1,33.16412704887186
0,0.7215935451850147,1,26.47941264954497
4,0.5193871530125287,1,38.276814169636125
2,0.9871068317752814,3,57.141754658058915
1,0.8975861779125338,2,29.318038322718998
2,0.6322861416466994,1,59.86901483037681
3,0.8063377104405998,3,52.14239957797514
4,0.4725624588206278,4,69.98388979582292
4,0.5390715477600702,3,55.85073600165276
0,0.5523245865606803,3,51.53457711468518
4,0.7747930996583836,4,42.96506832852964
4,0.7812986615541451,2,40.75937412036748
2,0.5734737598455273,4,84.73706376239736
3,0.6158527049596436,4,70.17322663330573
1,0.5670889895052227,4,64.66411547919762
4,0.6751853410452323,5,59.8445228889062
3,0.6931925261064418,2,49.64077499578997
2,0.8629029685298287,5,72.4408356369016
4,0.7895087898393589,5,49.23489759955414
2,0.9937772911275031,1,42.399885697638425
0,0.43861701355561145,1,38.66968694181887
1,0.648295065676235,1,29.27824211727477
0,0.5613319501640837,3,49.63679675046467
2,0.8089715224741599,5,74.80285908715241
0,0.8832656232244125,3,37.44819749357711
0,0.6716610919869899,1,28.652456838953462
0,0.7823045961415096,3,46.797600666953514
0,0.6904086547315985,1,30.577485617250957
1,0.9405947184355908,4,30.2020705504763
4,0.9724316505562451,4,46.606770245756096
3,0.4044377179693956,3,72.40755583951926
4,0.9127877240517346,5,44.98049179441329
1,0.5894059270071295,3,47.20302266966706
4,0.9532635787309413,3,36.93596685541281
2,0.8901744667517837,4,68.42176557648952
2,0.8449032149634332,5,78.53761185352604
2,0.45024082885843075,5,91.36122911572068
0,0.5812219763574032,5,56.510925608225776
2,0.7858637912310444,3,60.19397436399002
3,0.536657844927996,5,82.39983305215212
3,0.7701767368122037,3,56.143707774655674
0,0.7770903166622086,1,25.973634205656495
1,0.4569230795633203,3,47.70373590177669
2,0.9573765626794433,1,39.42323451092342
2,0.7642961564049227,3,64.42978753126982
4,0.6444587452779653,3,40.03637183415246
3,0.9188441891606914,3,54.759773332275245
3,0.44490669672875255,2,70.11954310127784
4,0.6303977201602072,3,46.530763356810354
2,0.4461277547764327,2,71.29064975255072
2,0.8188570018532839,2,55.89070862681807
4,0.9281039132221053,2,21.09049208699533
0,0.4793058279858929,3,56.31046431470344
3,0.9282975463954157,3,52.28039893319502
3,0.47422157059980663,4,80.99878822555766
4,0.9162971495811425,3,38.94997709244464
3,0.9703838859809999,3,41.89334631706062
4,0.8813297299089122,3,36.9908677479128
4,0.7325604060805229,1,30.34154560327061
4,0.9469404482382398,1,15.70561174041308
0,0.9167059560447213,5,51.99836584781627
3,0.7961553500426597,1,41.70499871481404
3,0.8513596109601085,5,70.5015280315323
1,0.8526090560271353,1,23.64670317950022
2,0.6375763938547935,3,70.14918005842391
0,0.810172626079664,1,25.341313670010095
3,0.7625578336087171,3,56.773410728596815
4,0.6071707252128933,4,59.8533711229322
1,0.5808411238310268,4,53.53136292713529
2,0.5239311078227656,4,87.72522057016903
4,0.8316501726296002,1,22.396083423176414
4,0.8877556754057111,1,17.393733268635263
4,0.83096592704862,4,46.891782100893444
3,0.6259320934071407,1,50.298609046119196
0,0.9899284744921659,2,15.833994899501228
4,0.537439005889574,5,62.45514123445218
4,0.9294365595377991,1,13.839840206782203
3,0.8900364089566345,5,70.65371814820746
3,0.6056346943642539,5,78.58900550473956
0,0.9525123605468174,5,50.25338281373689
3,0.6535210128947507,3,57.292034504510184
0,0.6956685642633591,5,63.518433755868
4,0.7009596378637291,4,48.5624780557419
3,0.49260520228326876,3,62.420420159938395
2,0.6086682737068353,2,67.70435472340459
0,0.5662044398116808,1,35.62986561325656
2,0.8869156687605784,3,57.59304519061051
2,0.7702398114735317,4,69.25878828440442
4,0.9241374774790424,1,15.569320699038885
3,0.49246901449557057,4,82.11715129867702
4,0.4020247747254335,5,82.76429748643481
2,0.955525479488766,2,44.42033417127781
0,0.8390168685591244,3,33.86301686300873
1,0.967087135220342,3,25.52853747892748
2,0.7302730223922826,3,65.43468500521278
2,0.6627167466261157,5,85.77876056613198
0,0.46878150967092436,5,61.64807406131918
2,0.6983000103577308,2,61.30151930781953
3,0.7988685245632987,3,59.10571260583663
0,0.5345653121063265,4,66.52520170926711
1,0.40201440489933016,2,50.486984647946706
1,0.7884760308108362,2,26.093019393373382
4,0.8735033978651519,5,55.408396183847685
2,0.7434101061026286,2,53.02605294556205
1,0.789128015444839,1,22.428315344820888
3,0.7172120197494128,5,66.03459036424863
4,0.8150630071877656,5,51.38763291603883
1,0.46339094443824524,5,59.84479711251146
0,0.9168131214153441,3,34.62409982756283
1,0.4744793611336086,5,71.73548305475508
0,0.5273935267336829,3,48.74549552622415
2,0.8385257459183766,5,81.08912686498923
3,0.9510374866752525,1,27.74310033927876
4,0.8811498353616657,5,60.34420774697979
4,0.7218682084490528,4,50.2327095635772
1,0.5306549568403918,4,67.04228392513383
1,0.5823217430056631,1,33.9520575881847
0,0.7438356525925071,2,36.03483420778864
4,0.5897681107289353,1,28.240043116383504
1,0.40137807631496025,2,48.28723142191242
1,0.7110775060041169,5,58.22126966654705
4,0.6625721392198866,2,35.0455937634655
2,0.40394074537549196,5,90.94781847450531
0,0.5601994770155145,2,45.860283541112224
4,0.40816410180344204,3,55.16329893513608
0,0.6412505259882102,2,36.91506304781382
1,0.5272106536744556,1,29.55499108075002
1,0.7150726141071713,5,55.514250446662274
2,0.47415409833895383,4,81.56202229464813
0,0.9652028591305052,2,16.796313953759324
4,0.9521973449417644,3,31.400210400193814
0,0.4488373819315896,2,46.7363788175532
0,0.889425024560072,2,36.73385771440016
4,0.7683708231705659,5,52.81338099465612
2,0.5692086989052619,2,67.11000948889962
3,0.7403511020382021,5,77.68944596476051
4,0.4082850642804879,2,52.833458316278
2,0.9526125246465293,1,38.88207186839782
1,0.6211830901067046,4,52.6301623768177
4,0.7657234581498034,5,55.17076875683352
4,0.44744940243230324,4,58.83904219055866
0,0.41300342130294393,1,41.166816397881014
0,0.43671628237009485,3,55.574331457083574
3,0.7795425701251718,4,69.17316833362442
4,0.7512673845572178,4,52.76358256673593
2,0.644114098268793,1,59.49221856621981
2,0.8156765585120025,5,79.70685692977823
4,0.7633867199678823,3,44.805555571278425
3,0.8530207439021344,3,57.759746483487774
4,0.5159901576983777,3,55.419554789069196
3,0.4570975011703301,5,90.04705745039857
1,0.7168412579471465,2,39.62606762834712
1,0.856593519041065,3,36.930415431122235
2,0.9887743853118556,2,52.39246317206881
1,0.5075708338359999,2,41.887227462721256
2,0.578941315690255,5,90.12244216140347
0,0.7390632140651172,3,35.90045423897885
2,0.6745894341542932,4,80.34280522759872
1,0.8384056911448372,1,14.092906234256706
1,0.7949997038278072,4,47.89361026333049
1,0.8565997334714184,5,44.23367700217931
1,0.7955186565033574,3,36.16564336737009
4,0.9040347756184822,2,24.35459714462082
3,0.5343626870959235,3,67.7154083743648
3,0.6491147801968019,1,44.889530322348875
0,0.9680859403235866,4,42.47731196427615
3,0.7074539050820503,5,79.74638056833561
4,0.4732393027556986,1,37.67579956207894
1,0.9849039509079927,3,34.15165734662045
0,0.46709198173342925,3,55.289678562636475
3,0.992525526394805,2,33.73345483568884
0,0.49642176164295315,5,74.97484869074505
2,0.4488795409838354,2,73.21391995567313
2,0.8242143981795831,4,67.1608782756039
1,0.5723048395100632,3,50.900208083010696
3,0.4696535939270223,1,56.49627646637842
0,0.9084268860948408,4,34.588150252110474
1,0.7673210577712484,2,32.75323045453142
0,0.41209369515730476,1,42.18114699752007
0,0.8790190783714134,5,46.332475645402155
0,0.6083701959510519,3,50.63382697584517
1,0.41096075881875865,1,43.34224024102246
1,0.5408513631158144,3,57.789757375761056
1,0.7721896176877985,1,20.528605118124425
2,0.8619153106257853,5,72.012635963969
3,0.6809510953473834,1,47.49930181731922
4,0.9792241878784772,1,15.204437532670111
0,0.5846934786319591,4,53.16925476453225
4,0.4430228612901248,3,60.46219421342835
3,0.4063014140664926,4,80.04016184901502
0,0.5061835281809413,4,57.90708294751949
2,0.9262888890070073,2,49.12425315837364
4,0.6333213698856106,2,43.01646855760727
3,0.4798933513608716,1,52.283421701114854
1,0.5269599669128137,2,53.39280202841124
2,0.9760136585572626,3,51.6372583569139
2,0.4342679496556468,5,93.28298832088375
0,0.6051493592436138,1,25.284518156363124
1,0.6230560381269628,4,54.56135303685982
4,0.6444544072297143,3,45.623558874003486
2,0.8758051928171926,3,56.27683908978194
0,0.6725140459605816,1,23.618108422840344
3,0.42902153541345633,3,66.4716512466888
4,0.8595323425185182,1,17.915030641705687
3,0.5351678456649283,1,51.889217635125334
3,0.8944797315503321,1,37.012781699554424
4,0.45035991868849995,2,50.07526058967797
0,0.5505185916903382,5,66.54135434395963
1,0.9809199624386251,2,22.1936652072058
2,0.7342540913155147,1,44.30424543417067
1,0.8632115735040171,3,40.05711855158246
0,0.9806944084917336,2,21.672771679003375
3,0.6259149034605381,1,53.365769032474454
0,0.4780159597490851,4,56.734489592188645
3,0.889440720629947,5,68.3832164103345
0,0.8548753283282108,4,46.54105248333486
1,0.6386459772370875,3,48.868979575615796
4,0.5476825639570306,4,61.76441177163432
1,0.8382667204581371,3,37.57614339155151
2,0.8390324353387286,3,58.00798931797738
4,0.781822669211894,3,42.529712740887945
0,0.5858350614766727,3,53.680908639874474
4,0.5237637674283724,1,32.14568487825936
4,0.6930965273614368,1,23.537329996273527
2,0.5080456465527079,4,80.9523609370999
3,0.8444268149748642,1,40.01425327547621
3,0.7971338867842926,4,57.25013913199295
3,0.7651221101383354,5,72.59869303036773
2,0.4100299093180508,2,82.69755499756518
1,0.5182433292569151,4,55.05912449004001
0,0.8146823681680349,1,21.832515369422985
4,0.7999919957348682,5,56.46391745314818
3,0.5168466130865796,5,91.68865152582104
1,0.44572061748717606,1,34.42691875748956
1,0.5329820842848543,4,62.67276910326832
2,0.6493095996798208,4,75.77727344502442
4,0.5299584935265791,2,45.71851576987864
2,0.5402829517465069,5,90.65006691337699
3,0.8289319744102475,4,65.50391610611267
4,0.4626781299789024,3,59.14652462436824
4,0.7615914429713525,5,58.438601801029584
3,0.8088722106501047,2,48.47524471968784
1,0.9818207395389487,5,42.325513863855406
2,0.5804354896185205,3,72.53607662445452
4,0.42592278471809514,1,42.578729100449735
1,0.46621015917062447,1,47.918248476332536
0,0.5760465722033898,1,30.854632354086487
4,0.6710780469085664,4,58.41098780159947
1,0.558581308773542,1,28.623225281770306
2,0.7617067251192364,2,63.0991748362263
0,0.5098810498454168,4,60.143431473415056
4,0.47541015446666857,1,47.94983921381644
3,0.5909346023607589,1,41.30820228432962
3,0.9560500830890639,3,56.21182645603184
2,0.6287979047264013,5,81.51767656366518
0,0.7170765375577015,1,26.070294864918026
0,0.8519654475995214,1,19.134938849095693
1,0.8874860441691698,4,49.14778353583792
4,0.9856530003066899,1,11.188878884363461
4,0.9963359916525301,1,5.307489608378617
1,0.6335554020913053,1,37.937219714179186
0,0.9470018563605455,4,46.68176885312272
1,0.715876685965366,5,55.00686088893864
0,0.5112195037453117,4,70.21011842417012
4,0.4856221147746994,4,60.3131395808057
0,0.4006212848708634,1,52.58255364602395
3,0.9031778301591787,4,52.94297506846368
3,0.5705774534774968,5,78.51190379452596
2,0.5336376948410955,5,94.4832568564944
3,0.973471388948757,1,34.06877799499295
2,0.6783268774391125,3,73.86300320933533
3,0.4840461502420279,5,88.31523200678855
0,0.479273414674805,5,71.4967853038843
4,0.7572911885577749,4,41.79722156098588
1,0.7150081602846716,1,26.222009718997
2,0.5309789754136804,2,67.12684288669443
4,0.8581148976732504,1,17.23855277797583
1,0.9835319506019548,4,42.03849210721788
1,0.7136500523254548,2,35.13006673635247
3,0.608675208080463,3,64.6110516734201
2,0.8192840169517159,3,67.65424459953975
3,0.779540192016881,1,48.24638866357495
0,0.9379257760934923,5,40.26181026325351
1,0.8399490137282275,3,34.23515345547972
4,0.7716890095565192,2,28.12294841215231
1,0.5329542373788043,4,65.90734301695666
1,0.46110922064085774,2,49.464232627786686
2,0.7042698201593625,5,85.69728882106682
0,0.5799281558311364,4,59.54603526126111
0,0.8756561058091373,2,26.693622911787337
0,0.7586803572775702,3,38.68467851705708
3,0.9050451289920164,4,56.21967880102454
0,0.8106242083989663,2,28.51349770226512
4,0.6800949871471891,2,44.04127790464276
1,0.6599745042806708,5,65.31035022985422
1,0.8115380093733173,3,32.18227241906424
1,0.9969151816460404,3,31.578200888580575
3,0.4131363508987446,1,56.77978590182686
1,0.6117029649511289,1,30.46476556784934
2,0.8159025368469315,1,46.79193427999799
3,0.40298639186110063,3,86.29660770777288
1,0.930618078776094,1,16.651676206083042
0,0.4523017685333629,3,61.60816638934955
3,0.41106412810428655,2,60.85761890144819
0,0.41449757085385786,4,65.24401507860387
4,0.8451384860376467,4,39.181632521573924
1,0.8699132609735456,1,20.745225024372324
2,0.4781331092406911,5,103.51654425592594
3,0.7021617981267068,3,60.99901200488916
3,0.9671837494973865,3,50.27786918337373
3,0.7773177527039452,5,67.06950733138066
1,0.6633619812366396,2,36.25403362553043
4,0.7417139505195394,3,43.07338303787386
0,0.7490259622132891,5,56.9762295772356
2,0.6407291102695413,2,61.145996079757936
4,0.8928209346549935,3,38.331370380788144
2,0.6683609224846161,5,88.96897449291393
3,0.7225443044085162,2,53.8096796366683
0,0.5372786155965054,3,49.910380506650625
0,0.5439257124555702,3,48.05644613715902
2,0.7501732685330542,1,50.008362103619376
3,0.6550895418595859,2,55.00569577742768
0,0.924125588887468,3,30.756954861493693
3,0.9718574870583663,3,48.28207393668047
2,0.545829695593963,5,85.58530322068471
1,0.7347140488808834,3,38.48997900443429
4,0.981308836061565,3,32.84324764544239
1,0.8944680760908652,1,26.55657440443705
2,0.7290628356582937,4,76.7373768601207
0,0.8644232295922687,1,13.649152471325168
3,0.5694488051906343,1,51.401688927946424
3,0.6448863652458687,2,48.121198124582264
0,0.7384601052731663,2,35.34602098488749
2,0.6419493299199321,4,77.11776673621678
3,0.8054918354647969,4,62.43430060779363
4,0.8496806753370783,3,36.39161861501694
0,0.6382075164539828,3,57.287044783505536
1,0.9825348750165018,4,32.78440720793827
3,0.6958990177049322,1,49.26019372420664
0,0.5509990995978669,4,62.479379341862064
3,0.5395193073488863,4,65.77183600561528
1,0.8625770752225219,1,15.063377106411988
1,0.7304045316071366,3,45.47735632230269
4,0.6040217069866062,4,51.81795407139417
3,0.9055006975368879,1,30.82308274479416
0,0.5513525030876786,2,45.045336515937905
2,0.752691142781377,4,78.0754982322167
4,0.9404455657499782,5,49.286228147774466
2,0.8301266264177289,1,44.73299704252311
4,0.6177474041659792,3,45.16415700265949
0,0.893662065210143,1,14.608510721706214
0,0.5763694697189569,5,66.57698967115785
1,0.678448073228104,5,64.84122168550067
0,0.4576201475784446,3,58.031120045589134
2,0.9754423200302283,1,38.77237048063626
3,0.47546040228129044,1,51.29346890158814
3,0.8991285638911,4,65.37374685472349
3,0.7767333203922862,2,51.08923923259985
3,0.43288689563883653,1,55.48951616424206
0,0.4194599355809263,1,40.579552635985614
3,0.5056109449259846,1,55.11529061991247
0,0.4546774710699732,2,53.10669682338304
1,0.5608789445000117,5,60.48221046482658
1,0.8644522619363719,1,24.366680899880112
4,0.41221911921789933,3,58.97986328355577
0,0.6023923912600601,2,38.45577978012225
1,0.40777856460302214,3,53.32153256179264
1,0.9207007978961298,2,14.278939035631144
3,0.7787169973731574,4,61.209602982626194
1,0.4191038781072752,2,54.412908096565715
2,0.6331834896386823,1,56.733966348969915
0,0.4870838194383309,3,54.288184332852815
2,0.9923929788806671,5,72.21231835860482
3,0.6840728869011363,1,42.06359575349712
1,0.6536300717277486,2,33.3778177023044
4,0.41285601521579585,1,42.32346973900964
0,0.5424436948649948,3,51.79103141003817
4,0.9180630472047971,3,30.80039963146522
2,0.5850446883400482,5,93.5456594103361
4,0.6958396306143004,3,38.614937779368745
0,0.4711876499298839,5,67.95421317277567
0,0.7527989376400375,1,16.497368670136524
1,0.9253528330578313,5,44.64184427232099
3,0.5194662577153181,3,69.78222587385767
1,0.5269820233565281,1,32.11908703797868
4,0.921156436359563,2,17.413916148365573
1,0.6324303696488984,2,38.36567034941332
3,0.7168770894882588,3,60.42597088572436
0,0.8604792030008979,2,38.81724573686044
3,0.8444703160773801,4,58.40912701948225
0,0.6037190863862372,4,55.2756662333108
2,0.9016741980106404,4,59.834044812269575
3,0.9675960609019638,5,55.313611772666015
2,0.5522188980596516,4,80.3145171016022
4,0.44914721188209866,1,45.48380002826158
3,0.816480472141874,3,59.7003182581947
2,0.8353956591318502,1,44.087825430329765
3,0.8440953651888835,2,39.41292298751719
2,0.5477639850991868,1,59.853512028026586
3,0.7158412757840782,2,49.32116986456899
0,0.5518512834688885,5,64.88899191661055
2,0.5926350923024772,4,79.40166257589183
3,0.786359750234466,5,72.56398383927367
1,0.5119086992349523,1,43.925691255985626
3,0.5976142110505018,3,61.19008610508683
2,0.8999103484205326,4,72.42398760739604
1,0.4129333142515376,3,54.70852005085774
1,0.8327291601004434,3,34.64980184656337
2,0.7320076068611152,4,78.56195416965926
4,0.6733504194078505,5,55.8907089119726
0,0.7545519421281734,2,18.880189488339447
2,0.5475209947997978,4,77.56911968636955
3,0.5118821286457323,1,52.02842461904555
3,0.9078207000237342,4,55.4311146576574
0,0.8609208772895741,1,21.998687144559383
0,0.4298535330767716,2,47.5309671849256
2,0.6856729795613392,1,50.10860092554729
3,0.7007086704537115,2,49.28016391992362
2,0.9814232499906675,4,64.34371100194102
2,0.998721957981956,4,68.56310106267784
4,0.8798555704054551,1,14.821512460580562
4,0.964841935939005,5,50.31876102263648
3,0.5349920274173559,3,76.52935348450704
3,0.6721086249369999,3,59.19849055296006
3,0.5328392944780332,2,52.397519697612445
1,0.5081302113705701,2,41.549041437221526
4,0.8070542255199769,1,19.412970970451415
4,0.8461446238992332,1,18.268835345852604
0,0.765551412732697,1,22.364871882482824
4,0.6963616386732299,5,60.11337998156985
1,0.44000837933245596,4,68.96274223773739
0,0.9832850132328754,2,20.957383423855653
2,0.7843486104738204,1,45.548464074247
2,0.9445876153794569,2,48.49931268785492
1,0.8840463630198786,4,41.92722825942789
3,0.8662096050457538,5,61.236025660636585
2,0.4004717244237352,4,94.26952200008307
4,0.8577319945665522,3,30.650411191356778
4,0.6233069088972498,1,28.721808696315023
2,0.6965008753773411,1,48.3429350824678
1,0.7320827746771857,1,22.828016799992316
2,0.8175034855704846,4,70.79435380712326
1,0.8231292883882527,2,33.690741577795805
0,0.7262541866287332,2,32.59406303907769
4,0.6239533227135945,3,43.467342377976294
4,0.8324141727325556,3,36.65814057904576
0,0.5275585779974712,1,34.30083445975479
1,0.8352344932722077,4,40.22705156153524
0,0.41423814534087544,2,52.10604261432881
2,0.9787601097544404,1,39.28976245002263
1,0.9700350664451348,1,13.411532160419242
0,0.6349953098105281,1,29.255583143287204
4,0.9620481125966321,4,42.34352616659022
2,0.9069670993504837,5,74.8047092784962
1,0.6687949215902143,1,30.667405597428584
1,0.534571118507607,4,58.52514135268694
1,0.9856321312120587,5,47.81070024176334
1,0.8296824886397198,1,21.16312342081488
0,0.9182503417713297,1,20.950010183230063
2,0.691497465595243,4,74.26910793315304
2,0.8708477285432217,5,73.60698044858938
1,0.5484451856424516,3,45.22586360391009
4,0.9363750948924345,5,47.27112675782318
0,0.8452426465894798,2,29.881117825766715
0,0.6390263062176015,2,38.07843768300102
2,0.904694873363817,1,47.72576519913457
0,0.46739008025812634,4,64.72452080885097
4,0.9195040863638357,5,46.38012268092038
3,0.4686588308215869,1,56.89815557752654
0,0.9362880088465408,3,28.81514052985208
4,0.4619140992393411,3,57.34501487400648
1,0.6678711036648888,3,41.29444000101766
1,0.7779300421932848,5,53.10657071061195
1,0.4382333016271245,1,48.62220606281423
4,0.5935309215775079,2,33.29967755771053
2,0.7565238035290995,1,53.157487398580464
1,0.7518850523924272,1,27.183083763420086
4,0.6409005023565537,2,34.70031556202327
0,0.9791846566315867,3,29.132718209516874
1,0.5968545649977823,5,64.4629230075933
4,0.8395401191883418,4,40.9161245499185
3,0.9273300999435116,5,64.80238415742971
3,0.7727756540390247,1,45.0013997357785
3,0.48463936123557283,3,74.39451518300216
3,0.4799049889169648,2,58.0414113086977
4,0.6908521856779604,1,21.129378278590654
4,0.9554143718451736,2,18.610134788700368
4,0.7064279174564627,1,29.287303785420825
0,0.44048902103666016,2,52.22449157401005
4,0.8164675479151857,4,44.31806001348685
0,0.6092700195953192,5,66.6658891654739
1,0.4598427455223975,3,55.21520916854395
0,0.4376148821626349,4,66.73208439709512
2,0.6295245519884837,4,80.86836484964967
4,0.40788382910358456,2,52.22256547855716
4,0.8506683439265734,3,31.95899320151336
2,0.4683609088602332,5,106.38937479208545
2,0.8982989777850343,4,62.57662092568931
2,0.8804484870150135,1,45.3105811608416
4,0.5835377387523336,3,50.58205770748922
1,0.9958097784608944,1,14.430962382137544
1,0.4946418144503357,3,45.459488151558375
0,0.6807272109275917,1,34.92992710602981
2,0.5871148456206088,3,69.38932009411826
0,0.5053498944071512,5,68.93862888499265
3,0.48036258731580056,1,58.865944960365226
3,0.5677826474014139,4,78.92810062252556
3,0.924181125669473,3,47.51458122856456
0,0.6688370314822201,4,59.12925157974482
2,0.7283774875043939,5,79.14032825685526
2,0.9205220489990747,4,64.90739461499878
0,0.9878574862098183,3,22.49950724895386
4,0.9627229575994352,4,44.43371508527369
4,0.4389010052091885,4,60.467076076741094
3,0.8761336872928751,2,44.25017455436087
0,0.9019894840066778,5,53.570134727679104
0,0.5955825897135475,4,54.71907909484183
2,0.44449678805538845,3,79.1343006915752
3,0.9997263079130568,4,49.70999745210484
0,0.8356265311084589,5,47.41135596380286
2,0.5260606245412137,2,65.81048972440902
2,0.461317617172969,3,75.0713049767543
0,0.6548011720183141,1,30.82819272259648
2,0.6710336502726431,5,85.29053243057623
1,0.721551616002963,3,36.166119614869764
0,0.6745603261947104,2,31.158990143725795
1,0.4273697933993119,3,60.10079820513807
0,0.5239854171181819,1,40.56792570673589
4,0.7388759932541211,5,52.72077542899335
4,0.7585857223165295,1,23.49851508288414
4,0.4054369536393995,5,70.11945049661811
2,0.4506437457438469,1,63.57078758990164
4,0.5215277182288356,4,62.62559274289701
2,0.46387438277363746,3,80.00783055365629
4,0.722192728630981,5,59.12546738689851
0,0.6466579060802757,3,47.63589071234995
4,0.43965229758933855,5,73.2523828362427
1,0.4943201055236726,3,48.270585659973044
4,0.8128465821877101,2,28.803084332874015
4,0.7806862080896166,3,43.527922348041784
1,0.6197228920309645,2,42.077677971282114
1,0.7196816368384378,5,60.23354368156684
2,0.5913815386741178,4,76.10187399599741
1,0.6943699472925791,1,33.683350768319976
3,0.6129636324931427,1,44.03568767389852
0,0.8779241255921226,2,28.685385518914558
2,0.8385025366381305,5,79.05622716944647
4,0.5065050159542681,5,67.9304883049457
3,0.6420242726948796,2,52.46524601633068
0,0.8237667086784518,5,45.07558629502533
4,0.9344199233653498,3,27.747273438216617
2,0.6470921667601998,3,72.28729141033875
1,0.9543089226553847,1,16.182391352048057
2,0.6769518057289875,4,82.18928114094868
0,0.7869267867787995,4,43.42099660839205
1,0.4833734340627537,5,71.16910100355116
0,0.9515400133990889,3,37.028347385854325
4,0.6107787138094579,3,55.18381221461
3,0.5396213820628918,5,81.78169712278537
0,0.5746281896484642,3,51.25902132131536
0,0.5252382224668215,5,69.32369177860777
2,0.8017744733353365,2,55.80908763729053
4,0.6113590847540417,1,27.341292952788844
0,0.5155299372377871,5,68.49288827823617
3,0.46277724271803194,1,60.81794561359
1,0.7657377550883022,3,40.285778665015215
2,0.509029114939648,3,76.86826626062293
4,0.5983189359577665,5,61.50480537010095
4,0.46788550479768276,3,65.13342130444062
2,0.9802269499067957,1,38.78263344560814
4,0.8685063552271934,2,30.778514572017535
4,0.9413159216039728,5,49.047405672975614
1,0.6394631946750052,4,57.345042017817384
2,0.8285283216141488,1,48.83285923997915
0,0.5263437115930876,4,59.55876038194211
1,0.7720137017838472,2,34.522545430281426
0,0.7682570671628086,3,39.5896400273769
3,0.9549986340376275,3,49.82920764752744
4,0.7319222918506105,2,36.60685655735845
1,0.4206702941101561,3,59.49925056978292
2,0.4761967158951299,4,86.97786051643902
4,0.6271774775982608,2,38.93010346181248
3,0.6540640835384095,2,54.25060135649735
1,0.7136851571260827,4,47.44305382415474
1,0.9043402891131542,4,44.29477940936786
1,0.7688029939453933,4,44.16720119134079
4,0.8706720070801287,1,21.687657157179764
4,0.49596936920915147,4,60.520605176398234
2,0.6821497527610627,3,77.23907877161514
2,0.7293915620409779,3,66.5268855451751
2,0.6045064096044983,5,84.80063336304215
1,0.4105296267377409,2,43.763390393881096
4,0.900110159107553,5,45.96601584463757
2,0.42777372282885606,1,59.61439207163
0,0.5464401560871287,2,42.359166640989784
3,0.848420688405708,4,57.24024729264321
0,0.9150062269132648,5,48.75390521522355
0,0.8721242788220278,2,28.02886065370103
3,0.7115649223543736,5,75.5565125945746
3,0.9684366802511288,4,54.86140413877417
4,0.9939693931741572,5,52.719414416054775
3,0.5183540197055085,4,73.71230647310992
3,0.5135305558793501,3,71.64055953731285
0,0.7575812781096227,3,43.66010003338942
2,0.5040530337551805,5,93.83057612609863
3,0.5602222503312315,5,81.15456921946085
4,0.7546600612757983,1,23.534001518392657
2,0.4962363774796521,1,62.33582283768626
3,0.6738752567375875,5,73.38694441422524
0,0.6204812369113937,3,43.933645234772165
0,0.5548267789701777,1,33.38293698747869
4,0.5680500392610066,2,41.021053991299425
1,0.5267696722016019,4,60.50975203548763
2,0.9242426941379555,4,60.261290222168014
0,0.9794696468201852,4,36.9035878639978
1,0.8154186751605242,4,41.36517567383896
4,0.4246926978675949,5,78.86693292719826
4,0.9419768990922536,3,27.743544534949816
2,0.6192959545003062,2,67.58979242343547
3,0.6649043003877319,2,48.94485446959523
0,0.5293674163836236,2,35.6267771552155
4,0.8499552827447412,2,33.25074148759218
2,0.6619047709347878,1,59.16820170067945
4,0.4432029707881674,3,61.1635538286253
0,0.7821657516854925,1,24.30723542268949
1,0.9693179173894153,3,25.384500532899338
0,0.5318866389959028,1,38.00022329362127
1,0.9876625335973955,3,34.13799449874561
0,0.4000559384774035,1,35.45582973335634
3,0.4830436384250585,2,57.353283486273156
3,0.5109687934049646,2,56.103690316261236
3,0.40921652458930685,3,71.99963192684417
0,0.508671117957464,5,69.38812769205565
0,0.7344888469815167,3,49.33249160553004
3,0.872195929282122,4,59.09648271392672
3,0.5482682647654368,3,63.79814452736318
0,0.8898747968245356,2,26.757786257203335
0,0.597606078568086,5,68.06501268505711
0,0.8041452536724156,2,35.18814519266387
3,0.7325300592726784,5,78.54908701528434
4,0.41776750840362353,2,46.686825633917
0,0.8942303808643317,3,24.98229710893164
0,0.5177445295055609,4,64.46308265857968
2,0.7493693971357018,4,72.95187747699127
3,0.8102741452714171,2,50.86969207684897
4,0.6454567210812149,4,55.036082840134284
2,0.40016826852002646,5,93.23420971296575
3,0.4786549085454792,4,76.81474530156088
3,0.5538253397027217,3,67.10905660011316
1,0.6272716051291153,5,65.39925995105511
2,0.721649809699606,2,46.6893316368142
4,0.6750986606142333,5,54.2184305716614
3,0.7883179257327391,3,54.85023566888135
4,0.7142549218353195,3,48.61324292209329
1,0.7579266280391845,2,29.56546748075594
4,0.7295202527584823,5,65.19393626681935
3,0.8322632994549144,4,62.801555174415604
4,0.7166978499687024,4,53.77335516432258
1,0.7770374134079974,2,37.03725001781051
3,0.8374404042457969,2,47.00190154179574
4,0.9100439185359407,1,17.614400970989475
2,0.9625289496098922,3,52.46675383939079
3,0.9939930547300151,3,41.58139417166399
0,0.816211962336817,4,46.888684153379195
4,0.9302004787622287,5,54.87792179288253
4,0.8731636181834365,2,30.369737301455157
3,0.7254781292948056,2,50.734405984127115
1,0.8797473229553924,1,23.552110259268247
2,0.460481429660796,3,75.93038049363258
1,0.7900052612163513,1,19.463926710750982
2,0.7663984510708877,4,72.75762832216458
0,0.9184369294648066,4,44.60875355990049
3,0.7564251392238326,4,63.07239019931428
0,0.8720523638256359,5,46.89522982570981
0,0.4937781705395593,5,56.932797237188645
4,0.8195497602251582,4,43.64318984109441
2,0.708258440644226,3,67.33229826188006
1,0.6720750148792949,5,57.78327253223657
2,0.6302971039491381,1,65.16150443429588
2,0.9964537967842811,4,61.74660596735734
4,0.6068968081324833,3,53.53310321990365
0,0.7513495854608823,3,44.81940084106343
3,0.7800122297830595,1,43.813214006505525
0,0.44612290651104664,2,55.60921662628928
1,0.7230748483688757,4,48.50328293879586
4,0.5493092714330651,4,53.680260582619994
4,0.4039061802612236,2,41.236629020494846
0,0.5237279690272942,4,59.59151403479118
0,0.9260792635101303,2,24.3638372360454
0,0.4249775467964395,1,44.422527984667596
1,0.469351320034047,4,60.1537738226816
1,0.4304748096583926,5,74.76576973339228
3,0.6731404457628954,5,77.22752897592486
2,0.8382433957070612,5,79.16578216346376
1,0.5873203972662001,2,37.67664871138817
2,0.819942679573133,1,38.4565763142447
1,0.5169646589819465,5,62.66184593933644
2,0.5925704546002366,2,61.09197667717996
1,0.597971069041953,5,56.42969260937902
1,0.5524934615978725,2,37.78758436011598
1,0.9447240701760731,4,37.2556700879402
3,0.8980349061171675,2,40.66873837174869
0,0.4953344278590544,3,48.49848721191656
2,0.5788262759412357,1,59.08053170798658
2,0.6599654902557801,4,75.56277822148847
2,0.6354040455096317,5,82.00704001708964
1,0.4522438100319737,5,71.64464172829355
3,0.8746630928917225,1,35.75441794346226
1,0.5723852296111556,1,34.37860602785918
1,0.4875370209242736,3,55.96466984381824
0,0.5316636701754874,4,60.627816619872135
1,0.9809206573260403,2,27.22368841457407
0,0.8936179482506331,5,54.849734895097654
3,0.4011737304657005,3,76.10627688099578
2,0.9475449042960907,2,45.3129786022172
3,0.8038352270204213,5,65.97913287841365
4,0.9513454338694098,3,31.35131536196424
4,0.5270606442535644,5,74.16007124123855
2,0.7011893858690754,5,83.63787971142476
1,0.4578932643222144,2,43.77885293753038
4,0.9339883285081528,4,40.60949154494247
4,0.9131502274909781,1,20.116034153809814
1,0.5920426815455166,2,36.640596474627706
3,0.5892032316292464,3,62.22273849310024
4,0.5603462374664415,3,52.50555758435376
0,0.5635061900181721,3,53.649183283487716
4,0.7383330673776842,2,25.525498101096467
4,0.9532142840425768,3,26.75978927568062
0,0.8725914208661477,3,36.306191183132285
2,0.5453404874058108,2,66.74745009617239
2,0.6280405005767085,4,86.9670680171357
0,0.651645569971183,5,59.31151324897385
3,0.5679661369898727,5,71.15036224132788
4,0.5562316331967543,4,63.21279133130733
4,0.8437125095979776,1,13.595040397084494
2,0.4634874535048019,5,90.32846838371677
0,0.8140618860859052,2,26.70775625770056
2,0.6533235204543575,3,71.05212661282668
3,0.7949642902633016,2,49.897542424689874
3,0.6960288905586949,5,72.8496565469182
3,0.869761266993098,1,32.47682357750523
0,0.8421382719708308,4,44.57780618541888
4,0.8955001736309826,5,53.34634967976306
1,0.7184305376190284,3,39.70813735946489
1,0.5859189468815323,5,66.49172585329778
0,0.6278559478122002,1,32.226742108624194
2,0.6477707814291668,3,64.3987288264896
2,0.44779165944681637,4,91.07980028123615
2,0.6513646645233182,3,64.89389430297787
1,0.6951466261742403,2,33.28094437791709
4,0.6604058199588931,2,30.788521652916117
1,0.5617188180104856,3,55.14455638650463
3,0.4172199058630517,4,82.63021834652861
0,0.8804329950589282,1,17.38303812784701
2,0.7855903392162482,2,54.211223527232136
2,0.9857728378527276,5,67.27214559769905
2,0.7466637936658944,3,67.44603918569453
4,0.5070421474330166,2,41.656920397428244
0,0.7773350745437344,5,46.223534385069314
1,0.573478193911579,1,33.30278209108574
3,0.8860236998498716,2,38.77200549149796
3,0.41500230299235674,5,87.45078886193909
0,0.47560398573580054,5,65.10687746019518
4,0.6818035302171266,3,44.172203124677104
2,0.7198782305463114,5,86.01453533214323
1,0.6820754021702273,4,44.504188242200755
3,0.4137594526288261,5,85.1895223537878
1,0.5524322033020677,4,57.41439318579755
0,0.7365338047363068,3,49.98756416656924
0,0.8788500297304003,5,38.87474118200997
0,0.9687151975214,3,21.744917952879184
3,0.4455262780858702,4,85.41918388628969
2,0.662568298016214,1,59.126443999833604
0,0.7651935056844299,5,55.36834997576081
1,0.6172373715906814,3,51.435613148750846
2,0.4042458085039158,5,100.45553622378286
1,0.7857539338461572,3,40.334364751529115
1,0.6366132904116507,3,46.10690756229192
1,0.46953904845326333,2,46.23023385471747
1,0.9290508870883705,2,19.77152386884535
1,0.42415937261783154,5,69.7640694259426
2,0.5832836850651907,3,76.16183334038308
4,0.5302014385942928,5,65.91572843369431
4,0.9873271699270014,3,32.18134133164688
3,0.6219279584422212,3,60.20466514670514
0,0.9661166975885899,2,27.438331868694174
3,0.7489512774716798,2,57.975048963328675
0,0.69977490440291,4,47.028113702318834
1,0.4548248194807322,1,43.185535115525596
2,0.9768347689563862,5,67.12207859615748
2,0.49420655973438954,2,66.02785878648262
1,0.7228503275085096,3,28.855612672637733
3,0.985082191080123,5,57.30941145532554
3,0.986133870151159,3,46.1522961960233
4,0.9783446892136028,3,36.39572477381258
0,0.43279748590537964,3,56.26752726167668
2,0.7011758701717334,4,79.65185444833173
4,0.878328291654162,5,49.531351507431765
1,0.6378842723153572,3,45.23631264958097
2,0.7690332218960849,4,70.15551903145047
1,0.8426773831127408,4,44.4351447072622
3,0.5240607845447358,2,57.72101655333826
3,0.7867703181476162,2,41.496030557421946
4,0.7350968643410392,5,54.91307923456293
2,0.6317302117625663,1,63.59719345133421
2,0.7808036231230148,1,50.68757762499597
2,0.6589448651274832,5,86.2106473163316
4,0.9334988819406934,2,23.586833051516095
0,0.475258680494269,4,60.65663078311827
0,0.9065028224622653,4,48.34341162620071
0,0.43833662356814906,2,37.45559029100074
1,0.45109410418328216,1,39.939571243819685
1,0.7667405854527412,1,26.44531772228013
1,0.45300692820070537,3,54.2847880722989
2,0.729941363730785,2,61.16380974017797
3,0.5050836335045238,3,63.9001791365502
3,0.5757504915513799,4,72.95258656048124
2,0.9124524037890291,4,64.6866643030382
0,0.7652966699845777,3,40.08511925270144
3,0.9823320648274629,5,61.20718495909074
2,0.4620021129098162,4,88.09636775759371
0,0.5803850055518314,3,48.591674457392486
2,0.9520265763391504,5,68.59635331153113
3,0.6274140085700185,3,66.54854029468356
1,0.9575621756613393,5,43.7453125674599
2,0.9925347657353042,3,55.054354684556195
4,0.73214795272701,4,55.72842844771914
1,0.9359373025265967,4,41.779978927873316
3,0.6378851269931586,3,66.09899774105722
2,0.4357896197423349,2,80.90582887860639
1,0.5269673086655497,4,63.13574740761432
1,0.6031023963252518,3,39.61871541909923
1,0.7366382670436589,2,33.26305300136969
3,0.5439496956726824,4,69.42992334354103
2,0.45827198657169055,3,79.83506646672436
2,0.908195076768168,4,62.02684348624077
4,0.5523061954495898,5,69.83448056613443
1,0.7699618067740961,3,44.42790923588305
2,0.9787745606873117,1,37.19984251862651
2,0.6229452559993653,2,63.44482591573171
1,0.6378955046447836,2,35.86417103876553
1,0.752852105493648,1,25.9817702380167
4,0.5231063169129061,4,69.69538249180287
1,0.8121674670745234,2,28.21558654763442
3,0.7199997847357025,5,76.28098205602235
3,0.5468452902286244,3,62.557160117621706
2,0.4801468010085709,2,69.34095186817416
2,0.8966336327314537,3,58.233570054424305
3,0.8055129895023936,3,55.06131929900397
0,0.7644547190206019,4,48.61864498878338
3,0.6967424775146569,5,71.4507703155306
3,0.7667677271306087,4,67.71352407126871
4,0.8179883227029288,5,50.346170146214064
3,0.5659610637826127,4,69.4046438550209
0,0.740121351280205,5,55.232202572649406
4,0.8680598081147175,3,35.19283860816599
1,0.5520848409137062,5,68.10514972382445
1,0.6116041407350611,2,47.73787060791613
3,0.6325827960367,5,82.59280581873995
1,0.4217564105753288,4,63.76658697643074
0,0.47749099215871665,3,57.949834069585016
2,0.7080691724918825,1,52.67131784355471
2,0.5613556836626716,2,64.93164953661794
1,0.733844612796795,5,57.33815647440746
4,0.5601498229307025,4,54.826957693911886
1,0.6358810710485423,1,31.927216486512226
3,0.6455380197351506,1,53.99941703769825
3,0.808156671619495,4,68.42864077267521
4,0.5037378512050451,4,62.359971266834975
3,0.6794853128620051,4,69.27848179310382
4,0.5314230858610816,2,44.61313991497571
2,0.8828140902239825,2,47.968557062408344
1,0.9300312762056302,4,43.59086197895665
4,0.520179413709965,4,62.74207855569273
2,0.8108080368176306,1,42.33613315776592
0,0.8609585099208079,5,53.64114121215914
1,0.40569778226738906,1,38.57769617120784
1,0.7180638291691409,1,22.78510308181206
0,0.5275431305538117,1,29.245385909733884
2,0.5344326295387711,3,76.02988218926848
4,0.42375757942948744,2,45.41910009331991
3,0.8566216898727774,1,36.68677419210516
3,0.5480149624838139,1,56.62752668808761
2,0.4582949624978607,5,96.38984724358022
3,0.4236294717250867,3,70.25694973885487
3,0.6136358406456022,3,60.6813380540108
2,0.964403425739599,2,48.61305205404032
2,0.6020647790056913,4,82.00827725086411
1,0.8925972942214793,2,24.66348647856614
1,0.929361575554661,3,38.26820870266476
3,0.6206825468928325,2,55.11014461875484
4,0.5222916685617335,3,44.65852196334912
2,0.6518702459784476,4,76.02212094642074
1,0.7099390278551099,2,37.30544523923432
0,0.4119482162686678,4,58.08878172645436
2,0.8139829312047842,4,71.0988042817053
0,0.5658820620450898,3,52.47004600758313
4,0.8405393800185187,5,53.43476244915701
1,0.9037868834826981,3,34.04114529151702
0,0.48976132806996026,2,51.71510685297669
2,0.5080949949085649,3,75.18034651202338
4,0.9824984693269652,4,34.478290807475354
2,0.978665902660047,5,72.0588076486058
4,0.6401750587420039,4,53.08824121954804
4,0.41646928073113065,2,45.71939186436503
2,0.6856535992476225,1,51.483119747857195
3,0.501368320634659,1,49.07413809008258
0,0.5061461031177622,4,63.06162102465068
0,0.7987549351412806,5,53.89064131473542
1,0.6829341015771889,3,45.00046528949855
0,0.6376599080306496,2,41.56427304358882
1,0.6280114803250869,1,28.68784101689485
4,0.45478542704950803,4,59.891337811925574
1,0.8496410198284803,5,52.19401546783261
0,0.5668018513936888,2,38.688658109658256
1,0.5506250233549912,1,33.31338779345361
3,0.9893178020691412,3,40.78069696714342
2,0.46780627791081836,1,56.52168672502715
1,0.6606946488122243,3,41.60143934341985
2,0.630545033061942,4,77.55449749541576
0,0.5542051075246742,4,56.73766944021234
3,0.7213995696932907,5,69.26775796848769
4,0.4837056370289007,3,56.95266875935531
2,0.778012146710391,4,66.48391937050165
3,0.6059335815786842,1,50.02329160273801
0,0.9311191798775915,2,24.16969714799381
3,0.6806461527339132,3,60.15091307170786
4,0.9009749661115288,3,32.13745245708441
4,0.6308680415307584,5,66.42806097962884
1,0.46274343146166447,2,47.810660267213784
0,0.4269290613864305,5,68.02692052420618
4,0.8070282408594814,4,45.60583148243276
4,0.9085336448762649,3,33.66550160149033
4,0.5139166308280639,4,59.898316036642015
3,0.648954350683808,2,50.516258566510196
1,0.5554727334134523,5,74.27179617544624
2,0.7317197791153618,3,66.20743300387971
3,0.901702817823782,5,63.04773880166946
0,0.7064324930119181,1,24.445147863402998
0,0.6929237233226131,2,38.19697308120089
1,0.5898681333033738,1,32.47657724602565
2,0.9162113341571628,2,56.59314663187469
1,0.6341119238593456,3,51.528834431355534
0,0.6547424523734995,3,44.515611878667215
0,0.9373980823760905,4,42.747437195700705
1,0.7576594671808256,1,27.881546545583465
1,0.6476148620080227,1,29.21537569835131
0,0.5969816729719161,1,28.81803964192469
1,0.9908998756708882,1,8.961654004180652
3,0.6234273304097409,5,82.98105150252373
1,0.9620301589128459,2,19.57258171177778
4,0.8586027441567812,1,22.96818704653805
3,0.9249245296538167,3,57.41094452420133
1,0.43398699778879085,2,49.52572042130339
3,0.5207715239463796,3,66.18717214736382
1,0.9650794093273848,4,38.78162640039726
2,0.9894528615386744,2,42.27247982129495
4,0.7550377635274728,4,44.22557897995396
2,0.903519846626675,2,49.8989214894678
2,0.7580144841473931,4,70.63941534489273
0,0.8244186029679901,2,26.80694571031425
2,0.8214735512933169,5,72.0880889912557
0,0.4480676391244935,1,34.12353269489327
2,0.42446039503780986,4,93.79410921451527
1,0.8521374298110079,2,32.14725431159189
0,0.8921812872010026,3,36.409477972204805
0,0.41803602192871187,4,62.87298370378109
4,0.8819625331258338,2,27.904144629208584
3,0.45668819997970633,4,69.03274572995178
0,0.45112069014991796,2,49.12026624813244
4,0.48444802729571024,5,74.35756807381416
3,0.7334693300180977,1,44.50892444094319
2,0.6093157007654392,4,86.82214577245853
4,0.6088701224940679,4,55.80653190845989
0,0.848779093208472,4,46.36574875295346
0,0.6936354391539965,3,47.2407266433647
2,0.8409932536762802,3,57.99853093381791
4,0.4537999253309756,5,74.77673371497748
0,0.7461553456317263,1,30.235805647695784
3,0.4583604565620098,2,61.74784651123173
1,0.6168171347276952,3,52.82890159707473
0,0.5375655319126109,2,48.9663359221333
3,0.6455333557191919,4,73.32509041036936
3,0.4697376732079968,1,56.36128965243053
0,0.8729818638582353,4,44.06031879277436
0,0.9263255979396946,1,15.258926757726787
4,0.5474779369950029,3,52.00949934559515
4,0.9840492413225146,5,43.59072390085223
4,0.6878450247938264,4,48.95810200888582
3,0.6699023003145208,3,61.51676532153961
0,0.8237529328643829,3,42.087068270923595
1,0.5851598286358441,4,59.15249233039174
0,0.40062131470721096,2,50.71827827717482
3,0.5559382538648991,4,73.18147018140986
0,0.6047600115955196,4,59.409626762655435
0,0.6089900519987688,5,60.564121371163665
1,0.4443321685004045,4,62.712393777889474
4,0.755041851983582,5,55.04102574903998
3,0.6686634181036983,3,56.32015001694936
2,0.5433121206059207,3,62.71456149520467
0,0.6654331243665178,5,56.190736090222835
4,0.7350747024927309,5,54.076331499935364
1,0.6456165623001275,3,48.630336869883706
0,0.5957011892236749,3,52.34437187943203
1,0.908692444250749,1,16.170298955113598
3,0.7951121197513629,3,48.63832007378181
0,0.46611700365307934,3,54.69464125496557
4,0.8591600392342263,3,28.28678264342694
3,0.4469179426709089,3,75.16158001456972
1,0.5956779909049639,5,65.57715994399888
0,0.48087433384585504,2,42.81738804198983
3,0.8410656823396807,4,72.290975612062
3,0.8953189938470527,5,67.15004471739803
2,0.5661872444062126,1,67.33805370837105
2,0.5447422369302232,1,63.53139977417966
0,0.8711398568727572,5,49.35928002118319
2,0.584087822115527,5,92.77746214471614
0,0.9990078024613849,2,15.926699749895308
1,0.48423382789434355,2,47.76953168495554
1,0.8126070338084839,5,56.813985716884915
1,0.9006322471727475,3,26.78644301143669
0,0.7485650481389665,3,40.975595781262896
0,0.7198798013309204,3,48.91629176967231
4,0.9486381017900449,3,32.842374993989424
4,0.8384557268954411,1,21.451906308497534
1,0.8024921081757446,4,43.16112656399394
2,0.6909567368046582,3,72.11560408247509
2,0.9869086902459837,5,74.1104515301928
2,0.9024871404612401,3,66.4765417106835
4,0.7518882045213815,4,44.75386876461593
3,0.7766882635613419,3,51.80496722173678
3,0.9396177438725077,4,50.00006208354053
4,0.8347309049820091,3,39.46125581368635
1,0.758863235609559,5,52.28118829265594
1,0.6573288914766238,2,37.194607526809186
0,0.6873311838801046,3,39.21640488254907
0,0.9463335317482989,3,34.14299239605739
0,0.49766462744903817,4,62.70591830457966
2,0.5101058825470529,1,65.08488310028108
4,0.9517275855117087,5,45.981087604418676
3,0.5441958531805842,1,47.05568434339768
1,0.6273589786667788,3,52.27367253235749
3,0.9746910657304139,4,54.88024070472571
3,0.9123751876059891,3,42.620623663109384
0,0.45970960284148943,5,68.66047687993564
3,0.6373037167936098,4,62.17092797613612
3,0.7331378446710217,1,39.87168909884522
0,0.49759267372358085,2,46.535698297111544
4,0.9546680647093441,4,38.731034646932855
0,0.6657818844537763,3,36.45863988827797
4,0.8085080540607077,4,42.44186880505411
0,0.4518296211182488,2,49.66748901688528
2,0.9900683987323237,4,65.90313450950684
1,0.42514688501493925,2,52.39573753484895
2,0.5741297350419238,5,89.17481936816722
4,0.7120806243956816,1,27.513430043645815
2,0.8868118973471915,2,48.86602160968113
0,0.8698732232702477,5,47.33148503354505
2,0.9323257580079897,5,67.9542909387061
1,0.8563822787978854,1,20.93708624377956
0,0.7801336495261789,2,26.434267770379932
3,0.607956176299624,2,58.49698155424986
2,0.7993899248563994,3,61.541114593563265
2,0.7369950416773587,2,57.164985225299276
4,0.811129101220756,4,45.73779974024603
2,0.6353590845250275,5,83.09611641395742
1,0.7917271320038486,3,41.239992114460755
2,0.6929454868899505,4,81.77161571957663
1,0.925831249153627,3,30.308614855550832
1,0.8645902340157456,5,45.23679901821441
2,0.6230573442906783,2,60.54743751828634
2,0.8551438886831928,3,59.1183476830039
1,0.4178792507040214,2,52.909785275722555
1,0.8728205517102774,1,20.405324752061908
4,0.7322479202992596,5,55.068040036819916
0,0.608155294706775,1,34.39970939158471
3,0.9945381783606769,1,38.50239454559439
1,0.7592574016801555,1,23.170400535809353
2,0.4014105307725592,4,90.56057062541552
0,0.8268648618653118,4,52.764923711899726
1,0.7049118721158713,3,37.820825764249584
0,0.8357383453826841,2,32.75818339939428
2,0.6873259096027722,3,72.43721917533124
0,0.9911699767923376,2,16.890959087150772
2,0.8423390276445677,5,76.2174481556627
2,0.557397024201741,2,63.05382867716007
2,0.7749183926437755,4,65.79690894091522
4,0.7507973181850891,3,41.219619399641374
0,0.9425720317927525,4,37.1276720408608
4,0.8096346037924176,5,52.6068194069137
4,0.6094288428314423,5,68.35743816694469
1,0.6372725606738341,2,39.3951989326803
3,0.4721177628954752,2,62.409439367738344
2,0.4898537722596573,4,85.5175193155718
0,0.5234248476121256,1,40.258598245601995
2,0.500151113060186,4,79.45062781631272
4,0.8999927141638733,1,20.171035233397724
4,0.6491699824113304,3,41.462415524512934
0,0.84776927015766,1,19.464093055997598
4,0.8109719749823125,4,40.42416018964266
3,0.9862313155613617,1,33.90531125608551
1,0.837665170293487,4,44.28988875649327
2,0.5518327554037517,5,84.73238022377683
1,0.6482330372290833,5,71.03886428789342
2,0.5129058700438162,3,77.97681443254537
4,0.7856856510596957,1,20.498282486173572
3,0.5967881358644853,2,53.68458468177853
1,0.7213111298214845,3,41.60549515245495
3,0.7206971109365499,3,56.395814864088194
0,0.41150020798119874,1,44.56717174181063
2,0.6120485196183566,4,79.59706227245435
3,0.5056764043761004,2,56.40228298225858
1,0.7522615841176934,3,43.364990802297925
3,0.9181613451647993,3,49.92576352214816
1,0.5465808409066886,3,51.12149451457645
1,0.766400859893285,3,42.200337330121094
2,0.5579562386138331,4,84.51180793196143
3,0.48493987501081737,4,70.9074075874515
0,0.5782881078822995,1,29.905385112816887
1,0.8742490235621196,3,32.694237141882454
3,0.4209060682273316,5,89.09147717022259
0,0.9195641341346424,3,29.895421333797604
4,0.4068415167134388,4,71.12891218778805
0,0.43641223343532554,1,48.890195325884925
0,0.5755620451086384,1,38.399574692994726
1,0.5676117796412761,3,46.25644148526024
1,0.40595525573316016,5,71.83998385026979
1,0.8584684598817063,4,48.80866805097176
4,0.9039127192533609,5,52.98035438715643
2,0.6958833727337956,4,75.50864516423479
1,0.537159289666145,1,42.20351866917367
0,0.4881263404898343,4,61.38670353625014
4,0.4896079150014148,5,62.20143042319523
3,0.40613063110315034,2,66.25792635088521
0,0.6199143173490826,2,44.25171697767148
4,0.4990051960592497,1,30.911048208467204
1,0.9085187272935987,4,37.604499805942694
3,0.7300926115264712,3,56.02057670171239
3,0.7198912659194554,4,69.27287428282446
3,0.4225259908447314,3,70.19836519508716
0,0.7522423424305786,5,56.763003597288474
4,0.4320064609573522,5,73.54195526558611
4,0.5674623555937524,1,32.91804832317471
1,0.6673804299495125,2,35.08078903341601
3,0.44187351984033835,5,88.88685563645305
0,0.8427643537033785,3,30.191812799196477
3,0.641735035228837,1,48.4618357344691
0,0.953273172052746,2,28.450021200761398
0,0.9516302945619308,4,43.95513793264177
0,0.4098811393119892,2,43.38150861989967
4,0.9693929056645992,5,44.21531150390349
3,0.9815874062321919,3,38.99889972568353
3,0.9313211047097512,2,48.1016815739357
1,0.47755809693653617,3,53.21696886060419
4,0.5492402493501964,5,66.61950757281762
0,0.7308082546957715,2,40.703967527434855
0,0.6078534521319205,4,48.393682913736605
3,0.41210884628223504,2,61.33943414806317
3,0.6457734859053696,2,62.15111920897465
2,0.8921911424350691,3,61.98872004091129
4,0.968172185527276,3,32.360929353891784
2,0.4607201451990925,5,88.09400545617882
2,0.5044938584360049,3,69.9177608856849
1,0.4145354462743874,1,38.04469458925445
0,0.8922850304786272,4,44.35921926746377
0,0.8999707679457205,4,40.70026672941096
3,0.5380368549170276,4,77.02946583867663
0,0.4698746527928905,2,45.50826604113612
1,0.9762452275012982,5,45.97572069462492
1,0.7754943104820937,3,40.10421183234964
4,0.6921391925686124,2,38.337061823786925
0,0.7961336717989831,2,29.94964115543635
1,0.5951005460038596,4,54.239999461733014
3,0.43443775269190915,3,71.24193557604549
4,0.6145757110308149,1,37.92823483086299
0,0.7279304526330008,3,46.19432538177537
1,0.8728669103547329,3,33.71852149300466
2,0.4263350682895323,5,98.40330127599715
2,0.6284602552917979,5,91.20618797909357
4,0.9292819553774426,3,34.066018601757996
3,0.8084511694878436,2,52.07254257191285
4,0.574681745990843,4,54.0034436071189
0,0.9970921483533699,4,37.36026724270926
0,0.7148147975605736,1,28.65130959150854
3,0.8759400858986642,4,61.82657396267119
1,0.7976893729988909,5,56.74559360209375
4,0.9846591296389574,5,42.89231755135808
2,0.7134691599284171,4,74.18003846502941
3,0.5950469506125489,4,72.15218458923604
0,0.742352465696696,1,26.756434285442293
1,0.9915284106636828,5,44.12310909073818
2,0.707400061402885,3,70.02965363802814
2,0.6577500192167725,1,55.726337517937104
4,0.7801818272523511,1,21.961177595712478
2,0.45493033017274864,2,69.27786978958396
3,0.9678615404464062,3,49.73579649133853
1,0.513528809773107,2,45.72369357610736
4,0.6362855630294426,5,61.106736077719916
3,0.6909266150168212,3,52.20381675374125
3,0.963271260564037,5,63.84975906061703
2,0.7456906074283999,5,78.10817417150103
3,0.6789788096045724,4,68.19681121918889
0,0.7767421776095965,3,36.91414312048016
0,0.7666643910503025,3,37.01450426086159
4,0.5896659613403986,5,60.29876882527303
1,0.6484158310873314,3,46.45133490272548
0,0.5029620018539468,1,35.678798724182
4,0.9857481140920517,4,38.959544836755455
3,0.595758318206959,4,72.49151846330432
0,0.9381380309621065,4,39.683127522541696
2,0.9454855618718299,4,60.42803336849887
2,0.8958466011332051,4,64.19074532868258
2,0.925785988839294,5,72.18238992510159
3,0.49761729304409064,3,68.88405788523983
1,0.4121163695707202,4,65.64883621235445
1,0.6487155425726515,4,49.63999110908401
2,0.8899863166485218,4,62.331155115264814
1,0.8130294608846336,5,51.44297551470384
2,0.9109055920686562,5,72.31667507847598
3,0.7407428395001994,5,69.2834806210891
2,0.6711012556049628,1,55.043465564292944
3,0.8726062655305206,3,47.902449675051884
4,0.9280022454433645,2,21.414326307894413
3,0.6670732522386862,2,51.75109951677902
3,0.4921081068717379,3,72.3614795300012
1,0.6991282362767944,2,32.45544287971487
1,0.9192291585521839,5,50.139523156978534
1,0.7113778716542829,2,36.14652671465296
0,0.4687225207837327,5,66.46725811721751
1,0.6136652292409254,3,53.36077833525559
1,0.7210389002446125,2,37.44818465319787
3,0.6123808225745342,2,58.873632377564604
0,0.5532353787709302,4,61.73293101439093
3,0.7548547027382807,3,57.67906514494025
1,0.8219817076283529,2,30.819019830776355
4,0.8401343908523407,4,44.75251775637981
0,0.43203496815887105,3,56.82821441114905
1,0.5043457295874194,3,49.920819342806624
2,0.9179967006195766,3,56.91835183542306
3,0.8164901499948312,4,66.39997248150081
0,0.8788270924079671,3,37.48382649708879
3,0.9673357442568222,2,35.43380366844434
1,0.736908827486523,2,34.12226449572853
0,0.7292346275237553,3,44.91112384902737
1,0.8901178871555906,1,21.595193732881842
4,0.617575004577045,3,45.78182770415329
0,0.5039345760376065,3,50.77031314971055
2,0.6474663286227512,3,70.16266370217997
2,0.9207830494994323,4,66.45167266183364
3,0.9419429680489012,5,63.00629233852644
0,0.771278154983955,3,44.6234408745365
4,0.9881417465350458,4,30.228667805104322
1,0.5726646606261505,1,42.38556772568711
0,0.42567013288028016,5,72.07841641227031
2,0.5209712085974363,5,93.22244983164258
0,0.797882331863029,1,19.82230822911201
2,0.8498815005473728,4,72.35950543630926
1,0.5046886173990618,4,56.23358885506057
2,0.40855779176789686,3,82.1373479194441
4,0.9442483431147306,2,20.738360364233184
3,0.8627401452152256,4,57.81660439328242
4,0.7731402625170889,1,31.705216097139893
2,0.590476946990952,1,54.25513647653916
1,0.5092128025393756,2,51.301083680073134
4,0.5388679621717614,5,70.8272942067634
1,0.6378379941902178,4,54.91569411639925
1,0.865754464798626,4,46.49714834725425
1,0.9768969660464026,4,35.459432077833185
4,0.6821967133590461,1,33.77347938778708
4,0.5345796636697634,4,53.67964903328983
3,0.8880313364303729,4,56.39199965535249
4,0.5730173753646138,4,56.11706685280015
4,0.8833236388223753,5,54.98190568273159
2,0.5932847699344266,3,79.91047102248834
0,0.5295508525905983,5,69.39852685224287
4,0.974866084722727,5,46.759148095683386
0,0.994092747010363,4,36.49819498837063
3,0.6422560190319827,5,76.71270831640705
4,0.8926575169468861,2,22.270519726467448
3,0.7268969697010645,5,70.52033625526165
1,0.40624187429495096,4,66.84499657639363
1,0.8937578993842131,3,26.6315343334992
0,0.8041459547188146,2,33.47811209184566
2,0.6483939509094137,2,58.654994349782285
4,0.9232982825662407,2,23.53562898186296
3,0.646394937601614,3,64.03093327226773
1,0.8538618484299946,4,45.71415585155949
3,0.7428917955880321,2,54.86252868601683
2,0.4341569500885538,3,88.3884962895638
3,0.9497549347529523,2,44.6316618854143
3,0.8882631387401176,5,67.18922813696163
1,0.9286920012643763,5,50.675948520455066
3,0.6000002513414823,3,63.19423436393737
2,0.9615691464951073,3,55.700402243363975
2,0.5692457946030348,2,62.54762808072917
2,0.9664832611032812,3,50.107504874043215
0,0.7133308946341212,4,48.02475836705778
2,0.4521720679305589,2,72.40515757827912
3,0.7763057359596783,1,40.653793771892545
3,0.8713389881502929,1,30.041487289481264
4,0.8610158914071524,3,27.233025432980348
2,0.481171047306607,4,90.03195610112934
3,0.45293704458883627,5,82.32620684546966
4,0.7302127707015764,1,25.83409149069934
0,0.9974942681735686,5,50.13893775417566
4,0.997845833541648,5,48.49416819822086
2,0.9321654163634382,2,46.29378494160678
0,0.7828974173539828,4,44.73152109352969
2,0.8146676950518205,1,42.80213551321953
0,0.8936903457002667,1,23.702203594200977
4,0.8982807658520854,3,33.32449993395595
4,0.411074544911226,4,63.43957523763438
2,0.7371324204587191,2,46.07083817507589
0,0.9730880862863149,2,24.61119299252732
2,0.6423240259907526,2,62.98036911494607
3,0.6385195814600115,5,78.43066235103491
1,0.8521855179813828,2,27.873129140134637
0,0.7315974263259657,2,28.192537846148504
3,0.9746187057914324,1,32.736374183551526
0,0.44515178873733396,1,38.29820610885955
4,0.9587205354545142,1,15.755651014194932
1,0.9513336193239097,1,21.409168154445496
0,0.8558780134163524,3,40.21993230029782
2,0.9521574261208784,1,31.48186359554162
2,0.41062670386164124,2,66.05023794340805
2,0.5347104286106924,2,66.59505434665667
1,0.9379699605858454,2,18.03545235519443
0,0.46766638937344823,4,66.0592935842767
3,0.4155005813032942,4,79.04519278135223
2,0.7701843993531532,2,50.3193080710586
1,0.9788783955239059,5,53.916490254357335
3,0.6048337833055992,5,83.32917898836314
3,0.5504854287240035,2,63.20926688059858
0,0.8785844668963343,3,33.85731736128689
4,0.78600200275512,4,46.57242297854544
1,0.9329922476233529,3,30.277277566119736
1,0.9686547799714693,3,29.99091546239366
1,0.4200585087192106,1,38.00037402751638
2,0.41367357086563716,5,100.65781059607227
4,0.8763937530783024,1,21.769653644265325
0,0.6889379547608252,4,50.34262001419697
4,0.49082020951174454,4,59.38213414309908
1,0.9329940539241531,4,34.381155032837796
3,0.7752202119192111,4,60.91363084847045
0,0.6604706478114146,2,36.94548952275811
3,0.6629259015536548,2,57.32747254828252
4,0.5876374064903952,5,60.678056513860405
2,0.6436315070996131,1,58.00821075745648
3,0.8534431159503376,5,68.74513821758376
3,0.789955581014842,2,43.30117196856508
4,0.5641708641229345,3,53.79712265736396
2,0.9204186165929253,2,51.09708518822605
3,0.983903641300755,5,61.3617144698433
4,0.4108322796848988,1,40.66880544723146
2,0.8524348385826183,3,63.79129962044266
4,0.42127291796603705,1,39.27649718241573
3,0.9684056624917687,5,66.9031785973825
2,0.6270848206361148,3,65.37646795571627
2,0.9255715124415561,1,37.39160338678734
4,0.7310273348727719,4,48.21408001503901
3,0.4495585471671059,1,49.46066475835385
2,0.5305402758531352,4,78.93739315511591
1,0.6830973134976086,3,39.578541233088494
0,0.6042669865318064,4,56.80577792086232
0,0.6416448956627636,2,41.25705826054773
1,0.4833354870957291,5,69.11851190276037
1,0.6866734334280071,4,44.780606556400265
3,0.7792051006988381,4,55.965156118028354
4,0.6164883155694078,2,44.06449061749184
1,0.40324365144220015,2,48.4214368069034
3,0.8964789371988502,3,55.691933082136174
4,0.4882342869146088,4,48.02598832404988
0,0.8574208449875158,3,37.55151623696687
3,0.9401050113584853,4,55.08693991497816
0,0.5106903454945572,1,36.566295146802844
3,0.717715739503832,5,69.26819596866241
4,0.4184048898934559,1,43.80074077128816
0,0.5597127841380498,2,39.04038106514385
0,0.917341958095419,1,14.477148362315333
0,0.9075503251600453,2,13.177115133483985
0,0.65251009261039,5,61.455566154062524
2,0.4082838759356088,3,78.96275870830388
2,0.8139152357289217,5,73.79420045646388
3,0.5973282539457002,2,54.00154632890984
3,0.4201021706684092,5,91.93676446648169
4,0.5888360673785245,4,58.77564342093719
4,0.6689369454299963,4,44.79713140833327
4,0.4185459351986487,4,58.733817216041984
2,0.8146742910765739,1,39.98262641911347
3,0.5791794073629063,1,42.52313885962556
4,0.8280222684135607,2,36.71162709900936
1,0.88809038009781,1,15.068258036910159
4,0.663006911438371,3,49.18397628521093
2,0.5815947690276665,1,62.36044071346507
1,0.7905982862473012,2,29.104203844461967
4,0.9585868263708033,5,46.06745269262556
4,0.9787813609886603,1,14.461368865908295
3,0.6301421342060493,5,73.61739838185493
2,0.8903170430002931,2,45.949843252318864
4,0.649292146533864,5,67.13725504106911
0,0.5288752241476581,2,34.05879790906007
3,0.8388919960129246,3,57.761211790023935
3,0.8781052484098504,1,36.41405966692837
1,0.5085080809475849,3,54.45809208345059
4,0.755098787032417,2,35.59329262796633
0,0.9388068848120946,2,21.966237649773426
3,0.6456881100731235,3,59.244870548841845
2,0.5328421810744383,5,81.33842380890867
0,0.49354782311893497,5,70.6933306821302
3,0.5258795210563622,2,52.54288374285055
1,0.5626971660309809,4,58.4661240152522
3,0.7245271907276596,5,69.57756274239038
4,0.5118438070569128,1,37.24931977486219
3,0.5622187833293876,2,59.005904298262266
4,0.575004866143246,2,44.16782488946755
1,0.8907878854195865,4,43.366958571819644
0,0.7278209568074201,1,22.507902803167887
1,0.49510723808660134,1,40.43801352653073
1,0.5871998261994943,1,34.89221896760367
4,0.8523602358425486,4,45.909675354935345
1,0.6819721020094847,2,32.62807990578962
1,0.7364301952310952,2,36.415756253067464
4,0.4929621822929696,2,50.925643169509385
0,0.6140719099698317,4,57.32267539069323
0,0.9167874038839942,4,37.04421950586119
0,0.9675445531948029,4,39.577219665385755
0,0.5156073364749794,4,60.86369825760009
1,0.7141601877824089,5,59.93460308625982
3,0.7910193949570447,4,62.865949867391436
3,0.7946165980268858,2,50.2696301378113
2,0.6989304527082321,2,63.441256463025454
1,0.7412044811513442,1,34.476974000017876
1,0.6172915367833899,4,51.269441588265366
2,0.4908042289305693,5,99.95362783200346
0,0.5785189958183673,3,47.63496847847919
0,0.7859660280624685,4,40.37268090533082
3,0.4264637587645438,5,86.0524274457847
1,0.7298103920298791,2,32.3919645464855
2,0.9470969318987342,2,46.697056691584166
0,0.5936047527470522,4,55.557787838133336
1,0.9124240545401575,4,42.31125182362812
1,0.4791770806856517,5,70.51005254184898
3,0.7302779207395445,4,65.71329661410313
2,0.46873965016879304,1,63.19125653743152
3,0.46865611107804805,2,61.9465069420608
1,0.64166010695456,2,34.09801631698863
4,0.4343935067077664,5,67.09869664437713
4,0.7997044938846377,4,39.59022792375299
2,0.4771025432124282,1,57.129785253201426
1,0.4838494844220708,2,43.26155341935127
2,0.4190360036306904,2,72.61809366933133
2,0.4613261790732521,5,95.42590431224467
3,0.7949322459552592,3,58.16925975432912
1,0.7820420100309191,1,20.252418391729282
2,0.5085306665134548,2,65.356201616865
4,0.5321026539152823,1,36.083957800967774
2,0.9330210135983353,3,55.843980063777046
1,0.9459880544290877,2,23.83545394506018
1,0.7522524858518439,2,35.52740300551186
1,0.8335290280598366,4,43.381400755769164
1,0.5272862171159601,5,65.69523222650024
2,0.6100720801657784,4,77.31360728346623
2,0.721819704698631,3,58.262876653498544
3,0.6132809429473878,1,52.506983967054055
3,0.5813654575388699,1,40.68293436278516
2,0.8765686957018,4,66.43283102498188
4,0.8222545303018434,2,32.516295408632075
4,0.8439603061290022,2,26.778632981851317
4,0.6775172117260206,2,38.202707328531936
2,0.9295478677356578,5,76.93199868261871
2,0.4987094344330205,4,82.74381956515214
2,0.750413822387892,2,55.562837831454885
2,0.662467507387286,1,50.5044366068687
0,0.645857643410962,1,28.709424572051287
2,0.6562473086479859,4,74.03727368419923
4,0.40695836609144154,1,40.884827039334844
0,0.43920422406360826,2,48.72880725029913
4,0.7840192963239295,5,56.55767243424382
0,0.46879531305077166,5,69.68705515199422
2,0.7380268085944421,1,51.672668426292304
1,0.9241104549855089,3,30.804134262995948
2,0.7762625141843491,5,76.30191842153737
4,0.7946296067756518,2,27.560679385955858
1,0.9287913729440853,1,19.159578845685047
4,0.5102760027385548,3,44.70615128528755
0,0.47224424787327046,2,47.80663544507423
2,0.5874767204386694,2,66.67651556733817
4,0.6931964146431429,3,47.99769913949517
2,0.47734150151194443,3,83.54937985382128
4,0.6293638354579849,3,48.443013752897116
4,0.8983029451832028,3,37.02854034978597
4,0.5009586659208674,1,45.62647673526588
3,0.5388147446730488,3,64.00012286433181
3,0.6071153970982113,3,61.41217086539247
1,0.5676808194034373,1,29.486632503191824
4,0.8030768789874664,3,35.22115409668661
0,0.9837923360684997,1,11.96068052178297
0,0.7124471566401422,1,28.72962970396197
2,0.6448508150280027,2,64.39888607245756
2,0.9793167595547514,1,32.16511826273031
4,0.4190661193684326,2,51.76730587059037
2,0.5029619558950738,4,89.39646185087635
0,0.8732183964511115,2,31.917969069935303
4,0.9181883577899316,2,26.032758601146057
4,0.9069821594215459,2,24.00324493805908
4,0.7864281150838015,3,40.50116361339226
1,0.6106117335861618,2,39.857384920196324
3,0.8407898595577672,4,60.35339222362863
2,0.8054199584405486,3,61.93922693635079
1,0.7792201975200573,3,41.17132931760033
0,0.6265198784405303,3,53.419741319689955
2,0.7883946709783678,4,76.13232890227289
3,0.9745744060510185,2,37.7539089477137
2,0.5394366233567496,4,80.13059934417383
4,0.7447514834937978,1,26.724329692190935
0,0.961078648838512,2,22.132649049064035
2,0.45636612081875816,5,92.6519127849051
4,0.4569387545272104,5,61.62553898488828
1,0.8021880694018633,1,17.14171103537655
3,0.9308121265038912,5,66.57899135763454
0,0.8495183721612323,1,16.484859272826817
2,0.5101086224355035,4,85.13423676222374
2,0.46177227163592405,4,87.45790223078022
4,0.9660901938908965,4,36.84666598919107
3,0.48869414280998635,3,73.42107201594388
1,0.7054897784091037,3,44.92098254934556
0,0.7668262970768038,2,34.79910578396069
1,0.8796960819461246,4,44.198676499215665
3,0.8700026029289191,2,44.763051755440884
0,0.7861632177873141,4,50.640887949534246
4,0.9757292860659662,2,29.20224698913278
0,0.6695313858145642,1,29.636731082978642
0,0.597352622932207,5,65.07687592990163
2,0.9345363152468164,3,49.81253962833964
4,0.5701720100174907,3,45.20483993234399
0,0.6420928216310063,1,30.966159213222646
2,0.4412846930875349,2,72.22842643193201
1,0.5519498869270254,4,61.086249290257115
3,0.44064169571657796,5,87.82374057188719
3,0.6718580519335394,5,82.80967767368882
1,0.4440681277101434,3,60.5262529542065
0,0.6130144955249047,1,32.968919756137346
1,0.4272485529848611,5,72.60262563889955
0,0.6076578471331935,5,66.14122733628136
3,0.5638449989246574,2,54.7621630883771
3,0.6393387111232673,1,42.83700562663638
2,0.8147697817756547,1,45.97626242085858
3,0.4662615934063126,3,72.99543442027434
2,0.6998367698340975,2,53.16210877469266
0,0.8453432596067532,1,23.292373524220416
3,0.4820866223529391,1,55.796457345619736
0,0.5241277539113663,1,34.56552761905615
0,0.520759621779918,5,68.84428711351849
0,0.44170918063110376,2,42.98036401412033
1,0.5398006698912878,3,51.278261086188145
4,0.40052703878076423,4,66.8267973311444
3,0.8828457587853276,2,43.18739695423427
4,0.45770431400400724,3,58.55811956947283
0,0.9411920095360118,3,30.950122421360497
2,0.41867837176404843,5,92.11680375886051
0,0.48116843878865,3,50.52315154185346
3,0.8693501915384,5,67.52909985510533
4,0.8453435057326313,2,27.975763022658388
3,0.7986479398554986,2,37.80652177449014
1,0.977025087521307,5,43.05048014418601
3,0.4245432754467495,4,78.92454948524282
0,0.5189972558163112,2,45.51815329363253
0,0.8683044135551672,2,33.63241699834014
1,0.7137486050178541,4,52.92893756390394
3,0.9834004875490855,5,59.54867153774277
3,0.5646195170761958,5,91.36023425700674
4,0.40714112471945885,5,69.85359391221436
2,0.48210275291214794,4,85.75605975061885
3,0.772384422035985,4,62.96947615372718
0,0.7136241601948886,4,46.990059033799
0,0.4090736653141171,1,40.270867907655955
4,0.6073644994690952,3,39.95105450962683
2,0.7770155543742594,3,68.21492432241256
2,0.9692606262911877,1,43.278109685983765
4,0.8547762297586962,2,30.645824911557952
3,0.9478787078126695,5,61.74522711526542
1,0.9462591832409717,5,52.73675775886189
4,0.5875199995456357,3,54.05538881416933
4,0.5351305212817004,2,48.24378201100005
3,0.9703833963390613,3,48.69836035981043
0,0.7288092223903265,2,34.142636585247
3,0.471416395779269,5,98.43144010874185
2,0.4245829556092376,1,68.61371123296907
4,0.9319923418917911,4,31.636645041211867
1,0.6665838649534348,1,25.377377605591583
2,0.7504962769793675,2,52.818131126732176
1,0.6086321556417902,3,50.697573502556565
0,0.7859696753704184,5,49.11136025890378
0,0.9500371371933934,1,18.109854489355996
1,0.4056863314232211,5,77.982429128794
2,0.6435114868831469,2,64.08909108608984
0,0.8943618428403294,3,32.30703699325987
3,0.7224856232431502,2,55.15959163689293
0,0.5999640574020138,3,49.82452776422857
3,0.8288490434122284,4,57.440331700228164
4,0.9712395118024572,3,29.349484822332837
0,0.8635885922751014,3,31.88913148826104
0,0.8385526493407678,5,50.913969866966376
2,0.6942400036228984,5,82.30979309275345
1,0.9487506878562071,3,30.032228754234804
3,0.49962539676589407,4,82.58437943892328
0,0.7724213705081779,2,28.79834329448036
0,0.885720864003031,5,54.44134361452572
0,0.5552680836493035,4,62.18697410874794
2,0.6663547411463007,4,76.41285869234609
4,0.5649983154720547,1,35.38879249417875
2,0.5492353502680789,4,81.90582624282
3,0.461798917430535,4,79.97400346200148
3,0.5624420977367471,3,66.5445505619572
4,0.8053804233088396,4,42.548952074476084
3,0.7605905770196149,4,62.777035668469
3,0.8269391524752756,1,38.42965787344758
0,0.45726019260174994,2,42.9437942858851
2,0.42919907405818747,4,94.82979140937526
1,0.7235175095325439,1,29.097414822380134
3,0.7150056761124618,1,43.857558283079754
3,0.6264013662398498,3,61.059383865736784
3,0.6764283163837647,3,63.69409650875719
3,0.7800566071551798,2,46.76779177222892
0,0.6215845710227158,3,47.78984397090325
1,0.6579839019841046,4,60.21882102259987
0,0.5833885485974233,2,39.93725478832379
4,0.9058728508399095,5,55.96960255196072
2,0.450172360028102,3,78.63244735470593
3,0.8373029711210638,3,59.295964196607144
0,0.8921659305039321,3,33.491836587225244
0,0.4018220707709496,1,44.443919554980525
2,0.7593726523750157,1,54.11661952549426
3,0.4209276336572545,2,66.8022174451211
2,0.6274717988155157,5,83.68021765998344
0,0.7803608370081859,2,28.217539374150675
1,0.8613778401074776,4,42.09907111194674
3,0.9531369513052507,1,31.89137129127752
2,0.5922395920053665,2,59.54202144451402
4,0.5571757690946624,3,55.22654880247815
0,0.846358788595535,4,37.80108504429203
3,0.4446601954073671,4,80.28419991466886
2,0.62363210028369,1,57.689427367765006
1,0.6102503275598354,2,36.4990799845508
4,0.9645616632246283,1,10.564316533757768
2,0.4118114512318267,1,62.40060118637671
2,0.9626827974944137,1,43.74905236056256
3,0.49923913851622626,2,67.81423881314946
0,0.7858775738970488,3,35.66485923235878
0,0.5067022534080179,5,66.08495162085246
0,0.702624179966256,5,66.59826220677273
1,0.46351590546205773,4,62.33504400909959
1,0.7393000342365019,1,23.075954996915222
3,0.5367816579292995,1,58.07472279559668
3,0.9800402318438171,2,39.18878234579896
4,0.7951183722978923,2,31.50506575485508
1,0.8322791267007793,2,32.746880052550935
1,0.4678692560699678,1,44.37597345358932
2,0.8097525816337986,3,66.03974479748541
0,0.5790405336605347,4,56.248341858142226
2,0.4746689878500726,5,91.44316078621483
1,0.40653057872757864,4,68.61109951033148
4,0.5258633618426718,1,38.0879349454492
2,0.7618140305460985,1,48.757206724982694
0,0.9399223998507268,1,12.919329362588396
4,0.8479191190689557,5,49.03118072125254
1,0.7196721742545245,2,31.172465664621154
1,0.5545830182107662,5,61.99105124968462
0,0.7282714448753422,4,55.76572074783569
1,0.9062412995433502,3,30.29947168576931
1,0.9980063759483567,5,49.482906584893975
3,0.7806313443535002,2,47.291497024149855
0,0.5289082345330022,1,30.605047050329027
1,0.8106174992708233,3,36.287076091227675
3,0.838323606992115,1,36.291252135426646
1,0.8224250548513405,2,21.988219113420914
4,0.7216323157332857,1,24.290444435568503
0,0.8895735557221549,1,20.31036132273428
3,0.8038001846674819,2,44.98024249104814
0,0.9671056656709618,1,19.352758627230482
1,0.8199369293450104,1,14.283486753994165
4,0.8028188382992545,4,38.828119209329145
3,0.9855239909192368,4,54.981164046961155
4,0.7747704653508578,4,50.18939758908612
4,0.4983372797551463,1,36.70809747417614
1,0.9994393761875912,4,36.836454604240586
1,0.8762898005427447,5,58.507435223445405
3,0.9988364643442338,3,45.39248684506279
3,0.44787013756374816,2,62.58534566443715
0,0.8736254655580309,4,43.56168200632587
0,0.8955823381646466,2,24.98197206302078
2,0.7735349325251124,1,41.278946777762485
3,0.5591442046451844,5,89.1728046882252
1,0.9999820286424832,3,23.57180814700968
4,0.9737945468929136,1,19.29418252321362
2,0.6012730480812675,4,79.8747878032124
1,0.9830084010798877,2,21.565075898310266
4,0.8916270384033415,4,38.36812413155477
1,0.47110665811962604,3,52.39177836005111
3,0.9520338406954745,5,61.8640103707247
0,0.8200811028530599,1,20.575342524482586
2,0.9751882720205347,2,41.75143349263148
3,0.4640811679146071,1,57.97972208383739
3,0.5182734271179379,2,47.29013042961684
3,0.9385286414103968,2,37.6002012283304
3,0.5631532845319913,4,81.72792569938608
0,0.8597842638137034,5,54.65376276867753
1,0.7352366302750959,5,62.71492767040394
1,0.5744826897533954,5,65.82572062154632
3,0.5929584821625896,3,63.72054888356234
4,0.9422646635619358,3,37.42172244304988
2,0.6067519403044312,2,64.26749156729647
2,0.9787872529931597,4,58.565369766654186
4,0.9143135359169623,3,34.87365323640097
3,0.7392459064875165,4,63.70190557523701
2,0.5236030895342711,2,67.46800349904491
0,0.8445848388620105,5,45.99782040456985
2,0.8115407769329227,1,51.87736180550195
3,0.6894827824086516,2,50.61819588666341
2,0.4068087246763584,5,97.68136169662638
0,0.45756182841068765,4,64.83468758350368
1,0.5081090628227425,2,42.22421992815747
1,0.9101970951270921,3,37.73962937374546
4,0.6037993675319742,5,56.32113738381865
2,0.7994118215556067,4,69.8844663278007
1,0.7662069244197529,1,19.02582421344149
0,0.7952279497477545,3,40.000260278866755
3,0.6542262220963053,5,79.78710622708927
3,0.8332252587284545,1,43.5029561708863
3,0.5741292836681376,1,48.88395497813095
2,0.955070968202973,5,71.46815727714025
1,0.5359532240179977,2,44.2251369906386
4,0.9838283211998082,3,23.058482311982292
2,0.5190064542836197,3,74.66888598728218
2,0.5135921089164167,5,86.19897120948895
0,0.7850403961457773,1,28.63265133711502
3,0.5098319782560402,2,55.95478276400742
2,0.9343164712524628,4,64.18434421169283
1,0.9892740738033107,1,14.960613250649205
0,0.6675715054496898,5,57.35804871371942
0,0.7644818522006211,5,55.65499168715011
3,0.7250248065032994,2,50.16902543172563
3,0.4943818150012187,5,84.43589500294183
3,0.5297304964715317,3,66.15149818998034
4,0.8142556348770893,2,23.357030224057336
4,0.42889202559261697,1,39.176788634274104
3,0.5096424563791676,1,56.84320689773459
1,0.574321291745153,1,32.02926647711482
1,0.8196375966271697,3,32.408432587934904
1,0.4549239884608454,5,73.17655905646222
4,0.99027096368187,4,37.44282285784634
0,0.500867638023724,5,71.34945029501914
4,0.7239427926483768,5,58.07122594193922
1,0.645384270913973,4,49.80035408438179
0,0.6304087027994605,5,55.98106277428069
1,0.5585583820884952,2,45.47495687970083
3,0.7903807065788166,4,69.79521247005314
2,0.5417320636710096,1,58.75394761404201
1,0.4331339856921713,3,62.50998035697617
4,0.902933265623456,4,49.99814538223099
2,0.9182775751498882,2,52.03445312218096
3,0.8154919738021515,2,46.87612666748698
3,0.9033760964300228,3,44.8020180295355
1,0.9918518353907585,1,14.388926411029736
0,0.5122896178028803,4,58.25371031837056
0,0.7787216368841153,1,26.912764395323805
1,0.7233026016913372,3,34.98827496256259
4,0.5414105162430629,1,31.954370700754705
1,0.48563958802662915,5,67.98709770349163
1,0.6931376660400828,4,52.22254145997091
3,0.5604587096097976,5,86.13982151332299
1,0.6331400384554448,5,62.93795818562832
1,0.9842608983794198,4,33.706523073556276
3,0.5943083037065401,3,68.55206134516216
2,0.5542246318877125,1,56.31493849624182
0,0.5874976678101628,2,43.106145722509524
2,0.5715779170318915,1,54.988055039216704
4,0.6083193912014709,2,38.68390542921249
2,0.7525942026959511,4,69.865839597369
1,0.7193180369334815,1,25.785781010499875
4,0.4953676264195419,4,60.71958752843514
2,0.669285265597557,2,65.84883836418831
3,0.9263526018707213,4,53.584784693957744
1,0.7786186277970598,5,57.44598368548813
4,0.6197156780740062,5,66.08566699106412
4,0.40465141084223233,4,71.50167600325547
4,0.6247507375341336,3,43.32132731661904
2,0.40412879047895983,4,87.62228885780205
4,0.8494172047770161,4,39.794351248221744
4,0.9866810291022626,5,43.593079338966625
4,0.583669000910461,5,66.06198361917207
0,0.48702496906753223,2,48.052355766761416
0,0.9796479052675292,3,22.79343092602146
0,0.6608171975657915,3,44.06752286604733
3,0.5034858413125343,5,81.35661861488275
2,0.5825998901055439,4,81.62815212059142
0,0.44921854942301326,3,52.3223773469971
3,0.9753630201601664,3,46.03395095488748
4,0.989378298049007,2,22.637458177081253
2,0.9774784397410925,5,68.53963964023183
3,0.7336964540965363,5,74.96184652918016
4,0.9347659243295644,2,23.27835688837592
4,0.8125833597049374,2,25.734697012578792
3,0.9572391880504004,1,27.926189753989405
1,0.4934238676171438,3,47.196839445257815
1,0.6233292157160175,4,49.03292015160145
0,0.9795990291983123,2,24.345576232389543
3,0.9118867341944765,5,69.50366677421087
3,0.9121150787630404,3,46.60214153705827
1,0.5598663737224527,5,69.84196914078674
0,0.5014725217333611,3,45.478059810694646
1,0.5708897067707742,3,49.75537127806149
0,0.5111589730855984,5,70.77959035453871
1,0.46040587306040304,4,62.84353999301181
3,0.799553816207577,5,62.94292759918706
3,0.7000183827173759,5,69.17451019175034
1,0.9397378192274815,1,14.884765618893406
0,0.7641184425967715,5,60.597643146539056
2,0.8190387831564863,3,61.987472519193126
0,0.4724805086360412,4,66.87908827974118
2,0.9339241976534686,4,62.070295522311454
0,0.6994867697840763,5,48.59776006385468
0,0.43370511166659637,4,63.11952138172426
3,0.6821010405051384,5,86.77259491330591
4,0.8835082430731831,3,35.425912086472955
3,0.7800771370220869,4,66.83193301968744
0,0.5008756005062805,1,39.08261297586764
1,0.4686883220446498,2,41.47862491746508
0,0.8026156397066457,5,57.041613627086335
3,0.53978152007084,5,77.77708613585565
3,0.7770619957447482,1,39.08343539151637
3,0.6037883280373142,2,56.53933507006557
4,0.4291834448798854,5,73.66470900626888
2,0.9885161685721373,5,63.57739946949429
2,0.7501922902107934,2,55.03080713530824
2,0.858003002536512,4,66.53386893042888
2,0.6389596407156339,5,89.85696836673893
3,0.45513420175357894,3,66.65399040588754
1,0.8320673093538138,3,35.36101089220481
4,0.6152675811261141,2,45.607429670843246
3,0.6799906097591017,2,50.82480171873917
2,0.880447553661165,4,64.34612473616248
2,0.7354451995460003,3,68.83364386214895
4,0.6979747758159143,5,61.586721861622024
3,0.5796318637498912,5,76.67732278035125
2,0.8537475141285387,3,61.064909975127335
3,0.795455841155492,5,74.40544947938494
3,0.7854113658943578,1,44.30764501934163
4,0.6374206971957947,1,33.72125817594162
4,0.8900963568647807,5,48.40002070815902
4,0.6064175403514606,2,37.47656198373765
0,0.5831158541633576,3,46.66122738897236
1,0.5265978238720678,3,54.36720467022299
3,0.4972560765505141,1,54.72165877679146
2,0.8846129226131969,2,54.67739481134112
4,0.5993331149428338,5,68.28465959063988
1,0.4209898956789362,5,69.44665315708326
0,0.5603979536216027,5,68.91714232004652
1,0.9409936068089848,5,50.84465741808511
3,0.9713860375818104,4,53.23892028202407
4,0.6950128593308398,2,33.63271966702206
4,0.40000829275665534,5,69.94172463757295
2,0.40249592639673226,2,72.99743902492953
2,0.843041394004522,1,47.47188980651905
2,0.8739069164997431,4,72.50466292612086
0,0.6855643346135216,5,56.12258789799231
4,0.6489275750882736,4,50.18814463833394
2,0.730459191035391,5,85.19931309473384
4,0.7710522379782598,2,26.264978646742673
2,0.9893880527912134,4,53.23752972121484
4,0.7716097806547488,2,29.47841306228203
0,0.6876773177238005,1,40.39880899908271
0,0.7367006636626208,5,53.19511002828848
0,0.8471656046874281,5,60.65178588094342
3,0.9077766816914377,3,48.94095030544912
1,0.8893925508365272,4,35.42912258965609
2,0.7703236038408915,4,72.66026267269075
4,0.4315525023379487,5,70.14538108953333
4,0.795235834158943,2,38.240607729733
0,0.9602297265716423,1,16.202930243306785
1,0.416883463165861,2,48.63838782299496
2,0.522058582399554,5,90.9382112301335
3,0.7662286497839935,3,56.20672719875756
3,0.41215302888253247,1,54.747610484412505
2,0.9577816737909974,3,59.64973147687646
1,0.9941313884947592,4,31.906179631190735
3,0.5795347741651298,5,85.65574682031085
0,0.42871100451110516,3,53.00884198157728
3,0.6206583287159175,1,40.91719030714017
0,0.4288447886459795,3,55.60183761346241
4,0.7993495860165287,5,56.54592082454785
4,0.44837004902780864,4,62.946914170016626
4,0.42872634457338504,4,65.98733429520819
3,0.742063843169591,2,51.73321588910174
4,0.9023009073449407,2,31.60732586845967
2,0.5917520616489625,5,86.3958639627985
2,0.5705285149853863,1,63.951606908347046
0,0.7917625754836113,3,37.07077156637133
1,0.4741761033186416,1,42.969114134402886
2,0.6444255726610545,1,54.063322105615306
4,0.4766908865704128,1,37.09351932252832
0,0.6694109745041659,2,37.22543340506788
0,0.8330576487458994,5,55.30501315663601
2,0.8853315761770111,2,47.246095989714945
1,0.7998209426310015,2,26.711927230601365
3,0.60607298825856,1,50.86481665015259
1,0.5088575667900099,2,50.728430137487805
4,0.5568662943494338,4,55.83572015308531
2,0.6334165361569487,1,53.023457209145484
0,0.8565727864306792,3,36.374253834398516
0,0.7541270433316241,5,60.38396902369466
4,0.6474478738862303,1,20.62647351513813
2,0.5269519243637429,5,92.0569923400614
1,0.6090393132629365,3,47.81324494076837
1,0.5295108354571367,1,28.243943685902835
2,0.40269341179741935,3,82.62236696435858
2,0.426465225596916,1,67.5956633823832
1,0.8961618592624323,1,15.639274549522355
2,0.6630362820302222,5,86.56540199985578
2,0.5063204325879641,2,69.94037335462993
4,0.871869335986063,3,31.40887843078045
3,0.6768730495564552,1,44.55458490521579
0,0.7032679055565434,5,55.86519810747206
3,0.9907359081543448,5,57.63297332932868
2,0.6030241793208249,4,82.90087068944509
2,0.9878510020393946,2,43.99644504887125
0,0.5474789530049092,2,44.59808560320295
3,0.7136209412268231,1,38.726361905335054
1,0.502865455284974,1,40.701419784806944
0,0.6307554475161148,3,43.58831833445983
2,0.5080357342720178,1,60.83204752960649
3,0.7485692252479397,5,82.61699417750732
2,0.4792522391484738,2,77.96830119129825
4,0.7150635330248385,2,33.7850774704467
1,0.5863585223095821,4,50.96189397444029
0,0.9920253723477939,5,45.881388565268495
4,0.409968755444484,5,73.391069464102
2,0.5562130843267079,4,88.39378539084052
4,0.7344202339488021,5,61.411497754216626
0,0.8810879120735944,2,24.744972887711896
4,0.7047592233036604,5,62.01542632143766
4,0.7236185457195514,3,42.31557059040938
3,0.4807713257345263,5,90.61367322182693
0,0.4650866715695133,1,34.939076062810756
2,0.8976984283273232,5,74.25688971061503
2,0.4574377772584705,2,69.9426562134463
4,0.5026524400039221,1,38.001018882584034
0,0.4217129623753286,3,56.416941049000684
4,0.4445548726562464,3,62.62277191489741
3,0.6506506622114578,3,73.06561819853343
4,0.7870050462845026,3,42.05371050842414
3,0.5346035969315301,5,78.55025243880775
2,0.8009600260430776,3,60.62128641335563
3,0.9810561459748397,5,63.55705192171179
4,0.45050279778973695,3,52.2513979825684
0,0.7464223030909927,2,34.40968178711788
1,0.6053258532207779,5,65.5805348025413
2,0.6575503887865423,5,89.78583806042577
0,0.5582970301356112,1,41.1976183986898
2,0.9334781433136227,1,38.09499441740429
0,0.5314976373015458,2,43.41488567519362
1,0.8415063550087933,5,56.91427596366417
2,0.44834418391467357,1,72.46118162989396
1,0.7430652343941269,4,50.516611066522074
0,0.7855760364815191,4,48.99031014664495
3,0.784408634747942,1,44.10579405796679
3,0.9866498415584092,3,43.95938524484948
2,0.527837888705404,1,57.98374991080614
4,0.9798447924745111,3,31.16626143886171
4,0.6092529597267492,5,63.022763040767536
0,0.8602699149348467,5,47.73359927677432
3,0.5590424477934103,4,69.77215283948712
3,0.4098163927805529,2,65.25901863500341
0,0.4211628853968871,5,73.052885966683
0,0.41283496139300657,3,57.154045582014824
1,0.42202598443432326,2,52.93179735194515
3,0.5254539548942512,1,52.13658817838285
1,0.42812276100610575,1,41.95299282624596
4,0.48924367860642215,1,37.58071068925457
0,0.8154286904944286,5,51.75600815816776
2,0.5462527558965408,4,81.74189179387777
2,0.43765849567536175,1,62.748971935978574
1,0.417663624415777,1,37.39553017911767
0,0.8585271643647469,3,40.31275401573611
3,0.8814746669896658,3,47.72774470991148
2,0.9643291972001228,3,45.90702536543222
3,0.7194470999174472,2,55.712942961225814
4,0.9597412746917197,2,18.228741163063248
1,0.9761620971366233,4,40.57963578882004
4,0.8014869796605559,5,57.218771875299254
1,0.9908974334616218,4,35.5770173764581
1,0.49039751922281594,4,66.67588808414011
0,0.4080606355615243,3,58.50861795055902
3,0.42571267450570394,1,59.59147880905927
1,0.889182759582692,3,33.833088099268274
4,0.6625344735105221,4,53.76406091167919
0,0.8244539117315208,1,21.296715747125678
3,0.5916546584294367,2,52.857155983910936
2,0.49649285137120275,2,70.7122283756264
2,0.8365977112132883,1,46.63937542712328
1,0.6057991171490112,3,53.73491943166607
1,0.9402539509114122,5,47.60947764447422
1,0.5763113582904617,3,48.1244312214231
4,0.787777748223748,4,46.618073403043375
1,0.7445047772898861,4,51.971542876408186
2,0.8777415691338233,4,60.280297668869004
0,0.4164639584525253,4,56.82717415301945
0,0.6914218272527218,3,40.900426473703
3,0.8864942868930134,2,42.0671936970495
3,0.9856347595381759,1,33.97890361807309
4,0.8186559683559811,3,33.62008940213058
2,0.6598801793561302,1,49.496327029660925
3,0.6857660184171739,4,61.682936804824095
0,0.7050987380531109,4,50.53338437964301
1,0.6181174337425047,3,50.018595151407105
2,0.7030424187634091,3,70.13219823073646
2,0.5375617005968565,5,88.96181565130016
1,0.6421742662164736,3,43.63437097681325
3,0.8522671450822994,3,51.24944128203144
4,0.5220095953229301,5,60.80590710805286
1,0.8928648734021236,3,26.23607463719227
4,0.5773792530301031,5,56.78607353304993
1,0.8949331492151937,2,27.25619143423271
1,0.964110768540118,5,49.70953130154686
0,0.7206710336279041,3,38.65053838235879
2,0.7534160042245939,2,55.270321195617015
2,0.922978471245313,1,35.41297173299475
1,0.47605919399583824,2,46.47957384794034
1,0.9635688520680938,2,28.924386242351485
1,0.9587504828059711,2,21.9067655344982
0,0.5751121502636356,2,40.72043586025911
4,0.8077340186116552,4,43.96281493594509
3,0.9844466839701862,4,57.1646973100498
2,0.6603475662094183,1,49.066902053626535
2,0.48047033612308687,1,54.706275553622206
1,0.41851879595676206,5,77.09982721872767
0,0.43675023386352646,4,62.01764272110764
3,0.720354264408653,5,71.94056594742473
4,0.7433307541261269,3,43.68914516615381
4,0.5828390877631959,4,51.205966346549985
1,0.8969214745234205,4,42.29063946172489
2,0.4428012620176226,5,92.48142588512158
3,0.7315077475279093,5,71.44919302689186
0,0.8261595649233058,5,55.38142116170742
2,0.5845114455982768,5,88.71850322672304
0,0.6476198652134325,4,50.55132328689003
1,0.9613439283248205,3,38.864643639977245
3,0.5760042558817492,5,79.52196487604328
3,0.706291872952473,5,76.00615699112817
1,0.791502385715529,4,49.195404732486764
0,0.8927933082824993,5,48.77132614658957
2,0.415240319655665,2,65.03762602927317
3,0.7399921945335168,5,70.0617000954904
1,0.5044503437794811,4,64.43900647940558
2,0.9691842271456542,2,49.43303601589392
0,0.6830226910681565,5,60.49488496150951
0,0.5682145183640682,1,32.03196877250692
4,0.5016145717481028,4,66.14104412807764
4,0.6507098040904475,2,42.83930045441238
4,0.5391524624341038,4,56.72853418451949
3,0.6039387443832748,1,50.16402306938642
1,0.4874879529814431,1,36.86810704982539
4,0.745543589249223,2,36.47189536549841
0,0.5401016801653243,5,67.76762876975295
2,0.9862469309368658,5,68.32571045353174
0,0.752840449760058,5,54.48182589368938
2,0.4768305714982575,2,69.66052435125974
2,0.6576471925113577,2,66.39534343239869
1,0.6148823949987865,1,30.614515380236266
1,0.5088885160270213,1,34.136710860941434
2,0.8239569714289954,4,72.77337552617428
0,0.9320610623589691,1,18.212729708775832
4,0.7997672311019447,2,29.639613017253236
1,0.9849333758902615,1,8.72150864535358
4,0.6516795634130357,3,38.625002154372716
4,0.5551945783282352,3,54.40034250853189
1,0.8428754485782282,1,22.324440235423985
0,0.7972906014229137,5,48.45670702950865
0,0.742600583799512,3,45.45933311411672
2,0.6808732380771951,2,56.49309112277351
3,0.47035588076334794,5,77.67877577244458
3,0.9511789360344486,1,37.08398893454363
3,0.7241535252551564,4,69.01843141706925
1,0.7074855363133448,3,36.65521612867967
4,0.6051115928498665,3,54.9891151531275
2,0.6177696472384939,4,79.41339263003391
1,0.8172528874160564,4,45.190671985597355
3,0.8539140415686314,5,69.55130756630746
2,0.9074106108416446,5,75.6399047173192
1,0.9102110027978658,1,21.315825545551654
1,0.5707401201243539,4,56.05429710120712
2,0.48541181912203707,4,82.922699714664
0,0.595044448274838,4,57.126134674307906
2,0.7577423804154655,3,65.13684186515276
4,0.43960094780239667,4,63.48284655923407
1,0.4952347808291144,5,73.95230927142804
0,0.6213018651692637,3,52.52937524240714
2,0.6355731320376576,5,84.11249689674753
4,0.5178951801315289,2,46.82646421369285
2,0.7133390260899842,2,62.47778181216669
1,0.4694001823792012,3,49.468555862750456
1,0.7845220173649503,2,28.783088769170156
0,0.5768499085152886,5,66.96297158304112
0,0.8497447793269753,5,51.45074442273136
4,0.9118307041675614,1,21.141061425965002
3,0.8815314516297932,4,55.73897830082633
3,0.47894584175751825,2,62.339578725745014
4,0.41824272374883753,1,37.8834442557245
1,0.6086687396495757,2,38.81095458362064
3,0.8450598452456815,2,42.263817265836465
4,0.6895108783889496,4,45.30838667528954
2,0.4122488589061819,3,81.70199488841305
2,0.5951077988714847,1,58.5628731313474
4,0.4396130828784776,2,46.55568356359039
2,0.536454903016715,5,85.60036418143557
4,0.98348792133142,3,34.45504107390198
3,0.7704387535865318,4,64.52982716326257
1,0.6765072083504172,3,45.170620757437334
2,0.5339391147342984,1,50.536308924445564
2,0.8786902459482591,2,49.6396911821422
2,0.9897690108485045,2,38.32135617911261
2,0.7327684055487649,3,61.98584366527537
1,0.41985652815006796,2,47.37998188621354
2,0.5020321135561446,4,85.372870836961
1,0.726709457283135,2,30.045100716147914
0,0.4118819945809413,3,58.80048130036531
0,0.7400225234464921,1,26.135344563341278
1,0.8354701172110119,5,48.29934320232595
2,0.8347516299970685,5,75.72185269200993
0,0.49129056816915134,2,50.71682562008948
1,0.4357501910751405,1,36.60254656733848
3,0.9319916239795177,3,60.219225853072935
4,0.7075042167802348,2,34.72169694397557
3,0.5886233305447114,5,83.57442360775431
4,0.5211987831577004,1,35.37153726803212
1,0.6027585056670182,4,53.50059081982276
2,0.41669521709790774,5,92.84555240171895
2,0.5581933609366839,4,85.71088592980792
0,0.5691669581737745,2,44.60685184114628
1,0.4554396184266446,1,38.07910337374259
3,0.4655350818259226,3,69.32764872198763
2,0.6595761809757499,1,48.00255281752615
1,0.5548912336566386,1,32.39060523587528
1,0.7455276998147995,2,35.05924461787423
0,0.666066437582662,3,39.94402541320247
0,0.7947221132954148,1,19.508845987532368
1,0.7380534726923831,3,41.80974549066073
1,0.9185623819517152,4,41.402064183215955
1,0.8021403475985933,5,53.4594579870456
2,0.8151615568085333,1,43.612705890242026
0,0.9800411314856907,2,27.36769711305169
0,0.7473393138684674,5,58.579180314030474
2,0.924432914182887,3,58.71941474903555
2,0.9495200253344108,5,73.69078386556872
2,0.969145074096625,4,66.61128298057213
2,0.5652174594882559,1,53.35631197621353
0,0.7420016005373797,4,41.060218194896905
3,0.7483747553725126,1,43.28794906478261
3,0.5859968077284999,5,88.16670537540777
4,0.6502493128711506,5,56.298692640558585
1,0.7408091449876004,3,46.635423118992406
2,0.8456827806707299,3,64.6690763602047
1,0.7943761004668344,3,37.491561896923294
1,0.8126023178221655,1,24.737838701138188
2,0.6966498548025928,1,48.29136474200274
3,0.6156730060214162,2,55.65919288060884
4,0.6091974300672826,4,50.83450592060022
4,0.7777361038360289,2,33.03779437348623
3,0.7080888353969592,3,59.18725077367394
3,0.866472592445056,3,50.78966459212601
2,0.5855434654472346,2,64.19626769540643
3,0.7289663232374806,1,45.604249156535474
0,0.8983981332465831,1,21.095633115525374
3,0.9519306202273186,1,37.465797569035104
0,0.8298818334690645,2,32.64233846645443
0,0.9279198628737029,1,15.212679036557908
3,0.6019182006345354,4,69.4845986130086
2,0.6831895748323125,3,61.07018437574323
3,0.9287475004015903,4,58.1437885339766
2,0.5818740867876329,5,86.85703233627407
4,0.5766013430988096,5,62.78969232084853
3,0.7538088755540258,2,44.7587325000036
2,0.7006693201128349,3,69.2448927483794
3,0.7192308000859405,2,57.71750491182105
1,0.6513781113625046,3,48.804264434008886
0,0.6160374355085267,3,45.86314445336859
4,0.6450755859364057,5,70.64167266758041
2,0.9191460043703795,2,46.087176356231595
0,0.73725246645146,3,41.81886751269995
2,0.9398990724675645,4,67.09857234970107
4,0.7596174900857191,5,55.74767214323045
2,0.7292771324990865,1,46.09607225369395
0,0.661636653270786,1,29.126082417596237
2,0.5866657217633224,5,89.35669086930844
0,0.6955744391362798,1,24.20942727202972
0,0.570540506441976,5,68.08882031791786
2,0.5852914875601711,1,52.693490913727786
3,0.7783384201321446,4,63.573925162821745
4,0.435544997835351,2,49.43524766226613
3,0.8090116733185667,4,63.47998674105115
2,0.7437156926027384,2,58.09530942107077
3,0.9896781231113431,5,66.579831553334
3,0.6485738714953604,1,43.80775587773288
4,0.44242852066519134,3,56.30810127145274
3,0.9651104136853672,5,60.84138218983479
4,0.5575519440371532,3,51.97539421573509
2,0.9657803348546952,1,35.16678600854268
3,0.9199106529413843,2,38.347662329576316
0,0.7648128968207757,3,40.231908649453544
4,0.5931030001568219,2,47.03107117819441
0,0.8048341610450139,3,45.401423571786374
0,0.42016561842659816,1,41.04278260510159
3,0.9617293635378235,4,54.72715406614062
3,0.4700806094057389,1,56.765413142717044
1,0.7765926668474694,1,22.803799714982862
1,0.8661843574480901,2,26.24730544868494
2,0.8813218354144794,3,58.134860322397984
2,0.6804916462229074,5,77.9237672796928
4,0.6067433431957818,4,53.15256030398075
4,0.7953255685136275,1,21.465620442354272
4,0.48144620435603463,3,44.83418790523166
3,0.4609670539378691,3,78.4945191581948
4,0.735173403379257,1,30.353470917346755
0,0.6315635843512055,4,60.16538992610692
0,0.92136194530319,2,22.21710116292145
4,0.4375409236272515,3,53.68911839779745
2,0.60874328641351,2,63.84971333374291
1,0.6650939450214135,2,35.18747740490273
0,0.48781491475415933,2,40.68612944224433
2,0.4321891766279808,3,74.12107384879766
1,0.5628213636221575,1,36.34811105604889
2,0.5040515091842278,4,88.06296575833778
4,0.49105729978231205,1,36.215842488187604
0,0.49773941648120135,3,56.002681119553095
4,0.7461834738796906,4,50.34490213326236
0,0.7891675859818359,4,43.7795538237377
0,0.44951900633967007,3,51.69851100228618
3,0.45300259382126323,3,69.08430607388254
0,0.7183491103939952,3,48.70310837504741
2,0.8836433067731712,1,50.35885810293307
0,0.606779297044223,1,29.76363589221598
2,0.427234181281914,4,84.42342330021157
1,0.9002163731144355,5,53.16897254669053
4,0.8539171907133045,4,45.3568076193779
2,0.8585474972686868,2,53.778646332478026
1,0.9658111454411938,3,28.41026307532954
1,0.7087621642762676,5,58.92186663224598
4,0.7015479418902835,1,23.536975418770016
4,0.6019743805723274,5,64.32181606677052
1,0.5376736271821636,2,39.92316050357136
3,0.6792100715052931,4,69.11842446632758
0,0.6844679387510537,4,54.91326382437838
4,0.803513374622914,2,27.385558682933745
1,0.4458785913830493,1,38.53217244487231
2,0.4409308761550846,4,89.18639025994092
4,0.9387185184980826,2,23.408684495959868
3,0.4486112050754526,4,81.20592486593968
2,0.8224140401812735,3,60.762965947178216
4,0.654145493515273,1,23.835158966625258
0,0.7906442027700742,5,58.83552473152762
4,0.9110680265197507,4,41.01554251168308
1,0.5322317414638978,1,37.070781769250104
1,0.4018289858566597,1,39.727951837633704
3,0.6687555364824198,2,48.54366764875489
0,0.6071845467127469,1,30.834778591863664
4,0.8305929359699793,5,59.642549773040884
0,0.750838334508476,5,60.07182645181722
1,0.5243690541618291,4,60.1161526341399
1,0.4057084682616826,3,55.83859228992659
0,0.4541506472142945,3,48.78893132957966
4,0.9157899404530885,2,26.273702573221566
1,0.9563817062791574,3,32.30778063855922
0,0.9917644251060377,3,35.29136072927456
1,0.5938068622090433,4,57.542145081303964
4,0.7688071260563755,2,37.58341719955219
3,0.49089335821933033,4,76.85721770802304
2,0.5988423859872463,1,53.61072281923684
2,0.42929825102179864,5,104.9711397079561
4,0.9962586365300573,1,11.325432718199892
1,0.8142731192455839,2,32.10162895412158
0,0.6929254481618952,3,53.65172155619071
0,0.9096806095487089,4,39.317548334369796
1,0.5288234736537445,2,46.01384738273
1,0.5803578345714973,4,62.556288511669074
3,0.9250224910109484,1,38.10769742865804
0,0.459221033857116,1,37.76982597100939
3,0.8798025764072548,3,48.92776234546001
1,0.7776163842345161,5,53.45959094477474
4,0.8529984161202446,3,34.37903149678989
1,0.8760281390225408,1,21.04483447364477
2,0.5359944924778957,3,78.76629195274079
4,0.44710944178239265,4,67.04030025913426
4,0.5818439826175772,2,31.93157097327122
0,0.692437017473916,1,30.477431669390405
0,0.8588998370422198,2,23.805486794863135
4,0.6129421274184604,2,44.13200582830241
4,0.5912722364020485,4,59.91210315335776
1,0.41604690013822626,4,66.62595200297216
3,0.5246899760967466,4,69.4185360028418
4,0.4510487305208388,3,51.869469107797315
1,0.8556405468443945,5,52.11265288930258
1,0.5237740540098518,3,58.87213379858426
4,0.8449378117838455,2,33.83724180049578
3,0.47722616299610704,5,85.19306217119748
2,0.6658301212786202,5,91.38040007110192
3,0.504436755384268,2,64.21524989018215
3,0.6301290747442048,5,77.7888489940044
1,0.654470136819689,4,55.778061069242426
4,0.9184228044176231,4,41.10260868145846
3,0.48083824652769297,5,87.81913363338137
4,0.5012807760082751,4,57.8038436756474
3,0.462611534478937,5,79.98965111727169
4,0.9706279370540332,3,29.515902212559734
3,0.9841391612436704,1,28.090842164030345
2,0.7608528063551396,4,67.21376733485911
4,0.6774741846772137,1,28.221489895923767
0,0.8085026402524025,4,50.77873251090438
1,0.4252062372908613,4,59.71654516041339
0,0.929960885583784,3,28.521739393879738
3,0.8092469338085169,3,51.814535416569065
1,0.6212441875086129,5,59.89491909829558
3,0.4344454855407178,4,78.93630766043272
4,0.7446386523490593,1,22.515461085979663
3,0.9704306739633253,4,53.48208693697692
4,0.527388264591777,3,51.0572386789407
3,0.5358925486119438,4,79.26742718628938
1,0.9780502949427966,2,19.425511177815313
2,0.631689421184858,2,69.43155297386328
2,0.7065933718711619,1,49.52279201735808
0,0.46023121058025085,2,49.10910726556343
1,0.8299517730259793,4,40.87065730407887
0,0.5958897149507265,4,57.57279100124088
0,0.8403240068811881,1,14.561105445456615
0,0.654624370444459,1,33.48975730672518
1,0.8193095766745417,2,27.830926162336315
2,0.8257002937868507,2,55.00003509629474
1,0.426444819912697,3,54.64642564285438
1,0.979407665744806,1,11.549010459776154
2,0.8786120744996726,4,64.19282938422734
4,0.9217081667046644,2,28.29790834062771
0,0.8906240278175046,2,26.294862722271397
0,0.8726723311862699,5,47.38084679748679
3,0.6262335210017949,1,42.65921710908288
0,0.6319278179503476,4,55.14687308797574
0,0.4147830108899361,1,43.36975129829271
0,0.8819503653461472,3,32.32472045045792
0,0.7472362160308857,1,25.975395969787744
4,0.8256974683857887,2,32.082534447155446
2,0.8149791158727466,5,82.96602008460458
3,0.7444366360053629,4,67.67709022745788
4,0.7986164892384164,3,37.151755597226476
2,0.5131749244026057,4,83.20089782479012
2,0.7630643776520558,3,61.603282666440336
2,0.8402009729534641,5,79.88470906987867
0,0.9772175529376461,5,48.76455093138968
2,0.48546411087153224,3,75.34088024434476
1,0.8199049838489293,5,46.77198275948013
2,0.8902225820896703,2,46.74380788853711
4,0.711216240038981,5,54.7470584262852
2,0.6701209106540118,2,63.35998095173448
1,0.7623351382262862,5,57.40573467559021
0,0.7935289068172142,2,25.96245451805716
1,0.9579037656493166,5,43.48401523658376
0,0.5202825832909047,5,61.63205186051693
0,0.8424707306357055,2,32.702386869301705
0,0.8323094884312705,5,47.392866760213224
1,0.8171081068291228,5,42.96614387499808
2,0.8489418170543983,2,48.236197489014735
0,0.5628841382291976,4,55.47654349041438
2,0.6449188023980875,4,80.94958704062665
3,0.9188383256858326,1,39.15679889778778
4,0.8581757176711661,3,33.82045025905812
1,0.9819084419672961,5,51.293468459310574
0,0.9187391923784854,4,40.769732194640575
3,0.41797069709714807,4,78.09842138852018
0,0.7423086519371823,1,22.66574352817463
2,0.7476166810079266,1,52.425357347995764
2,0.5614552746169335,5,99.45397212507476
0,0.8755799666597914,3,35.10266579463958
0,0.5045561637476734,5,69.41629720690973
4,0.8287695152284148,2,26.661727535038107
4,0.9941868684980156,4,34.64042024175796
3,0.9845771882888303,1,26.29641512103755
3,0.45397893067583633,1,60.44180963674948
3,0.7184248004056943,1,46.44900492793272
1,0.9309002056532345,1,19.27461292347426
2,0.9330407950421863,3,57.88117368102001
3,0.5778551074379097,1,46.80633996573871
2,0.867127941741177,2,46.45953244321745
3,0.7193420424824082,5,71.19869464087796
1,0.919852717207201,1,15.963101578570909
4,0.5043115954594782,3,57.055454764545075
3,0.7105611933771465,2,48.72710349027169
1,0.8383659583955005,5,57.548546440850366
2,0.5406954591047621,1,53.56812325625424
3,0.42929107320527415,1,64.5482710860544
4,0.5854255323061115,5,60.94994918536925
4,0.6694605306865089,4,51.97085762487331
3,0.6279519270697506,1,54.1226420022185
2,0.5741954876163519,3,73.07783747802219
3,0.6289295924683171,5,72.1718353583702
1,0.6597559957812285,4,47.71953241440797
0,0.42378606017432635,2,46.73240456863029
2,0.6212205683786953,2,61.6794001861045
0,0.895329485865391,5,49.12197179532287
0,0.44695514744546677,5,68.67816508986905
2,0.5740536412273982,2,67.47952945700935
4,0.5695525175201781,5,63.84970157316444
0,0.6898712058808845,1,20.863163065946555
1,0.8658476457918051,2,17.184690620065957
4,0.8972153689998967,2,31.93460669362734
1,0.6188450892281503,3,48.028784164952754
0,0.7540313860105047,4,49.87965409822057
2,0.8635623233956833,4,68.87198834497138
0,0.8730855772983179,4,38.7319230176954
2,0.9361738552227924,2,44.196729668024204
4,0.7806346879459642,3,38.5346212124591
2,0.5518073953103154,3,74.33272431024844
1,0.7507769235974313,5,64.68467195297328
1,0.8994648496765021,3,28.83552593470169
3,0.8676866939093162,1,34.891699396085514
2,0.44856815811154727,5,93.4455024345747
4,0.7897601043484601,2,31.219499166450944
2,0.93258098175463,4,69.47948002504683
3,0.8206969925022553,4,61.38445802127571
0,0.8221757964716421,2,32.93211700363966
3,0.5207568691205453,4,74.54653424213743
0,0.5249924151121015,2,49.35035432316971
4,0.768226982694612,3,45.66816441999419
0,0.8095012090685216,4,41.750051058009156
3,0.48164861569899253,3,65.93859696112438
0,0.40103886679487677,1,38.48432937781807
0,0.9558029641513273,1,11.567338864884459
2,0.7730243406630681,5,82.91143746221931
3,0.5907946496309854,3,61.7155765797929
2,0.7469454744917192,4,63.92429226593065
1,0.7496006568718272,1,29.69460025296897
0,0.8079227337581751,3,36.12287479715884
1,0.6477126819718628,5,61.17313901806767
4,0.40772779484464283,1,48.37185166447341
2,0.6866210076862109,1,63.2160000371736
1,0.5401658114577539,1,35.70696920399654
4,0.722817048839185,5,56.88203326299433
3,0.566090322426658,3,62.78286804141156
2,0.8032714227238814,1,53.3049404989171
1,0.6343877908995382,2,38.90098943820049
2,0.9292198330226884,4,57.00491071406289
2,0.7407351913843842,4,79.8585084882667
2,0.47322451683165406,1,58.92770165895098
0,0.8307678016797455,5,58.65051463527062
0,0.614433381134735,3,44.59807801249502
0,0.8879577605769309,2,23.06536404103485
1,0.8508393180841678,4,47.46715318299458
1,0.510585150458098,5,66.64631312625501
0,0.9616229755736047,2,25.9571181639729
1,0.6555999594566215,2,38.35800171323858
4,0.9386500865465246,1,16.656118547713607
3,0.7674516475274528,1,34.86138650845632
3,0.6186365368262635,3,62.070882340695846
1,0.9088221695219193,3,36.74373275178717
2,0.8481023753500054,4,67.48908036575516
3,0.7390905768074898,3,52.57466834722109
2,0.9595294518272062,1,43.32924982291353
0,0.42123568703704717,5,78.78964396362926
2,0.42439597859273415,2,73.03755177662298
2,0.7203045359109361,3,73.37651928514668
0,0.5869566813317803,3,51.96476583163661
2,0.8047830739846717,4,69.69924456226899
1,0.8176227714081317,2,30.645878211981376
2,0.6370050539050026,1,53.822050845001435
0,0.7035143778116192,1,33.396991113569236
3,0.7253118419210709,3,61.822588157910666
0,0.41762075398651216,3,62.102958128322655
0,0.9213177580208566,5,51.57741094309419
4,0.6510489339515053,1,27.190957220175328
4,0.8846291299770246,1,20.16226908680897
1,0.7645579881097695,3,37.59049354687876
1,0.9994017571028089,2,23.264243008445355
3,0.7655340234841876,5,70.24460975331382
4,0.851030111044088,1,16.849924955780185
1,0.8802068020012748,4,42.006684484179665
0,0.4930025939802338,2,47.55572954757652
3,0.6216559924758123,1,50.89440800415737
0,0.6641038270971817,4,62.2978876564563
3,0.41755044949576275,3,78.39327905492178
1,0.6746819936016707,5,63.92062112991715
0,0.40811466408298774,5,71.06448196939968
1,0.9257601684099303,5,45.80694834593095
4,0.9151979996336805,2,29.229912350834923
2,0.6740987523201392,1,61.115143283733076
3,0.7055807014856255,5,74.86476785604553
0,0.964452403675287,3,27.048561588733
2,0.5366809759527869,5,88.66448915707718
4,0.684323272260027,1,28.09784022809493
1,0.7567652368529305,2,35.66396366685434
1,0.8136864623915369,5,45.68310609152255
2,0.5129023009665985,3,75.29206122911583
2,0.7015438968825956,3,71.95896047345394
0,0.4311551513131063,3,53.507958580752316
1,0.9935468881490173,5,42.6254183480189
4,0.5049940951774471,5,71.80661964668126
2,0.6639167549287774,2,60.872329256687934
3,0.5817845338343992,2,62.13206705480664
3,0.7191538020274131,5,73.61666018315363
1,0.5568085993403284,2,41.62855905757295
2,0.7863634242778348,2,55.34850242947957
4,0.6010803888482091,5,70.7969081038787
3,0.4075317076636903,3,77.12743097720627
2,0.6647560959424077,2,63.77527719250444
1,0.6038655270031777,3,47.230863785373174
3,0.9621321868209857,3,47.203992758131236
3,0.47497848978986745,5,93.65899864268367
4,0.9278820226511333,2,29.299752943106647
3,0.9014892612508667,4,54.39796339735447
4,0.6685555504211131,3,39.88671827006358
2,0.608766371618944,2,63.82704088043771
1,0.8762752525399118,5,47.353267885371395
4,0.5663334986744214,2,48.01909517237033
3,0.8486602766992943,3,55.01957281530651
4,0.6720021222976553,2,40.56796191166605
2,0.46148957417843656,5,97.31811690099516
2,0.5731328603874856,4,84.24379997683248
1,0.8327924424990151,5,57.36729702234861
4,0.818772065668407,2,26.33859756779894
4,0.5887383463016773,2,43.475135823214444
3,0.9955447931216395,1,37.30041960015424
0,0.5561568489875115,1,34.9015582773729
0,0.9650640059905399,5,39.842641434195805
2,0.874782553782427,3,60.654460523118665
1,0.8480619164093064,5,44.96290013892069
3,0.8930478884843558,4,54.4683462122918
0,0.8318890145242777,1,23.92933099045589
2,0.4843245395835453,3,73.78997403812478
3,0.9241856906352148,4,52.623617725206834
4,0.6593218811640444,1,24.434342533042553
1,0.5790598424922864,4,50.987349564277835
2,0.5165585632753525,2,67.65323458755961
0,0.8436407308291872,4,43.52069597836868
1,0.5138142104736522,4,57.30696360510923
2,0.5886383437923726,5,88.75800328649068
3,0.6306189380915153,5,79.23767588465405
2,0.4272930662007179,2,72.78679569865383
0,0.5776512318052955,4,53.70291078458761
3,0.5912871412120314,3,66.61189052661948
4,0.792897653364599,2,31.434856182230916
2,0.7237505714771734,1,55.27729353424493
1,0.5132507899491757,3,50.408868065498744
1,0.4281719603801586,3,54.31042021267223
1,0.7282682902544093,2,37.311888586240315
4,0.88089780422496,1,20.762686489614435
1,0.6219438152382779,1,32.02844301984683
3,0.44994039875135605,3,75.84087207111197
4,0.9491429799875976,2,18.757451861366086
0,0.4930996595522361,4,60.89688771635491
3,0.6430879297270352,3,62.57642186107829
1,0.9884550026656544,4,41.85496736451843
2,0.9138409282604968,1,46.8889695113639
2,0.8016917047342469,4,75.89563786938888
3,0.6645604858866859,1,40.038746402359436
4,0.989735884641362,1,14.923654515573224
1,0.7278834833057237,3,40.803975442444404
0,0.8644280225091368,3,37.122537235703234
1,0.7035492809809825,1,26.025079302909496
2,0.6614345068072283,4,80.28954101620518
0,0.8838324916366965,3,37.08049432628563
2,0.9244661036893489,5,72.32435844348547
3,0.7056579477673836,2,55.24835732393416
3,0.642497913307215,4,66.17828030550834
3,0.6337836440728921,3,61.94445286131406
0,0.5491344506219571,5,69.14306770422442
3,0.6182782706329946,4,72.344495804059
3,0.6681517766079104,2,57.10130250295793
1,0.4571044435518079,5,75.57985074343746
0,0.6897717098934448,2,41.526790355518344
0,0.6815789818169298,3,38.10029635934019
2,0.4299889069363188,1,65.20278578363934
1,0.5139943113957101,1,35.794555962516014
4,0.930647247443314,1,11.93987288067466
4,0.9471969102559138,1,17.879054223067897
0,0.43058937126430047,5,64.38876388531143
1,0.46093846078583706,1,41.310550443489014
4,0.9073360356221236,4,45.55078604984167
0,0.6835904438469663,1,24.566398494459367
3,0.9351492407037747,5,54.80745790056059
4,0.4178440794152846,5,66.04462240066897
2,0.44865556404009505,2,65.66161137504918
0,0.6615114355747886,5,71.08868160460763
2,0.4063956930887234,2,71.68077979838274
0,0.5855042121941912,2,34.70131254095965
4,0.44378397589708884,2,47.974541598336025
4,0.42038288212220143,2,53.09667548974548
3,0.7906211075749277,4,62.36099075782132
0,0.5030893492968839,5,65.80376553414145
2,0.5861246582821313,5,88.79968962879181
0,0.49285445634560293,3,53.42076799815442
4,0.8952740012165533,5,52.023187426603144
0,0.809432743679918,3,43.082756327964674
1,0.5030357068774649,3,57.387920957593494
1,0.49436185714061265,2,53.26998550445245
1,0.5949199856915957,4,52.294673319256326
3,0.6769164890209804,2,49.49929608428206
1,0.6997765738246577,2,36.80654266497126
3,0.8297445072239646,5,70.38416178871762
3,0.5742280529909413,3,71.41828871405244
1,0.9867007217494509,3,28.611095192490893
2,0.8888895863925701,3,60.79070136606222
1,0.8966000002592445,3,30.135649597010776
0,0.7913433104364909,2,29.85426621839899
2,0.4951967628157105,4,77.63432054776932
0,0.6455582260744979,5,67.879782170984
0,0.6148524261944206,2,39.45700316671923
1,0.730738731176503,1,28.21074349797029
1,0.8999553778151959,1,15.860169300192808
0,0.8412907895827277,2,33.552266062102454
0,0.5400296266108452,4,66.32290849699935
2,0.7830064474820393,5,81.48584426675194
2,0.8950397654876331,4,67.76036127266838
2,0.8479869933136114,2,60.77842904746858
3,0.6425795888825506,1,41.16238234988857
2,0.9059569527205522,2,44.11545881012615
2,0.6505280561833111,3,77.2353281466431
2,0.5518985479204997,2,63.518405754880554
1,0.7500127443867541,1,30.086025613140336
2,0.8884495565743533,4,63.49156001345984
2,0.44260649113126543,3,80.95615247845812
1,0.625913936057165,1,30.165253330052572
3,0.5156510395263175,4,74.628549623501
2,0.9664236107252535,2,44.83172076750519
4,0.7242124070445841,2,36.68928723365593
1,0.8025774316034255,1,23.99264250360158
4,0.9804764489743883,1,13.305153990326424
2,0.42406471722868105,5,96.60504673037158
0,0.44326213197198694,1,39.40413040084534
2,0.510444809575335,3,78.18927927503886
1,0.8851574650921211,3,40.93981858598792
3,0.9772792050716324,1,38.39015232890668
0,0.4507355630840933,3,56.29853801635015
2,0.4045348551911078,1,75.39986493976274
4,0.4469363789616163,1,41.861641263650995
4,0.6134057995438389,1,32.657466979145255
3,0.9626888410918994,5,58.86711460470864
4,0.7371968650867324,4,46.752935182405544
4,0.7397894933575659,4,48.13118957809112
4,0.8160713390196535,3,43.70736589407228
1,0.5027847468598045,5,77.93161492148178
3,0.4871299418692331,3,74.49911459043386
0,0.8048241227798334,2,31.79958100288846
1,0.7542422239522946,3,44.083337320394605
0,0.9020784396086717,2,15.714516297261332
1,0.7248562544724635,5,58.13276516006223
4,0.7737840138126453,3,41.327945202397444
4,0.8518417678542138,1,18.915841197351074
4,0.8343058289640548,3,39.914266939408485
4,0.8408177108442909,1,20.07829636165237
1,0.43219467755253127,3,61.73491443518897
1,0.6611770754012947,4,51.09016969293372
1,0.6065627057631024,5,68.39452177613398
0,0.6377268578723694,4,50.12415504527968
4,0.47697401437929465,5,73.27899980367937
2,0.5726925527044731,3,81.51584173259914
3,0.9685576202239301,1,22.633049277458156
2,0.4761871061295574,4,87.67896194831975
1,0.5373098679838547,2,36.82059611936699
0,0.8925732785003693,1,20.612309630212657
1,0.5741415991877331,1,39.16796640415102
1,0.9526985765060071,4,42.02114041208767
3,0.6364071864713141,4,73.21605019639918
4,0.6591154067582721,3,47.31559390293141
0,0.43423306412437296,4,67.49313567902504
4,0.5179970745294721,3,46.769716775433906
0,0.6909794315200279,2,34.31766550948686
4,0.8958991522612036,2,26.96895877541388
3,0.4712076465110741,1,54.264285317504275
1,0.9565851171908831,1,15.45167063620098
1,0.9043108558385409,3,32.04170486439636
3,0.428010741586031,2,69.6624066775006
0,0.9218939548568088,1,16.872201397502828
1,0.8435972583093545,4,42.717776677249674
2,0.5682687511956118,1,51.1614698798041
4,0.656120864780019,2,40.33456007840859
1,0.7324393546916965,5,59.01632944959765
2,0.7925980671259223,5,83.85271749426606
0,0.5801328272049757,3,45.12099423016453
1,0.8980219793927214,5,47.6758233648107
1,0.972578354518872,4,34.973515845460646
2,0.6092553800074773,2,58.84193859882901
2,0.4618320979495917,4,85.91168520024628
3,0.5683533329361664,5,77.58490847430745
4,0.4327246854825531,2,51.91614399832186
3,0.9015435952379016,2,45.98261498667623
2,0.5309838957895833,4,84.38618473794418
2,0.7024966807575481,2,60.31772783758792
4,0.4699856529073594,3,53.212099058382215
2,0.5996367166197819,2,64.29542817932453
4,0.7131248679830571,2,34.89597093163639
1,0.5542630844818576,4,62.426228812198424
2,0.4644241342340709,2,67.72180354918804
0,0.6544906009721884,5,59.56721745263155
1,0.8327896390766482,2,31.021397442157543
2,0.6186175641348649,1,59.91346406964091
0,0.8892799730003037,1,17.830108627910672
1,0.588815610992665,4,51.118893975979034
1,0.5277980521592355,2,42.1108378164847
0,0.4125243831425106,2,54.32373261940614
1,0.8962039049467145,2,18.318819318747117
0,0.7859176954352306,5,58.052098488872396
0,0.8932329192459617,1,14.930370324299712
2,0.985485257545837,4,59.90143845563904
4,0.4476061620658977,1,48.4901115015465
2,0.6895074649607724,3,67.11503510403284
0,0.6565127081456674,5,59.88671885215793
4,0.7878484180105652,3,44.98337739627986
4,0.5427483274976017,3,46.32481405400771
0,0.5950396876611057,3,49.82662956249269
1,0.8762733723851703,4,46.50841259400885
4,0.7853877546878886,4,54.08761116899019
4,0.5492322560372962,5,68.84078999424298
3,0.7980353926132551,5,71.24429814056816
3,0.6254222978369984,2,54.47433624094679
0,0.6615311159008103,2,33.88632728313579
2,0.8126046230123813,4,63.98439064086071
2,0.5869617166202302,5,85.54755307888423
4,0.48069112579616763,5,69.3823024395116
0,0.9471721055131294,5,50.2365401050449
2,0.41944461194223304,1,63.817797273107345
4,0.7270652707730664,4,42.465477202003235
2,0.4351730679222488,2,74.77796474978899
1,0.8276539273261473,4,47.68490038313884
3,0.42299494232489504,2,64.92010448837493
4,0.6185119968128473,2,45.339448278358745
1,0.6885839081396519,4,46.903942654287185
0,0.4893753457027518,2,44.17163211461908
2,0.7216154715564695,5,84.1046861758781
1,0.7881808642607193,4,52.96730486952254
4,0.4459947611990037,3,50.08025317260665
2,0.8155962100364056,5,76.78475555577617
3,0.48896338534257777,2,67.26293636660532
3,0.9160179250860253,1,35.31466620313074
0,0.8810554369455352,3,39.75492225564696
4,0.575017740177759,1,34.07407282823519
0,0.5766306662998429,3,48.88534941377913
4,0.9181304092467585,3,36.592228637037735
4,0.642384745426984,2,38.73466395709549
0,0.7346446222328231,4,43.69596207532434
1,0.7789906707344629,1,24.591562655943918
2,0.9578337628793119,3,55.50128728333701
3,0.6257782581746313,2,53.042919165605156
2,0.8913791214643196,5,81.2943526343993
0,0.9099326632401017,4,41.691735818690596
4,0.6065740793181307,2,45.729744190273685
4,0.9877844129314944,1,13.441543177724878
3,0.6174590617299105,4,70.5288096313221
2,0.9230481571310747,2,54.95927609960603
0,0.7602667772137315,4,49.097734321966186
4,0.7230916562585137,4,44.31156302400241
2,0.4725870703203751,2,69.59964347261996
1,0.8687264526477667,5,46.13505164760879
2,0.48275318761765673,5,96.95820284513215
3,0.982469502199233,4,59.2908635258623
3,0.7226358687842579,5,76.36061459315671
1,0.9744168293645346,2,22.3522749968749
3,0.6241780510111454,3,57.13338230116635
4,0.9346054373127018,1,22.642650273803497
4,0.40672702245443015,1,35.15529635754922
1,0.5301048236130875,5,66.93985916681291
4,0.8676136424862277,3,36.977493853913735
2,0.5180526294127085,1,63.94708472802004
1,0.7450705077410337,2,32.449003651551614
0,0.5198309119154909,5,70.18846642020696
3,0.4208843030866403,1,54.10125493849771
0,0.8383582727902275,3,31.892358652256995
4,0.7084904078714924,5,62.53631295715897
2,0.614082163193987,5,89.36152277067546
2,0.64545245018252,2,62.47312421382626
1,0.6215399557933385,2,37.587110804206134
2,0.9008933976005733,1,35.76797950413631
3,0.5210458377556008,5,83.93479217832662
1,0.40605706932146013,3,55.88506401318186
0,0.7079158841504155,3,45.79613847391342
4,0.8497527237379607,1,20.753028085256986
0,0.5936051070394459,4,57.053691002544376
0,0.891177092150885,2,24.696168297621703
4,0.9107182415875349,1,22.14330743956375
4,0.819352318985822,3,39.699920214349106
4,0.7614615148272826,3,43.088760972012274
3,0.7598497775643771,2,50.188434520994775
2,0.6408076644791607,2,62.18097045789776
4,0.7413597181741802,2,37.660654032590955
0,0.9347199010542758,1,12.762292459466943
2,0.8874590568718308,2,57.42883475271695
4,0.9843998196484228,3,20.65787194667315
0,0.6098334253148178,1,29.14927923757062
0,0.7898445306215722,4,51.43088056103875
4,0.8577266686259521,5,53.41569072895967
2,0.8464910922674582,3,62.415594180918454
2,0.975265649757535,3,58.166187121647695
0,0.464400826927421,1,37.816041430168205
4,0.9135242039571605,2,21.26024497320087
4,0.4208522831999299,4,61.61838278412349
0,0.8596915750007083,4,49.7327759070713
4,0.6530721235445528,3,41.535479707389634
3,0.7407616323692683,2,41.98701967046403
0,0.9775934584569771,5,44.10329673051008
4,0.9225163927797313,5,45.517746427008134
1,0.6527967544063107,2,31.61615197144532
0,0.7662080410473306,5,62.979610515141275
1,0.41514310845481645,1,47.22406606432446
1,0.4498419103214216,4,67.39859162183315
0,0.5189633840513642,3,53.82576141244706
0,0.710131801542509,2,35.2925137565866
1,0.9833185420483633,2,17.346890372779452
1,0.7258366315333598,3,41.97121387891303
0,0.911645737354145,1,17.55545231547645
3,0.9474633857379384,2,37.60379617533946
2,0.6046408802623672,3,65.22941533442729
4,0.8318047259895693,2,29.284140775046275
4,0.853845199559532,1,26.89545607995817
0,0.4069256232970188,5,81.0610128016139
2,0.907879724573722,2,48.893819362599054
3,0.9778678943435153,1,36.471432684683094
1,0.9681674323334765,3,33.7904564847246
1,0.9177609081160382,1,28.254227190244066
2,0.7475718690685602,2,53.466070585636814
1,0.49511784236070955,3,46.89027450591649
0,0.8909720893051007,4,42.25951727652426
1,0.47855821243400565,2,45.35532436507796
3,0.871010108786261,5,66.13610547415746
2,0.5696356026300415,5,97.5097144551039
2,0.980529235288923,2,48.58057045811461
3,0.7356370710378315,5,74.19083253922376
3,0.5914139440899407,3,66.81641597452243
2,0.533263557630119,2,70.18744699729359
0,0.5505195837871977,1,38.925240608017845
4,0.9020024838853439,5,47.24396223511805
3,0.922745650236114,3,41.619364534951714
1,0.7723842783252136,3,40.37932163083232
1,0.961981106140209,1,13.856625151166348
4,0.8304770226675593,3,39.32581461290045
0,0.841793050907756,4,45.0485696161665
2,0.9383803308871679,1,34.19932566148185
2,0.6214532909098344,3,72.01275490435343
1,0.8818367807862368,3,30.964914888747465
3,0.9396263440864927,5,69.23425779204064
0,0.5562250333779772,1,33.2214433889136
3,0.49931886074226434,2,61.40550794816716
1,0.6734183081862062,1,31.76098425121029
2,0.4722871945487186,2,67.59120038761056
2,0.517923712293719,2,67.44080441144686
1,0.9256995604361193,5,48.98080123346681
1,0.7235691495234515,4,50.97014501089248
2,0.4538245969842638,4,91.11882238619751
0,0.7674179435578639,4,46.42213160849021
4,0.6173254503318559,3,47.45417669944259
0,0.9587450861384402,3,25.303096272401895
2,0.955865561824219,5,78.48283493866786
1,0.9428144407916408,5,45.80558578312757
1,0.6932126068950997,1,36.233487258729724
1,0.5830203829238154,2,41.23841241499507
4,0.4882253987895283,5,69.0598153696043
1,0.6522923051828817,4,47.315257137503295
0,0.908568114343405,1,16.858940600198494
4,0.7208847597094798,3,47.11962754635107
4,0.830169531977144,4,50.79519595318904
4,0.5236633893243816,2,49.5942139659187
4,0.9986844124389374,1,17.07962284897548
0,0.8131952253453046,2,31.769749323027494
1,0.9100934137321709,5,48.107709060333384
2,0.760652090753261,2,63.19352754252788
1,0.5973799589815717,3,50.64334127498972
4,0.42173608767799614,4,64.54944115171587
2,0.8670588526119924,4,64.44194399984573
3,0.7826795518296816,1,45.22443494503671
0,0.4905097704718645,4,67.91388208163463
2,0.8351687404731218,3,61.338229005626395
2,0.7151401645221315,2,58.8002350772638
1,0.6604003458958912,2,42.84954175753489
0,0.43420898944307323,1,36.55429636335717
2,0.4792179852977133,2,56.81194260394946
4,0.7394697157224046,3,45.95023989712705
2,0.4316940130205303,5,99.16390768390511
0,0.7787349246885351,1,22.24512381794778
4,0.6118811459479359,1,36.01951834773128
4,0.9158150938444957,1,22.138524162992233
2,0.8538066656468765,2,52.539650821570824
1,0.8687908054114243,4,39.76208670917738
3,0.7442023770772779,1,41.18121675070312
3,0.5579282021040047,5,84.54221070942219
2,0.8253467375977764,4,72.66922445383616
3,0.7426545186219751,3,62.75680590898407
4,0.540019437032601,4,58.819661002810506
0,0.634821773371438,1,31.020334348387976
3,0.8598236050102914,3,47.25760309101436
0,0.41646047169464523,1,35.84194890103867
4,0.8525110271596941,5,52.357441968554504
3,0.5647944377252765,1,52.37970468617069
2,0.6428273421794748,3,72.51323471405055
1,0.99973182903399,1,14.47981072165896
4,0.9101451256968097,1,15.993993692554838
1,0.631866204048406,1,25.16892125417894
0,0.8752045312343919,1,21.70086529442313
3,0.5853332746583895,3,61.02425307712062
1,0.69035317308702,2,33.11808773524182
2,0.952662834989426,5,70.47347794262369
3,0.7729184123984106,1,45.492949174992184
3,0.46653559125971944,2,64.83233206344518
3,0.49587443628265954,5,84.66997330805806
2,0.9468031718447946,3,58.79747784997781
3,0.9069410559999961,2,42.53190834248167
0,0.9408344455445457,5,43.23374263099816
2,0.9065127466327696,2,47.274734059735316
1,0.7017774661221757,1,31.835817674883092
4,0.6249506193921057,5,61.40679647510889
3,0.7956229106356516,1,39.16899004471493
1,0.7879852879967136,2,33.606418389882094
2,0.8767928967131349,4,69.56380700669716
4,0.9339111489962268,2,33.327794160185185
0,0.8083920598920813,2,24.092654564983864
2,0.6823932956549144,2,57.99005468357231
2,0.4766204484289094,3,81.17053324151162
3,0.7378171986035644,2,53.16370699452855
1,0.7008944072204297,3,43.92888146649381
0,0.8361597397112515,1,22.837349521354074
4,0.48606750453167297,4,54.096344938948626
1,0.8518241779451506,1,17.84100083552005
1,0.45662963086127784,5,70.23375018933768
4,0.8974722407981384,1,23.286790765319644
0,0.6666293287751799,2,36.816168965139326
3,0.9200242107978991,1,26.134625827934627
0,0.6598743088414905,4,47.75832357840692
3,0.5088074974019092,3,62.265303811165126
4,0.4767833691129896,4,61.39359562253646
2,0.8642640792736459,4,67.8963921407666
1,0.4996788238384162,2,41.83774700814273
2,0.9376898535753366,1,43.85855526804891
2,0.6290747888379837,5,84.01449244866089
0,0.4817032364585665,5,67.656870743448
4,0.6259071551583311,4,51.062084038682755
1,0.48413151262832527,2,47.13175532003694
0,0.890151578666366,5,58.95063171429141
4,0.5498892111106624,1,35.25386979117506
0,0.5831792051295801,1,31.92452401952442
1,0.5288402094406571,4,54.87515079779071
4,0.9767546500574217,4,37.148484456707266
4,0.9491464744451269,5,53.51692428232353
3,0.9175684348078464,2,34.8351427073294
0,0.830420449224561,4,45.67049038474337
0,0.9659297787459483,2,22.64110323158124
2,0.5752757012973102,3,69.88011754116027
1,0.8007152178772092,1,21.957015226773322
4,0.5477772041093658,4,55.92962683935108
2,0.5029747183666167,3,77.19521460052184
1,0.7654691862186027,5,56.48591079533699
1,0.4159776829538113,1,38.594277943208986
0,0.4594686075977097,5,77.02863787914823
2,0.43082602439524953,3,78.35308894469317
2,0.5783349971843332,2,68.07889195497313
0,0.4663435531453192,3,55.376607171717026
3,0.7353672357725526,3,54.80488047383076
2,0.8944072194710071,5,74.60537554777515
2,0.5315109511811582,1,64.27741134763077
2,0.6867581815088842,3,73.31241453363037
1,0.8153875336379259,5,56.704281159584795
0,0.4401351095643933,4,58.11508017046278
1,0.773632197767562,3,36.688394353694704
4,0.6125215109377802,5,62.9967589709601
3,0.42125672652491436,3,66.99549066225545
2,0.7534077135178147,4,72.43556733553065
0,0.865926213666194,3,33.434467955724216
3,0.8210902628136918,2,45.039609092195334
4,0.8295984457560837,2,34.396527854542654
2,0.8836080536371345,2,50.891027495757335
4,0.7527756446003149,1,17.641597096526
1,0.9027087545891372,2,20.59621306080584
2,0.7926796329943122,4,74.41321278445955
4,0.863724761507003,1,18.09451602596682
4,0.7429011842038056,1,24.414971649066842
1,0.9876163714481541,4,35.45117419400323
3,0.8841432002600564,4,54.29177098549659
2,0.6403708296310062,1,56.72925388856234
3,0.440466816510646,1,50.723784566460715
1,0.9368397029395236,5,45.52781223103153
3,0.956896544916919,2,38.537708978148515
3,0.4668140646402428,3,66.0148251065432
4,0.6407446629461371,3,41.7557691425236
3,0.9421394217933355,2,40.64848079547196
2,0.6562575341152324,5,91.54043596395374
3,0.9506363432395823,5,67.27078070307817
4,0.9093952396973201,3,25.25829051191364
4,0.699586172061753,2,31.094556035804114
0,0.9577458960093521,1,10.985306967850473
3,0.672582900524736,3,60.993087786595005
4,0.9654805771986563,3,29.079195693739468
2,0.4093588393939634,2,69.26193808411625
3,0.7730270118009566,3,51.98125926985625
3,0.9404721322142154,5,62.176857075888286
4,0.8537986603217425,5,53.72303987529321
0,0.4394274189106923,2,42.98643035398314
0,0.721142519619677,1,28.640545249428115
1,0.8057972239453031,5,55.088012802942984
2,0.7434906219548063,4,73.20259586597362
3,0.9406036487100234,5,60.208566876655446
3,0.539215400156786,3,69.79747909314881
3,0.8588139163810657,4,57.366433191142114
2,0.5261952571521558,5,86.79008779337784
0,0.9699333508239124,2,22.452601134091495
3,0.985131388414538,5,65.97370739207724
3,0.9784877673883212,3,40.62979124932626
4,0.9819701685228539,1,14.080320268402193
2,0.7319029634727796,2,56.253462499403476
3,0.8951548544883551,3,43.79686337014681
0,0.7398987683274684,1,18.649933016621965
1,0.8186779508875479,3,38.16195057625862
2,0.9747819678603585,3,54.771209216768554
0,0.9015058050940886,3,35.17337734518334
1,0.8807635045272713,3,38.14293074411896
2,0.8751611703489166,2,51.829653785413704
0,0.634914507263231,4,57.46686709591293
2,0.4202453436609044,1,63.994859179715206
3,0.6950376750573479,5,75.21571403837657
1,0.43253137483913495,1,42.18056424354929
0,0.40229401204529364,1,38.79112869046649
3,0.6687080500348008,4,63.74759721156365
4,0.7656862240937261,2,27.85459388418823
3,0.9421637520956763,4,52.989534405398565
2,0.8354232123715744,5,76.28575606535549
1,0.5683808245955859,3,47.72787676703721
3,0.5821277840529251,2,55.50943704567719
3,0.47030095124395377,5,89.56009176648736
4,0.9143680099500361,4,39.99632974047504
0,0.8031809212675841,2,38.0082283104342
1,0.6789908915291238,5,73.93749043900064
0,0.7831959423747393,1,23.937389509474475
0,0.907592058976773,2,24.32098803514298
4,0.6561325340810367,2,47.235609614636004
1,0.6025343287756181,2,50.09704294972302
3,0.8901844376151298,3,55.06996333518583
2,0.8351202493767045,2,56.117049556825876
0,0.9843020151551503,2,25.217472154837537
4,0.6835613332160747,4,48.52259346768473
1,0.6305868011936256,3,43.18345341959616
2,0.5594178873769051,3,78.9656299980251
3,0.948806843179645,3,40.130135445582596
4,0.8484868887108332,2,18.82481602917268
0,0.6649188074282937,1,31.135132947498693
1,0.6729309176914511,1,33.489418754561626
1,0.4010520450751326,1,40.71553485517131
4,0.7910057500241039,4,35.60165708995314
0,0.6641794055884871,5,61.28933843327955
4,0.9913778329277689,2,19.016060193851388
4,0.6168436340660524,2,38.955721575213786
4,0.7887118726848542,3,38.00204499221951
2,0.7326290949178703,1,46.42405495013566
2,0.643131669479374,5,86.26521441060166
4,0.8614007612806138,5,52.44003604255756
1,0.5145158159247459,4,59.999137860488794
4,0.9073681486144639,4,47.10716349470472
1,0.48379124685549496,5,75.32495735313914
0,0.578865939880645,4,61.541393714352566
1,0.7251670561631115,2,34.85186371178704
2,0.7441592623820252,5,82.73580447238827
0,0.7640869330594879,5,57.75342998803842
2,0.587562803942612,3,70.66454486320617
0,0.9685979103816915,3,36.830784656936146
0,0.7117521432903458,3,43.978020549124686
1,0.6912549055160511,5,61.54244849218062
2,0.7881910182491512,5,80.27044326248797
1,0.5799409600832482,3,47.41480783988924
3,0.52212386695176,5,82.4734372639098
1,0.40701366522318855,4,59.430526800182214
1,0.7917741960611342,2,30.587529907525937
2,0.4899934755971444,2,70.95004851963736
1,0.8171275474146411,3,39.72631414325042
2,0.6653480408888184,3,63.19456172148435
0,0.4810040723158527,3,60.28108775563281
0,0.9446948640674293,4,42.85219627416326
0,0.8463470537717662,5,52.88679996943206
3,0.8394398568529697,2,43.2762128469871
0,0.6798433445969223,4,50.998624550088024
1,0.6253129172551569,2,37.04433271212459
4,0.4769992751329234,2,48.93268925420688
1,0.48076812630549,2,44.73337162897484
0,0.8636500540994764,4,40.407204698351045
0,0.505314043043376,4,61.36909050618028
2,0.8767470322192392,1,42.697557366322314
3,0.880465561512368,1,33.28524579239407
4,0.5752289007040917,5,61.54453099144855
2,0.8250917224883336,3,65.27795875826807
0,0.8455095697385793,3,39.98321799199322
0,0.9706763197722608,1,16.645692828374795
4,0.656502240670997,2,34.41862277946491
4,0.967658060612457,5,50.55553352308071
0,0.7770483545512319,2,31.19375768727621
4,0.9343033757040519,1,17.583443463538252
3,0.9786099531357833,5,64.75699802333452
3,0.46158607952212105,5,88.22554561627435
1,0.600965962885323,4,50.171165942700476
3,0.7244556787253935,5,74.06345154744358
1,0.6362990003245318,5,65.82087045330181
0,0.6432029519819271,2,37.89930351002935
4,0.5649098086018783,5,63.930528685994
2,0.9370751327976644,5,67.73233468376266
4,0.44678368433196847,5,63.08672251233814
2,0.48937383666548473,5,93.87202139864547
2,0.6223140278469245,5,93.52331305276039
3,0.798522651761157,3,56.027124675191914
0,0.7471546821687776,3,44.05124291970465
3,0.6900027389785172,4,64.02501579899477
2,0.492284608601516,4,88.21908814059518
2,0.6579767883412988,2,68.0286340738092
3,0.9211624872886909,2,37.97295592647396
2,0.9742495684979993,1,36.97161277873743
3,0.8073314534296454,5,67.59413254162561
1,0.558634123126629,2,42.720570982569484
0,0.7504333770613802,1,26.67163901797523
3,0.6403681429729677,2,58.37909388852711
0,0.6503845680878129,1,26.57214178742838
1,0.43948668754740544,5,76.88087453159108
0,0.7238072476898247,5,56.04274715248144
0,0.9006887328252922,5,54.563219342414065
3,0.4278620959661501,5,90.92543916530522
3,0.7630353550079577,5,68.68172143869455
4,0.5346950634274863,5,64.92390222178093
4,0.9460895191880024,3,30.839469218060945
4,0.7023747500881813,2,33.5236486309029
1,0.5691954781223139,5,68.81950645958511
0,0.9194212878649528,2,21.390778232079253
1,0.5683255485274737,1,29.855995856589463
3,0.9111765440542778,3,53.477091163626326
2,0.6405938518408019,4,76.2481950244197
0,0.8349037611685286,1,22.46410182359955
3,0.4065586095936553,1,56.30478260090986
2,0.8112917650158802,4,68.95748739179771
3,0.8519280824679618,4,52.54027039715874
1,0.8984594492468132,5,53.098822867672986
4,0.8536831578187877,5,53.668442163476286
4,0.768304420702221,4,46.86170528728915
2,0.8414163876305949,1,35.399800424835746
3,0.6061978945281072,3,71.94064137046982
4,0.9696283789926814,2,14.085531039875322
0,0.8023209795443731,2,30.58648047601681
3,0.5103499614190281,5,85.16636450157237
2,0.8722552291817636,3,55.466061425659404
4,0.5296602754970402,5,72.66853224897869
4,0.5931096258754196,3,48.72752208810343
4,0.7679247666089062,3,41.99597499915181
4,0.4803027156473449,2,50.157616216050485
2,0.704847562032792,1,51.41932200529346
0,0.5073875431202556,4,55.25493336271699
3,0.4388616859528982,3,64.72887676603334
0,0.6632808569678479,3,50.12190062796579
2,0.9711530294379446,5,74.16664931673657
1,0.4736752845170805,5,72.1597555361814
4,0.7313979661705998,1,31.328684312531568
4,0.67836040054543,3,39.674973157144116
4,0.573697158652156,1,31.54556677285713
1,0.845585460243025,5,50.00493604873889
2,0.9729282881818677,2,43.88409097908624
4,0.5282332518112175,5,65.66254613795974
2,0.804121772687558,5,77.30758859432909
2,0.4215909355868219,3,85.73688831462742
0,0.6610875770222304,2,41.155012160794
4,0.526370180889483,3,48.392698966563565
2,0.5439037890744175,1,55.03471468260811
1,0.8366298357894564,3,31.121636773391298
2,0.7431401027445323,3,64.36597104310549
2,0.5707662742337674,1,54.94679050643159
0,0.7551621907240951,2,29.66935500206827
3,0.4283847863633384,5,88.41777195852616
1,0.7566748223572126,3,43.97819558416202
1,0.6577974192712848,2,30.916907834938538
4,0.7969763794112825,1,24.890391489881033
2,0.806928415228166,5,80.94470889758313
1,0.7257035999116532,3,39.80509614423047
2,0.5595616993173742,1,54.893915889128124
3,0.5100020853016557,5,77.67052128511034
3,0.4186230200022396,4,80.89990357462847
4,0.8661740617153312,2,29.535138396803507
4,0.4815159263426264,5,68.57224687906115
1,0.6211376402915767,1,33.6469479329595
4,0.6842367650073027,3,46.114414605221015
4,0.8694813501828864,4,37.57007587366106
1,0.4564790855447552,1,36.62646324314465
1,0.6006288582961654,4,58.267371682126026
1,0.5793227422772714,4,58.721075413006176
0,0.6265705078519176,4,59.40642502807822
2,0.76594370386407,3,60.330282711463695
2,0.6034748634663956,1,57.81188179185476
2,0.5077564427156056,3,77.69928907729529
0,0.45785436973909716,5,68.03952900758186
3,0.6157710743215834,1,41.29363750644689
4,0.7647028614247959,2,29.33065107377411
1,0.8647829965007764,2,22.187993856342864
3,0.626362910741989,5,78.94728927078874
0,0.5810508154844907,2,44.391347610172474
2,0.5752651536950264,4,82.09682435230664
3,0.9949028853365027,1,31.068615507919773
4,0.7622116306212896,2,33.54380613557871
3,0.902297881572179,4,69.41121678771563
1,0.4708922134408816,5,70.91673925146617
0,0.8937978456701099,3,37.622108652113596
1,0.8766847496500073,3,33.20751502853125
3,0.8641801846437516,2,43.93397875173724
2,0.45424797114468235,2,69.05004791554478
3,0.9082455563909356,1,31.634930453753903
2,0.7737813541025527,3,66.91481174026246
4,0.6505985661164557,2,35.01561422438536
4,0.9692118822682341,5,51.17620053017055
1,0.7841131723507908,3,41.736637052885094
0,0.625888704884503,4,58.09252652886138
4,0.5121718173155884,1,37.72406288718526
2,0.4645636206025151,5,93.82337900672448
0,0.8779174633018824,4,44.91850615506576
2,0.6199567653247566,5,91.27805482310654
2,0.42276964577464426,5,91.55049973529616
4,0.5359990878338867,2,38.16586028988701
2,0.4325616230409628,1,55.94384316402577
4,0.9447831787155508,2,17.652980453494095
4,0.8602299013877042,4,47.3418912035648
4,0.8972969241538588,3,37.507054752568976
4,0.8550068337776469,4,46.714530809809624
3,0.9577207599006662,3,41.639892580715696
4,0.6835062739447018,4,54.96474669789845
2,0.47326079647621894,4,86.1573115926598
1,0.4856039712541684,4,62.67223474212122
0,0.8129134633305497,1,36.90993898931866
2,0.8310287388338538,4,71.71540653008924
2,0.671726099257621,3,65.92481270284806
3,0.4377265031915853,2,65.01571418566843
0,0.888841734795601,5,44.16907092701899
3,0.6781550101230431,5,72.41568513844551
1,0.8533534800952924,3,33.75707458855624
2,0.9003899328802392,3,63.27698535376766
1,0.882407840011022,2,21.46793847830607
4,0.4819217018676425,1,37.292333376504594
0,0.4572229265940717,3,51.67447069372481
0,0.5615176373385653,4,53.53860254768705
2,0.5551478658883189,1,58.74190432157556
3,0.5850085614470281,4,70.96208582268517
4,0.7237616958435164,3,37.683172399094
0,0.5247388165333664,5,67.34946569493509
4,0.9838621223599255,2,19.560978754661306
1,0.8777835195320605,3,35.13491797910139
2,0.9588805285812685,5,71.20012332445351
1,0.6633876546031761,4,52.17393807163708
0,0.49971794481486603,4,59.76089467306855
3,0.8082214020024214,3,46.96560438251821
3,0.48312949588650744,4,73.99832866484896
0,0.9293831748757966,4,37.97841182792222
3,0.9488243228975968,3,40.5556166427298
4,0.8743065284403493,5,45.86662747190876
3,0.47145155252561793,4,77.752957755157
2,0.5891757822801579,3,71.27109046331128
3,0.898402080291248,5,67.63562056015328
4,0.97504670015703,5,47.64176418461631
0,0.9631881391874005,2,23.299276337654508
4,0.9757339242049883,2,21.916608775036703
3,0.7861737402046576,1,42.93788515278564
0,0.4640934406728773,5,72.61612264206222
1,0.9408430282834536,5,44.41978496953759
3,0.5417018710565905,2,54.93483058840878
1,0.5793566325064599,4,57.61006444873316
0,0.5803292101633003,4,64.36323874886617
3,0.7429041403353969,2,50.448273812413
4,0.7310296297375893,4,54.97962756536505
3,0.8223807890138836,2,45.850769899427505
4,0.8842643882481783,4,48.10512885547068
4,0.9851457659100501,1,14.585616559803547
3,0.8870552633097856,3,51.396848654574065
3,0.9899902452579182,4,50.22073035093749
0,0.44068092641344164,2,44.55211036032281
0,0.6652152572422577,2,44.83784140650609
2,0.503153007332968,4,82.88573857972139
3,0.457143606320898,2,64.3512296111782
0,0.6214888971780438,1,32.799742630340376
0,0.7627894243615221,1,33.11020684715048
2,0.7140539201765801,1,55.609496504807346
1,0.57307897591218,4,61.1874954214572
3,0.6011612581492181,1,45.60276551283916
0,0.6474684273070468,3,48.129948706490325
2,0.4459132365708947,2,73.19182774429885
1,0.7951990283894577,2,27.310165188053695
0,0.4608261765085428,1,35.20308098095985
4,0.7965861103933121,5,56.77426353030159
1,0.7709783692416554,4,43.04393768216494
3,0.7064418995231058,3,63.142058276201254
4,0.5083996953069877,2,44.67409587275367
4,0.4025743769998357,2,45.56531745215282
1,0.9073413405951168,5,49.744050044467244
0,0.8439360644317102,5,51.130256007120906
3,0.6580217924424903,2,45.20766079508456
3,0.6584288595769922,4,62.261677390277534
4,0.49613335836947353,1,39.77082134736774
2,0.9387129793513681,2,47.65782393775863
3,0.697585189649288,1,45.475629389232004
3,0.974160307902932,4,51.35112418929509
4,0.4116217139115169,4,67.6400169498091
1,0.5020414420838948,5,75.21905329828039
3,0.6769078966362367,5,70.59153091472642
4,0.536338008421481,3,50.029608920075994
3,0.6041822447211983,4,73.72913947034867
3,0.6296141329282525,1,47.626692591863545
4,0.9459350338373026,5,54.02856728758491
2,0.7163244669320912,4,79.14323178509503
3,0.5077747528989478,5,81.50547231400236
1,0.437231061423862,3,56.92106191978314
4,0.4508163152546918,2,48.485186823648554
3,0.7947635902824843,3,51.63291164222853
4,0.9103272683908376,3,37.61590188269017
2,0.9552021836761438,3,50.75354370491702
1,0.6802487835448339,1,31.50678448195195
3,0.4323544538586574,2,73.97448707537484
3,0.8715399423480397,3,50.64820156555041
4,0.8885632190061826,3,33.360151539227985
4,0.40914931441503316,5,73.87182744547599
3,0.5928219380486699,5,78.3870335568956
3,0.4212030995280138,5,92.13707963472551
1,0.5074839770531945,1,31.75281607181133
3,0.459320872983995,1,55.667510891156844
4,0.9255337849351695,1,19.379744734975766
2,0.8324273206588787,3,61.34036016774352
2,0.6339064613112562,5,87.26986199385547
2,0.815195362362894,4,65.60518325760297
3,0.5130121298417082,2,60.25326691189871
2,0.6348332752213317,2,60.40096589474218
0,0.9275905318226378,4,41.433883776139034
1,0.5605355881633747,3,49.49810361202143
0,0.5675314889831516,1,32.51642673881011
0,0.8940896266173844,4,45.32449687408509
3,0.8556039481268434,5,70.53630163973932
4,0.9658481987787242,3,31.732019464705186
3,0.4436103371960801,1,55.652387193688405
0,0.5987822891692713,3,42.550589804572965
0,0.9781111935574808,3,27.681163098435697
0,0.43376762465373914,2,53.471604047016484
2,0.42857049383670326,2,74.03566896623919
1,0.6668129220520311,5,57.956640715453666
4,0.7570325344002349,1,22.822435490432383
2,0.8012700521622784,2,52.704807627348465
3,0.7118633012888547,4,70.09109317731513
0,0.46338198896922594,4,70.13896802213124
1,0.5378074887186087,4,64.50548199436388
2,0.6236200897492203,1,57.82209177683225
3,0.6257479722390674,5,82.66678342578962
0,0.43250961805492005,5,72.4869632131059
0,0.8741577750453414,5,51.34603774378961
4,0.4813926966242152,2,39.91983941323056
4,0.561429850138516,4,64.04520020878573
4,0.6564891492995456,5,56.5548903009782
2,0.7103588182783274,1,46.74789406194528
2,0.7893914216049103,3,63.46459601620578
3,0.8923723856700395,5,67.24590028914159
0,0.6045359427080026,5,65.44801400301725
2,0.9108178166013514,3,48.7748944216504
2,0.9850271292061766,3,52.13371633333615
1,0.6028827768429572,4,56.962116128762275
4,0.7294640670150638,2,39.51821714088655
2,0.5624016876662545,4,79.71659221191007
1,0.9250383024353194,1,19.373800812641495
2,0.4290191625544618,2,74.07898567096767
1,0.7375759166326452,3,38.93763077305565
1,0.573595558168447,3,43.16541118081508
1,0.6186432631274782,4,54.52639594111341
3,0.4473798625183392,4,81.36452755594354
4,0.45169881522380173,2,52.66116062664819
3,0.983601111237503,2,33.99906570790848
1,0.557308892812355,2,39.578406580915775
0,0.7328284950349886,4,52.528920236028924
4,0.8897283971985266,5,51.58527006222633
3,0.6075108203634753,2,63.30667595128449
1,0.9394505090280341,2,21.340908647643808
0,0.8588270505209149,5,53.25408473146254
3,0.6742671528008501,3,59.50976724690191
3,0.5791794378804928,3,63.62708627152632
4,0.4439952179585834,5,74.16685293462851
1,0.6796278018079567,2,39.180760404088865
2,0.8651606562839231,2,58.81198371972755
4,0.6139719059339573,3,50.737085145122435
0,0.5816429452790175,3,45.878776391329836
2,0.5428184965662481,3,74.60974051330541
3,0.9398926211664531,1,32.33723566477556
1,0.5448393502625437,4,61.9597241332755
2,0.8567148678216655,1,53.26900120843201
0,0.6890432407778886,5,59.057894455906535
0,0.9190418466424483,1,13.816331254923057
3,0.9384354934292187,2,42.85638524105237
3,0.5710884896981218,4,75.18806633611281
3,0.8620744257812694,2,48.47765867528102
3,0.8295304116816564,1,35.515828610939565
1,0.7209577122856754,4,49.69130400396112
3,0.47373845676907017,5,94.14067621555185
4,0.7982652920416697,2,37.07202835110427
2,0.8288416452281868,2,52.30755023371421
0,0.9302739449910485,4,37.3565156163705
2,0.8031608445143512,1,50.118186341078214
3,0.5641446908202922,1,47.24295283652069
4,0.9950781402954282,5,47.32741697562209
2,0.8944717556339639,3,67.30352544281459
3,0.8708364534182043,3,51.47517037282388
1,0.8582535248791088,4,42.99836800900977
0,0.9458151547304137,2,19.532103896488273
4,0.44360706134695044,4,63.63561488205565
0,0.6389897070860951,1,33.18366899533086
0,0.6295303765675176,5,62.715607850342835
0,0.6768799004835613,2,37.19173071219434
0,0.681474473339791,4,52.392486701597505
4,0.5376127698945382,3,45.55799662114719
3,0.9707788399051867,5,62.12197075338069
1,0.5787806558000198,2,42.86367392919212
0,0.7711865510668228,1,26.765505685822525
3,0.8822132658569037,3,54.88834432871376
2,0.9619790190110314,3,54.91000948812327
4,0.7081826108508344,1,23.568569540986438
2,0.6711499129440341,4,70.9064604621181
1,0.5051643347743855,1,40.30154525990695
4,0.8960382402627027,1,15.02819219972463
1,0.8694829830093853,2,27.704902271996243
1,0.45405961436388986,2,44.66623133628236
4,0.6611018644396486,3,45.804879502370895
3,0.6505025175185462,4,61.06404273544529
2,0.4892783058707824,1,68.72712235525375
4,0.8169023537198605,3,40.31095434809841
4,0.9137013435406102,1,16.370271982040876
2,0.7189942836095682,2,58.446691595008275
2,0.759913974511132,4,74.62200482195561
4,0.6072706854620729,3,54.239003445615865
0,0.6410529813530498,4,57.366139891005396
4,0.9935364282436205,5,36.404061886848574
1,0.99698731006199,4,35.748970958806524
3,0.8048023264802349,3,56.250138597051645
1,0.6876543834762583,1,31.129502077499442
4,0.6693372148332533,5,56.38265177331491
4,0.916820905894231,1,18.377349506949102
0,0.7589835697912832,1,19.300402429448106
4,0.804452294451814,1,21.534937157966688
2,0.7108801720651887,2,58.3019448629727
3,0.8884952053763024,2,43.291312813034786
3,0.5020569550873939,3,69.2690047969796
2,0.7785104336056461,3,67.35924749663667
4,0.5591278581753882,4,55.3598768650867
4,0.8161457239710903,1,24.214030768994682
3,0.484380076621854,4,78.55202060378308
3,0.7027837602758558,3,58.88975588251163
4,0.6403624520077633,3,48.01455478594903
0,0.4936988098588747,5,67.55544307101442
1,0.7703212033186186,4,57.15361689900904
2,0.7263383008121711,1,50.31038818345764
0,0.49246914867318253,5,68.2783052171907
0,0.8615447129893712,2,31.427870467254635
2,0.7587322671943906,4,65.54336209810315
2,0.6058391807168165,1,55.58411068393006
0,0.40234894397980675,2,55.31422429674834
3,0.47616744910247216,4,77.65033360227638
3,0.8733452949493451,3,50.653208951842245
3,0.634741864241636,4,71.4618578526303
2,0.6355812393095029,4,76.41758944649978
4,0.552556990719136,5,69.64825676526564
2,0.8000765342475666,3,60.93750672139002
3,0.9188032846033138,3,52.01963034061274
3,0.480802822276889,2,60.5698005498578
1,0.4109881042518973,3,55.109436792532534
0,0.8125508139921673,5,53.25748811873251
4,0.8214157270582714,5,61.650483956061734
4,0.8906145314440146,3,39.10131605326413
0,0.8394561990426449,1,22.464533525463683
1,0.732262509902148,4,45.66080362725802
4,0.40798761092400404,2,44.46414688012694
4,0.6901640975798744,2,41.5713793502706
3,0.8389021683677718,5,69.03371270974883
4,0.566329963698467,4,62.75761707515446
3,0.7844734214323287,3,57.48890910220828
1,0.8569085319930332,3,34.547966758567675
1,0.4998344798696519,1,35.841245104807946
4,0.5989008840785566,4,53.75924210988082
0,0.49756231827996145,1,37.17870606514077
0,0.7613323901026965,5,57.21197948274886
0,0.6484858759446829,3,48.40064840701094
1,0.7080777040581461,2,35.9881831992374
3,0.6055444700271749,2,55.6570138758165
2,0.888964864953941,1,37.4483429260571
3,0.6883418145220255,1,42.47805186965122
4,0.6203869124194056,1,34.38817191506154
3,0.8539583326650502,1,33.40615183402093
2,0.8291530006301089,1,46.98987680025398
0,0.4894657940672881,1,39.45441446888061
4,0.9276648545825339,1,17.952398283070725
1,0.44737845133866744,1,42.18221029765813
0,0.6508616520492708,3,47.034095838344875
0,0.4827095237940096,4,62.39013932656538
4,0.8360452154313316,4,39.46028802705601
1,0.6932191008360575,4,48.9815212058773
3,0.9053954667696299,4,52.225445943586934
1,0.43435995844468833,2,48.55214166718029
4,0.733923510765947,2,32.941968380927925
4,0.9436245125551714,4,43.64051443812819
4,0.7505170698409678,2,31.95209136372189
0,0.966305938878751,2,20.886273363095793
3,0.4425457105974319,5,82.15153781119959
3,0.587457846989022,3,66.40463597772214
2,0.946574766941442,1,40.29342599709283
1,0.5191878146688907,3,44.98597690920002
1,0.6635216212717145,1,34.01182836895738
0,0.5866887922605796,2,41.74627608778484
3,0.5388835469605648,4,75.0466526303333
0,0.5651563047133571,3,51.76448328282289
3,0.9180718504893299,2,41.475044715311185
1,0.7283643125874817,5,62.38883840860949
3,0.40144922757,1,62.60764379176706
2,0.8969897155771411,2,49.851682582068605
1,0.6001184592788913,4,52.9545737241391
3,0.5509143104004955,1,55.29449520727441
3,0.7722228811721665,3,57.59056937598835
0,0.47447675743529816,1,38.982094818893195
3,0.9879331549842619,3,47.20065356607712
1,0.4557611554181914,4,68.11664763081174
2,0.8951914569259741,2,48.693174145156014
4,0.5918345789953555,1,34.158767853335924
2,0.745812435058301,5,75.83447164349369
3,0.6880290740414805,2,49.47175625003936
0,0.9030698351377613,2,27.730110751860476
0,0.9225944515874257,4,37.693061225107215
2,0.4883129574461291,4,91.75674638879488
1,0.4785640612434879,4,65.56883939938825
0,0.9144771068300125,4,41.66856888103581
0,0.9125308524365124,3,30.338675689878198
3,0.8943945261109396,5,67.31836716935739
2,0.6448350818679262,2,63.977297102850585
1,0.9031911508852362,5,43.53857205299284
1,0.9195778154054507,4,38.46399213794072
0,0.5416621909277805,3,43.65250253172494
4,0.4144989554406623,5,69.15682629147247
4,0.715583241765841,2,36.310323356092795
2,0.821651813699322,4,72.04208163486418
1,0.4173612524689067,3,67.03474313860713
3,0.5179415376837585,4,70.43893794886584
2,0.4466143497909112,5,89.98410024284593
0,0.6615495189678797,1,20.13224171031442
0,0.7303685881120636,3,43.595294407914835
4,0.4604146070509641,1,34.1233171439017
3,0.9301785724628195,4,65.25355327444379
3,0.5571254405610474,2,54.70270183679808
1,0.7417989649161809,2,35.30599971124936
2,0.5947615602794301,3,76.20410819705923
4,0.545450534689524,4,52.90898673615233
3,0.9367694799205033,1,30.216360292705215
2,0.8420038193729378,1,37.92726611130144
0,0.6853133054505413,4,56.093613480038826
1,0.7214584211057875,2,31.56052140469518
0,0.8777628179376504,2,24.148423341335402
4,0.6400239469635312,2,45.86646272048934
3,0.667030944195671,5,72.19847870543524
1,0.9162705407568728,3,27.792395443923894
1,0.8472300075301449,5,52.91282344913782
1,0.5259870461971898,4,59.842826190154476
3,0.7408181896232967,2,49.23125735393609
0,0.4384405863851872,4,69.51894597805422
4,0.47995597149395014,4,57.866077795475164
3,0.815106346317515,2,47.39715510733071
3,0.9554259788583014,3,47.674753519798784
4,0.5021259164833002,3,49.73095226418442
2,0.6271981961910046,2,59.20606175980574
2,0.5868775611881877,1,48.02926044189167
3,0.5853564262281447,3,68.54307979935953
3,0.45431722605571423,4,84.60032069705348
3,0.6501458845426733,2,48.98500329184167
4,0.701032285763366,2,34.2750964805752
3,0.7875770284331547,2,50.17637786603224
2,0.7004231316807885,1,59.158501424946245
1,0.4166129124395844,5,79.2975821573743
4,0.7021737693764789,1,26.40788090147328
2,0.7728301366755278,4,66.38856306642914
1,0.4675389076319669,1,35.566230773984856
3,0.8512154473757607,4,62.428894912002015
1,0.42685071949773684,2,55.112397396031554
2,0.8793507112643854,2,54.855131548219575
3,0.922195772447102,4,55.394035444542375
0,0.4143784875461172,3,65.44406444316004
0,0.6057642046050505,1,33.118370312058275
0,0.47874269747993564,1,42.912454890129176
1,0.40013481979953924,4,61.75665299470005
0,0.7900302621628361,4,50.33316857019793
2,0.4902698972072643,2,74.71997405074816
4,0.5215011512165229,2,36.99815813218733
0,0.7802519650814677,5,58.193072998830345
0,0.43521979376919023,3,57.51356529808139
4,0.5392088109537401,2,40.971363667257044
4,0.44157465012511576,2,40.71379893613919
3,0.45711574732616317,1,59.403635866583
2,0.6347877178709973,1,60.98763394547491
3,0.46986668227654704,4,79.10923924011692
3,0.544143945692414,1,49.79500233576407
3,0.9307076088669971,1,30.275970996089058
3,0.5676942629743276,1,43.26765597269946
0,0.9117546176991413,2,23.521171053137124
2,0.9730089282202486,5,77.43722926029119
3,0.9656336759447504,5,62.54061549379436
3,0.49337641054108045,5,85.69354250969523
2,0.46629132113262955,4,83.64399569487868
1,0.4823860916500686,4,62.577728332007254
2,0.997219665434122,5,63.069074349114295
2,0.8622186733178744,4,69.83304872337635
1,0.8498819222061811,3,46.832112384311934
4,0.8122331954392451,2,28.12438914381357
3,0.6639105221759072,3,53.160145171571926
1,0.7198032356102002,2,33.81178962905513
2,0.6235051578834934,5,82.8235403416867
3,0.4665603375233699,5,89.26769027549126
3,0.44228767208337444,5,84.96339014446579
1,0.536184788948338,1,33.492656075222996
2,0.48086046373783103,4,87.87242792122586
1,0.9767527213935975,2,22.213792261289246
0,0.46460560308348803,2,42.201648227136765
0,0.7861602729596122,1,28.81306990558476
4,0.8747556641586922,1,15.987855375057217
3,0.6886493005807927,2,49.12385257589635
2,0.9266549159514694,3,61.77698973532351
1,0.9349736838921722,4,38.67569977214279
4,0.7388123740527184,4,53.02203115812248
1,0.664003544190775,3,47.035021019649285
1,0.9136962004712541,4,42.23013848400658
1,0.47804203691638525,3,55.06354587659575
0,0.5712273959883464,5,73.39558853060554
4,0.6971464773952825,4,43.75329607455574
2,0.9825008777778379,2,42.628762702530416
4,0.9864871992167422,2,12.427414874958929
4,0.7339496641470206,1,26.242387548454143
3,0.9260024422101368,5,66.26871089175165
2,0.44691490368037623,2,66.60074693515455
3,0.6631015636697497,3,66.0794233270411
0,0.5158636460570274,4,72.86075667989061
4,0.55307891979304,1,38.91343288172941
4,0.5464870109647564,3,55.66776688481299
1,0.5112859324105881,3,61.157925234578606
0,0.914627464626852,1,17.453181292071736
0,0.6560194817929295,3,46.39675075937296
0,0.44290613096565645,5,77.49356329629568
2,0.5058110483504984,2,72.92111935017502
1,0.5890183496504624,3,48.87419176383627
1,0.5828733648867775,3,48.868878756414254
3,0.46341977624851044,4,83.15798630782687
4,0.8996362691386408,5,44.60662432096349
0,0.6459881405344682,1,25.948466981281683
3,0.7136292676590501,5,73.23507753610669
4,0.9806693285815781,3,24.581466040474414
1,0.5814224468497694,5,59.720635261480986
3,0.5807279279139904,2,61.584561748541375
3,0.5014078428942282,4,75.75713471546304
2,0.42886639462787085,1,67.06207121163649
1,0.6845606103290738,1,20.63626794000129
1,0.6437909743620918,3,41.33963601890646
2,0.627131170523836,5,85.12113844798705
1,0.5003485183329265,5,73.96824052796597
2,0.6180147899961531,3,70.54145202579721
0,0.47262608322862426,1,42.16658794507278
0,0.8017681380858268,1,27.562466221966282
3,0.9136906593611409,3,47.60047603293553
0,0.7253532647967853,4,46.294973558274094
2,0.8483430885507661,5,74.70916095996812
2,0.9469011354219036,3,52.87555976415349
3,0.5964648415797058,1,46.77160380531518
2,0.9717188870141054,4,66.15398479528598
4,0.5956378050178938,4,55.676102774935295
3,0.7081406031557258,3,51.077492153912985
3,0.7319924669240016,3,56.970214687769406
0,0.5873327087212198,4,60.85953546726027
3,0.8252440064042479,4,66.45631897383106
3,0.72592159141002,1,38.857589321283164
2,0.7703892762547867,2,50.75517050800278
4,0.48872214779487044,1,41.89246886850436
4,0.6011810450056483,1,40.188534425607074
3,0.943407092528527,1,30.800675095140992
4,0.4501560282658873,3,50.49457437518342
2,0.871907799188429,5,78.98491912668621
3,0.4530951975982851,2,63.304444092645355
1,0.6784155397041034,5,58.1351726187669
4,0.41498929645776084,5,72.26612484513561
0,0.5895852979439594,1,35.74768211389632
0,0.504976470432359,1,41.21356049311913
4,0.7961989659338051,3,43.853496628448354
1,0.41157971272413213,3,61.22324726699162
3,0.547480374111373,2,62.8547705203835
0,0.7052826949283164,2,40.918604375811434
2,0.4378475766345421,5,92.70000494928472
4,0.86886791682798,4,44.99723884433773
3,0.4571282704198829,2,55.295770967949146
0,0.5676733466425099,1,29.85733732105166
3,0.4065103752466461,5,92.8667713572875
2,0.48368223587935727,1,69.62177842818521
4,0.4955241588709125,2,44.82703653430562
0,0.7532071980376615,4,47.869253326809975
0,0.5212144516867039,5,65.07264512218107
2,0.4446399802095089,1,67.030140352198
0,0.5497942043679042,5,64.64505488344717
4,0.7037492745959241,3,41.03699590784495
3,0.6621142716391217,2,48.305068338531186
4,0.90138966918817,2,29.143371985996893
0,0.4257076625217003,1,39.69620239546307
0,0.6266465690170927,4,52.82590321670034
3,0.5024537593841859,1,53.89421672132179
0,0.44504201522257025,3,63.93906276122195
0,0.6129102342932425,4,49.06227057373412
4,0.7514007666915417,2,26.35449732717244
4,0.9123335920467268,5,49.83501279562193
3,0.5466364792753362,5,93.0744625547722
4,0.7870736728007853,5,62.14721674396466
0,0.45445105619139525,1,37.667446409098474
2,0.5823109601554404,3,76.45773419086218
4,0.9156652164753996,3,27.938716304522224
1,0.9116126662290349,1,18.414424659809555
3,0.7084447660359734,4,70.03436127766729
3,0.5629667962442239,1,45.71059373670591
0,0.4595594892632284,1,44.25151970945065
4,0.54741324576223,2,40.84053078958716
1,0.4882050331083348,5,69.69288082316541
2,0.9271734970765892,1,37.30921970903869
4,0.9862971706383474,1,15.609400271597545
0,0.7655815654100496,2,38.191425784452306
4,0.40191736639379777,5,68.8632468637318
1,0.8647016447212059,1,20.267754559578123
4,0.5848693258185428,4,60.51109641627876
1,0.5707314915941037,2,46.305831530296345
4,0.931589796511023,1,26.027984085849106
4,0.4931067659336917,1,32.999458339206505
1,0.4805412172370387,1,41.17212723976462
2,0.9148893663426441,3,61.913069914693004
2,0.5091644393613184,1,54.14072611149341
0,0.47728175130059863,4,63.4388127384094
0,0.5546193654414759,4,60.80206388708932
0,0.6935913993830883,3,45.17641663747409
1,0.9017913002095187,4,42.14854684709642
1,0.6872996078179634,2,37.507549826351614
3,0.47282892673916105,1,52.04453581933554
3,0.5871527951605497,1,45.941487051033356
2,0.7947985741819183,5,77.5082925334973
0,0.8902250601907946,4,39.176806319949705
3,0.8492313705698185,1,27.26646959839565
4,0.7749036665445653,2,37.142102474404936
4,0.46140582391112833,3,53.34390367182181
3,0.4028347405879485,2,59.0712508283336
2,0.7743802192070106,1,50.04143520315222
2,0.4224897360752601,3,82.84089734140211
4,0.6515526391405138,1,37.15376337098017
1,0.4345544480432726,3,60.60954079151327
1,0.5014129528005865,2,43.716160022338954
0,0.6388183644312289,2,34.03241944245776
1,0.7216573058396971,4,52.14921814625307
4,0.9352064540607747,2,25.430791086222634
2,0.6471928160585473,4,71.81404285444002
3,0.7734269329167189,1,38.64575945091765
3,0.909429548392369,5,71.11528557779401
4,0.7521385975196893,2,33.35342467818382
1,0.9421898601964127,3,27.414986946282376
4,0.9882108428474928,3,35.21006439783741
1,0.6885976047491466,2,32.982171943897576
2,0.5675256235902479,2,61.629349778815424
4,0.8865158671570132,3,34.22708914992618
1,0.8033107595035043,5,50.298112565668134
3,0.7519159313464198,2,47.170720406789684
3,0.7233377997711044,1,45.99727024443545
0,0.8143263691929965,3,36.44747483632602
2,0.4631258833889085,1,65.3789560588646
1,0.8762081832655588,5,48.38684756765851
3,0.6656643809219848,4,67.90764855641264
3,0.7615831060156845,3,60.371200331895366
1,0.4348741630946119,1,40.14920324910528
4,0.9378645594029154,4,43.14613231253247
2,0.5550406048666101,5,86.8935670667608
0,0.8115693775167343,1,19.24774223127448
1,0.833649622529574,4,45.955464619854794
0,0.8809778580398722,5,41.165754487509446
4,0.9437792491755961,4,38.42323323229923
4,0.9897634110227159,4,40.76931323238461
3,0.5019466278998668,3,70.9128652023214
0,0.584374113424462,2,36.69570942013811
2,0.5896281359464488,4,84.27374817824042
1,0.4150156537768285,1,48.26501709572615
0,0.5780179048637084,3,57.31339476310875
0,0.6153791301910727,5,59.4737727768704
1,0.7319552896351634,1,25.759677514598415
1,0.4558141879730896,3,56.56020623736339
4,0.8694527893256818,4,44.34718149847694
3,0.4990793918985665,5,79.901963759904
4,0.889829118838765,1,24.572699153856487
2,0.6947334472429625,1,50.936667220175494
0,0.5783718274498421,2,43.0472118141414
2,0.867870510161839,5,78.29493102482643
1,0.486044049471543,2,45.33516268464888
0,0.5995133388689641,2,39.925170946464405
0,0.9947168553490532,5,45.76391154107077
0,0.7969724711558701,1,27.85447951532509
1,0.6684620930272784,5,57.36592447605439
0,0.9257228655258335,2,25.424433341789847
2,0.5855900168932197,3,79.47782355396004
1,0.44806297424314,2,48.053453757856055
1,0.4092767518563775,3,54.98309694721418
4,0.9256173432116136,5,51.644159004367
0,0.7437172367874338,2,31.77966870344617
4,0.9417282273084119,4,37.42455944854591
2,0.8433727945498755,1,45.69802551904502
4,0.8800753566488269,4,39.38667158212182
1,0.7306954482691213,4,47.43956726303307
3,0.45391935418629775,5,85.90160257419511
2,0.94769253971633,3,50.23964668673847
4,0.5778897959827769,1,33.345232209602166
1,0.4685006015764945,5,64.10617976836083
4,0.9089386211130165,4,38.91808547683079
4,0.9181200654876001,5,47.11257253975154
0,0.9603188471701897,3,31.046272443420634
4,0.5031462499427707,1,38.105071521073576
2,0.451830737881707,5,95.00609660683197
4,0.48338103001313054,2,49.236681070940094
4,0.5704053418842624,2,38.72703623723924
1,0.867538500631804,5,50.7955854459344
3,0.7997009545448935,5,70.05482548488182
3,0.5228020553550035,2,61.300873705293185
0,0.6908922772162052,4,55.16227147868564
3,0.47746638839609934,3,66.40912406690063
4,0.5138357521516888,5,67.77321761357668
2,0.7068371516081402,4,73.53137508559
2,0.8069483627207334,1,44.778946535282095
4,0.8169161249068577,4,53.77206768433073
2,0.862744275838154,3,60.33848353960382
4,0.8837535225208704,1,18.518620563827454
4,0.41967017018449193,3,55.073036889817566
4,0.5422316269929519,3,54.17116829877553
0,0.6450728777343557,2,41.044983473599075
1,0.871602871693298,3,30.337713017694966
1,0.935514586693554,3,29.397076488626443
3,0.4026691403286339,4,81.47366458742269
1,0.7050698347697508,1,28.592378998527074
4,0.7573254232270119,2,39.78242333166444
2,0.4813597658871497,1,62.54447525313731
0,0.7967261325448116,4,48.04323840641761
2,0.9371148722699355,1,43.31361600916092
2,0.9008037177894184,2,45.083318357721964
4,0.4348427679227268,1,35.13941780861024
1,0.9577297120249308,5,47.80803145059476
4,0.9038837981377632,1,12.165245735833249
0,0.9479084640899965,1,14.764190383017235
2,0.6475447907893206,4,78.1676893126392
1,0.8798218615506004,5,44.7266244773333
2,0.7904803122322639,4,68.50541692380177
3,0.41581477016284335,3,75.82908387305393
0,0.7696880915978159,1,18.47313430639081
0,0.4067063736536103,3,58.901747754086706
4,0.903888946628219,4,40.71841223230493
2,0.967437484708657,3,59.57970100976304
1,0.559938345488769,5,57.1299711298772
2,0.6515847865842062,3,68.69149760222209
4,0.6560446312261272,1,26.87073823385304
4,0.5475482527394318,5,63.94636484453566
0,0.48915203512277894,2,45.96233416379606
4,0.7635107700588069,1,28.53468671366369
3,0.5665744846079578,2,55.304446645066925
3,0.8177983482677218,1,47.944874006444394
0,0.769012037895066,1,26.04080808859269
2,0.42459431420458055,4,94.69271741016775
1,0.7422688578446761,4,54.41062049448577
1,0.9093228773198943,4,45.988624670953605
3,0.9445247015211718,5,57.34531519777718
2,0.5056553411388427,2,73.22788540730116
4,0.9631514116820366,3,32.62264953121605
2,0.806931354758651,5,77.22241330872902
0,0.7670181274075769,3,29.5257196761518
2,0.7459401972640636,3,67.6437835358695
3,0.45800796932174326,3,65.99012103090767
2,0.9097233624153114,1,43.44318155861451
0,0.6191575875460917,5,59.685645271871785
3,0.4458644664179493,1,54.9072719718728
4,0.6131405768808453,3,49.42911635765366
2,0.48075719748013107,5,97.22616838502563
1,0.5515160623745055,1,39.69211253276863
3,0.8627647075757435,1,39.85754251333623
0,0.9688258258100952,2,17.811684639802923
3,0.47028409841510477,5,86.03672907734332
3,0.5378288816485266,2,60.3625005185209
4,0.8726452623620191,1,23.21753194025841
2,0.9017972492633747,3,59.25021662899603
2,0.4087724357779196,2,70.82768405261638
2,0.6595459840357536,2,52.09448132953701
0,0.9360553080681546,3,33.05267319156986
1,0.9976623482459338,1,12.84661583095428
3,0.49800311243346046,5,86.63400302100268
4,0.4875199789309341,3,57.202890627998855
0,0.7369299156822351,1,25.123095674272726
2,0.5496328842186291,4,79.75011441882631
1,0.46212750126452085,5,69.22407925819263
0,0.44344701201160913,4,64.6368312287648
0,0.7108437659526508,2,31.855468032242964
0,0.44614936328453425,5,71.84371726748903
0,0.9580560855836482,3,37.53673732293824
3,0.418664792553903,2,55.830484356772224
2,0.6706746624199474,4,77.71488688748806
1,0.6729660975438729,3,48.858757998999224
4,0.6022898754918253,5,55.09789987279732
4,0.6007279526594174,1,34.76182337517735
0,0.9241717932587519,5,45.90876117671643
4,0.7843572062382348,2,29.43730284053484
1,0.848418785783654,4,37.79870772089359
3,0.8675849723288531,5,66.81822109603186
2,0.4664907285940535,5,96.52076523190128
4,0.9571907974521253,2,17.776335373861826
1,0.6319301764939184,1,29.961473822669323
4,0.5738860460817268,4,64.17968131456121
4,0.8045052016599046,2,30.829611985139703
4,0.8752031824315117,2,28.620248304857583
0,0.8954791777102751,3,35.42684754259527
1,0.8267959817558455,4,49.94598968520292
2,0.40183114184933416,2,83.6482141072531
1,0.6145878722173771,1,34.72918736640915
0,0.783118079289559,5,56.491388021618825
2,0.7777489698330928,5,70.10846294862375
2,0.489044340368243,3,77.95214270297048
0,0.9777168384131775,3,31.310407499058936
0,0.8541097501284969,4,39.85300617189204
1,0.7024397233492075,1,27.677340093182142
4,0.6915007038614417,4,47.46143472037872
1,0.9279635902050926,3,34.062031226195884
2,0.6715685497050351,3,68.1281470359322
1,0.8318518362463199,4,39.1133267080991
1,0.6902018877652821,4,52.11210933461495
2,0.8675105853553614,3,58.881867727607904
4,0.49787446966022075,5,68.39265838336497
0,0.4260395899900997,5,68.7923893851725
1,0.5538909297325362,1,41.92634147899459
0,0.8607108899829037,1,20.232926439551406
4,0.7108098783557364,5,64.32844603739437
4,0.8657484441738479,3,31.571708209701278
2,0.6150240375495895,2,65.79328880969662
3,0.6494930759034844,2,51.00709828195379
0,0.45207049349439565,5,75.09126587718714
0,0.8783664130291016,2,25.95154808288134
4,0.5230803351142002,3,52.95596938991187
2,0.8050789544008464,1,46.81741482071907
2,0.5666524861698753,2,61.08937627010236
0,0.7718833927934263,3,36.35548763462876
4,0.9363515275701562,5,51.38199200660859
1,0.6262801724431878,4,55.1151423819934
4,0.4211389192203654,3,53.22793522929313
4,0.5971157459326621,2,30.88917601689603
2,0.4563311358768849,3,75.28778216415961
3,0.8048254268562907,1,34.11446357580695
3,0.8591949245408124,2,43.654446950989346
2,0.6000071886132605,2,59.69494732365695
2,0.8757466394309488,3,57.05276326528993
0,0.4453685184636105,2,42.79124817112313
4,0.5134321693286302,5,73.55307806233907
4,0.9156525010941187,3,40.444058652061976
1,0.9354473950442194,1,18.309310113639153
3,0.4166542927022946,1,54.334366497534425
2,0.6059299661173538,3,78.60010586297678
4,0.8605155376669884,2,31.688288855972253
3,0.7833390662648338,2,51.49295779668451
2,0.7743565825837948,4,72.48854973040763
1,0.673290048857349,3,43.8224004237544
4,0.7002758741256181,1,24.50989813467355
1,0.675148206446835,5,60.665804341476885
0,0.8446142130096087,3,39.21507951930843
4,0.655995045741105,1,26.088198564354848
1,0.8271290195130763,5,55.89425522877692
3,0.9646929969489899,4,54.4020160074559
1,0.9695236307443733,4,42.411236352419095
0,0.7816670035296672,3,39.43752424765816
4,0.7158767744572279,2,28.69097815926824
0,0.6450446276253586,2,44.946061498028016
2,0.8229008710203085,3,63.905358655181075
1,0.510837115092183,3,58.230684999029414
0,0.5452606439702965,1,42.60065764126373
1,0.9690605471357967,4,41.30600105427858
2,0.7505389516187303,3,65.36795338855077
3,0.8867045535928121,5,65.22682927866133
0,0.7828977749836732,5,54.04544798628978
0,0.9051180337134538,2,30.545778059724466
4,0.5092280308161482,4,59.74452023225224
2,0.6727586490948299,2,56.66468186580728
0,0.6370200656968823,5,64.78004828320988
2,0.7271338570456529,3,63.33776793595019
0,0.7988775860751451,4,47.82744139410491
3,0.5627872299391115,1,54.51785815289613
3,0.424180522243674,4,85.30622894512815
2,0.9404544510843045,3,55.78570490049931
3,0.5131756906665634,5,83.48060321862162
4,0.507149055351791,2,48.9618556216311
1,0.6988227906720599,1,23.602523852909336
2,0.6465620444308242,3,71.43004694844183
0,0.4114809244423033,2,49.65019926141153
3,0.951052595581911,2,45.62809982518911
2,0.7485874264523191,5,79.47364395011827
0,0.6326733852019981,4,47.14792826374967
3,0.5504889968905997,2,55.63469044843192
2,0.8513497678898814,2,49.52340434271531
3,0.4464531492779299,3,67.84491089570182
1,0.41577386562026575,5,71.00518029125936
4,0.9122350558492169,1,11.030633621179854
4,0.666699098415552,2,35.90882552954856
1,0.5605735157272919,5,67.24148436982307
1,0.613777052120153,2,37.780020693739935
2,0.9476151800880828,1,38.05287405503811
4,0.9176418737584587,1,12.927457500437498
1,0.9763982433974948,5,43.69082653748566
0,0.5650904642294012,2,38.722034896032675
1,0.9725639907909812,4,38.70046253994171
1,0.6100925485940094,4,49.182349400622535
2,0.5731757976129608,3,78.09220175930774
1,0.9152521084906526,4,38.15373325942693
3,0.6985687634573212,4,71.5335965856062
1,0.9336180067333733,4,42.31498842599114
0,0.7598989263693721,2,26.509481337464738
0,0.6076088982321312,5,63.96073803223798
2,0.7493807854829286,1,50.01390934203122
2,0.6086824613022096,4,77.34924076788944
3,0.7074782568557374,1,37.941737993807465
1,0.7712132477367999,2,33.68287928713183
0,0.4171901087967341,4,63.5760582987907
2,0.7355303752131808,3,66.19534186400796
4,0.6894796283378672,2,29.75818941364806
0,0.5110361006113784,1,38.59960669683969
0,0.5575122080490041,2,36.91660788282987
4,0.4581718875986749,3,54.93173000798919
1,0.59934385090074,4,55.52081763458799
3,0.8662232611932125,4,57.87496548092588
3,0.8043137903649804,4,67.32345039809215
3,0.6689491498863538,5,68.59057714231471
0,0.5407265298876567,2,47.94468054990925
1,0.47800156444939385,5,75.77651354719671
2,0.567628513642479,5,86.35265602974094
1,0.6616741293704356,2,37.06779125501126
4,0.6452932281537798,3,42.575260088458734
2,0.8037675952011084,4,74.10404309729121
1,0.5910583597888789,3,49.386016199376336
4,0.997626463928787,5,44.72340694202265
3,0.5189979137275117,4,78.00489844403813
3,0.51880863347053,3,68.79149533437399
3,0.932911621858701,5,61.32121726166945
3,0.8908831223389689,1,34.637396772398475
3,0.46394263188525003,3,71.4012264463439
1,0.8998989559752584,1,19.177087572661534
3,0.6600721672837788,2,44.28610814140747
1,0.5641787619896717,2,49.457477483673856
0,0.6343733776316699,2,36.88769296843694
0,0.859914316129429,3,34.55503400185399
0,0.6002556632053584,1,32.79876810881994
4,0.6319744163168333,4,59.08232625854443
3,0.4901483585894938,4,69.10815243325743
3,0.4918323024148167,4,80.59774888179507
1,0.551286606084116,1,36.10940525435534
0,0.43529686905554477,1,42.42896737828276
0,0.4044738744344948,5,70.98412232277062
1,0.7020290177926173,5,56.46890254770165
4,0.8297977402402184,3,36.92017109187229
4,0.43515255288820975,4,59.68514160166747
0,0.8821846516941974,5,50.99466923445571
1,0.5102843268541979,4,60.130476276910414
4,0.9349602190555031,4,38.15672350318154
2,0.45910558761600684,4,83.22619531158294
1,0.7102955511560378,5,63.60031669614532
0,0.6486718844233236,1,31.206210796321294
4,0.616608382523985,1,27.54653127540713
3,0.4013839013515965,2,62.608101771646176
3,0.932010327259329,3,53.73435642470166
0,0.9840249268306905,5,41.44167977845433
1,0.8637386004913494,3,39.80061143013907
2,0.6276943559767321,2,60.61779775841772
4,0.6776383470152434,3,42.4004114886993
3,0.910002641255471,2,37.02944981507024
4,0.44469699277016883,4,57.996313373967084
1,0.4150999584327115,5,79.53168690516279
3,0.44795473819547066,1,57.69223991954296
0,0.9179775849702649,4,35.64657994502687
4,0.6266854100765944,5,64.21619515192717
1,0.6602131351210039,1,27.049954397561883
4,0.7197503995061871,2,30.51773598040371
2,0.6245531168986607,4,81.1593070945258
0,0.828557127166393,1,20.2195963691956
2,0.6232924175873182,2,66.44770778576984
0,0.5423888473676381,4,68.00070171816122
2,0.9463701274316895,4,70.11953180967498
1,0.5312424644540832,5,75.35729181207367
0,0.5548403948270664,2,44.05473681052455
2,0.8538870149322944,5,78.21348016648736
0,0.6365646982024575,2,49.44367477316462
2,0.7341849774775495,1,44.5265112964868
0,0.4389187729869337,5,73.97968243613136
4,0.5885080648949771,4,52.18427881552581
0,0.5416477148669544,5,63.68183891599294
4,0.5925185256569682,1,27.50921297087328
0,0.8373340627726464,1,19.434858343681768
4,0.8654337687926639,3,37.26579634076078
1,0.7109110437619426,4,51.326392202899406
0,0.8103537034211059,4,42.15460183992556
1,0.6393369343119795,1,36.7530894935721
2,0.5068001739626394,3,76.40549852718672
2,0.9705778235956678,3,52.164624797151355
4,0.8735659842170498,2,23.484378358618414
0,0.45808046598922914,1,38.95074270912334
3,0.7557831360641307,5,70.84687726009136
2,0.9199079089455078,3,56.28503442191887
4,0.6917602608557987,3,45.99864109385647
3,0.9028135084894524,4,52.87999427149217
1,0.9138553411952295,2,27.728013414902602
3,0.6815548171126942,4,72.60711954082774
0,0.9501471935898773,5,47.60047056905224
2,0.8202809613491712,3,60.605365483817785
1,0.5791593062803659,4,61.99355812350353
0,0.8843068745027352,4,41.72364218177872
1,0.5085168881902742,5,67.86678624414616
2,0.4261147465683423,5,99.99717062473448
3,0.7823982457037553,2,45.15077764968619
0,0.7271948024652513,5,61.160171769264
2,0.656340431767114,2,61.140010323587255
1,0.69383807760264,3,40.6752547160165
0,0.9150382084894186,2,22.644441192127427
4,0.8864192668471058,5,51.974145690787694
1,0.44377317986973286,1,48.18196972296663
3,0.8666992470831864,4,54.057493361028314
2,0.586006478015668,1,59.65169074033423
3,0.7830846015326439,2,46.00746848036945
4,0.9230006644478317,2,23.481782799566144
2,0.7506115249686536,2,55.16059564472779
1,0.6008080214072312,1,33.595411431491804
4,0.865974690299528,2,25.284632251019495
0,0.954189849941333,1,13.69163550640662
1,0.7834184279782972,3,43.334089454571775
4,0.6532896299249321,4,47.579096836339474
1,0.4499473112601787,1,40.39659870825633
4,0.8272889508953314,2,31.019525686937683
1,0.9695225691622098,2,23.825452967816613
1,0.5059432879233214,4,61.59827384149876
2,0.6916685422109481,3,60.91719074737776
2,0.5766761315360146,5,93.88513462954947
4,0.4233573652622713,3,52.57696893807692
4,0.7620080422400434,5,54.99246059740131
3,0.48864735338161536,4,77.30635428956674
1,0.8565907966287518,5,49.60273313589237
0,0.5448234573292277,2,46.98135127915179
2,0.6916525587252149,5,85.07240895297319
4,0.6583669789963339,4,51.08878225701983
2,0.9352247037069282,2,48.551823659899114
1,0.6940352949006479,5,56.237766144435206
0,0.6685428401904041,5,62.02595680519095
2,0.569944854769626,3,75.43172326853553
0,0.482252085234666,5,73.51625227373113
2,0.9046053772772042,4,68.31565612879396
2,0.8856278967181538,2,52.38171798353797
3,0.9071949790087114,3,50.61379527711519
4,0.9522066668945878,2,21.495388834744286
4,0.9747229568110337,5,36.55648932116444
2,0.4711825434559962,5,102.267333779708
0,0.9450159462684014,3,32.49300719039783
0,0.5561951075240906,5,71.55257379253845
3,0.41089706512460206,4,80.1727182397726
0,0.8152552056415432,4,42.72185389123458
0,0.9710430884141786,1,9.848685359955041
2,0.9794006367753962,3,52.44768848845672
1,0.850518664922209,4,46.87220173004558
0,0.8316825973110116,3,33.02365265883008
3,0.7658600549269283,3,59.25418329598699
2,0.49352292497208805,1,54.655803256886905
3,0.6720172060276066,5,76.47966196495396
0,0.8302486175355939,3,43.056239640159035
4,0.5874411628411725,1,32.43729306382001
3,0.8378068065682415,4,63.46600673182222
3,0.6022747541347634,3,63.092452834437864
0,0.7025723236736909,1,32.51784989612766
2,0.8695038898762852,3,58.05125429418348
3,0.44738462360817527,1,55.203474226850815
0,0.5458190834152934,2,49.81725733755198
1,0.8783907708377077,1,19.645846629856266
4,0.557281920700041,1,36.34430523154463
4,0.4875433946407004,2,41.04399303931198
3,0.43664356863563436,4,86.25297910427558
0,0.40537052360573467,2,49.499476728547855
2,0.48442236699901164,2,72.72799749094489
3,0.9118859590956077,2,42.0810266255444
0,0.7235120250707927,5,59.818493073397676
3,0.6185167264534341,1,47.17420200363293
3,0.7445379326647021,2,44.56694077954823
4,0.5861438336076706,2,38.71213887981137
2,0.5014064507217147,1,63.01799827057421
3,0.5740865208806891,5,72.97345988185401
1,0.6709107895248692,3,42.87654025860972
0,0.47591560998921645,4,64.04582639564289
1,0.8422615867782723,1,24.825537359168866
2,0.8923447866222769,1,45.456574641689386
2,0.44015554816047153,5,94.31035277236236
4,0.9376911817917115,1,17.195085323098652
3,0.4686942649966521,3,65.77295308076145
2,0.8451542918929391,1,42.77094668342108
4,0.4868720252715227,4,61.497297638621255
4,0.5983872210951824,4,58.320620479517785
4,0.4786189529617993,5,71.16334900856071
4,0.9526599640536592,5,44.56570171424988
2,0.6358370583703473,4,80.28114248840646
4,0.4049299620748018,3,59.09768779043388
4,0.6088185867899709,2,39.1125539087018
0,0.8320781424273129,3,37.56132141785086
3,0.7526225198508454,3,55.34156185088166
0,0.934340255998558,5,40.797032186566106
3,0.6892919215630675,3,57.104534612867475
3,0.6832391953896195,3,56.61813542321411
3,0.8101527702133393,1,31.450434740114574
3,0.4388652965685582,4,79.02699406521785
3,0.8923018184715201,3,52.63517646587735
0,0.8753330605307859,4,40.924902683322316
0,0.6003174220057417,1,33.00522398821652
1,0.9879451246130421,5,47.67301679794891
4,0.9212710167578109,4,35.99117387820233
3,0.5362952845907292,1,45.891327386807035
0,0.48461602866388626,3,54.31929650328808
0,0.5258278521589625,2,44.897587260057094
3,0.6108054479943745,4,80.76695985045599
4,0.4872081296987226,1,40.41419204214295
0,0.9719481272220256,1,16.210923323374992
3,0.6440915555584286,4,69.90493086647712
2,0.8803549183701183,2,48.192577005912
4,0.5400056220012986,1,28.98975977037374
4,0.8761552111998576,2,22.984410761509363
3,0.8394034119358667,2,50.63609573622891
3,0.76792365829356,2,50.26348978464443
1,0.9586578934991149,5,41.56064039161015
3,0.5965429933701282,1,48.350774802533486
1,0.9863240439769949,5,45.97337259307009
3,0.7590319702282975,2,48.761461838555405
2,0.7880182973708463,4,72.58444838777343
1,0.5509733411238077,2,44.95745354167567
2,0.6859949250758044,5,86.87819535818026
4,0.877971790074076,1,22.549047735958673
4,0.6331950953572583,2,35.46562667576418
1,0.9504446468430195,1,21.14737293305315
1,0.8465015029183971,1,12.729408755400389
4,0.6346484580429248,2,43.70025398025871
1,0.9461306285329175,2,24.648528828788656
3,0.7505348517636015,2,52.49691249606788
4,0.6310686248731165,1,29.505099368506265
0,0.8043281124184156,2,31.01984331219751
2,0.5105184739965155,4,78.32909394888254
2,0.6409987721108061,4,78.51631620128435
3,0.6904849284963622,5,76.38721201803568
0,0.9522404785948595,2,18.889953210610543
1,0.7646973248407689,1,24.164500385583
3,0.7125560907130828,4,73.15028978924934
1,0.7838657008676735,5,58.62475221901974
0,0.5929311486684157,5,62.69393290415616
4,0.5265995995979516,5,76.108844123842
2,0.43578271233752086,1,65.76575113418107
3,0.47521035531542893,3,69.8338702184851
0,0.7846144670771206,1,25.642823809505458
2,0.9351948076591224,2,48.23309961183065
3,0.6541157259916126,2,56.0905546546033
2,0.5566941941393173,1,59.71954802383864
0,0.7476775651629235,2,27.739727569138385
0,0.4444708960135021,1,51.08468421424707
0,0.8319679398260279,1,25.68249775409303
1,0.7905147600153022,5,57.75612280187194
4,0.9789884229606918,1,10.38117281170171
0,0.97424152504654,5,49.233350913506825
4,0.8972514900385087,2,27.804811207802583
2,0.7398139201541897,1,49.45171603975027
1,0.968380592616927,5,44.29676702534124
1,0.9846203642437008,2,17.761514970001123
2,0.9787173404229427,1,38.442142441923906
4,0.8936175217057807,2,27.89014203490426
0,0.47527900594903333,2,49.120200064772234
0,0.5308042494329728,4,59.44106274894639
4,0.5436923120248629,3,47.10182992284679
4,0.4856757467331815,4,61.27902130807203
3,0.7017905967098208,5,76.9704120071669
0,0.46124033287804933,1,36.254806315229686
1,0.7127957473666213,2,38.414706537211444
3,0.7764890861194564,3,54.54253801052269
0,0.5586988375500165,3,51.53615990780201
4,0.9750291883495013,3,33.003780187319194
1,0.40869529431919793,4,66.47815752570469
0,0.8573999988610198,1,17.201129367075872
0,0.5840196985734684,3,50.00477249818658
4,0.8714701307411566,5,56.945922731852946
3,0.7061980607095031,2,59.38290825201495
4,0.9968166016483946,2,23.961558611690585
0,0.9131812342818724,4,49.68877849898458
2,0.603243648009326,1,57.46482738388902
4,0.574795086030558,2,41.04549584101394
0,0.496707129306991,4,60.73474984828051
1,0.8937671379317713,1,15.349786033485525
0,0.4869473134088568,5,68.79767349169143
0,0.4166562608850791,2,50.40971788587328
1,0.9211938391753721,2,19.8264523814317
1,0.6352023696781619,1,28.605677723873242
1,0.7030828778813861,5,57.207885764906365
4,0.7032604434541654,1,23.454991990768495
3,0.9585651966750631,1,29.159732657220943
1,0.7751500984409174,5,58.566198860914376
4,0.8634286666380757,4,43.55320122368909
4,0.5087790134502741,1,37.92509418183219
1,0.7475397001139708,1,19.643254161442975
0,0.9437549998810106,1,13.388435201801705
2,0.9642240781681781,3,54.049580480202735
0,0.6433586507057686,1,28.640982411781415
3,0.536214304284088,4,68.21477384019141
1,0.6803470639431309,2,39.22968627754528
2,0.8052300960577503,2,50.600139521018754
1,0.9435763534032774,3,30.126833368268745
4,0.5113224681516457,2,48.390686391615226
3,0.4697288824684446,4,85.19836768487166
4,0.5053176013329127,3,53.8158183208439
1,0.4729831951676337,2,42.00907081234689
3,0.920909362574947,4,56.916812102746064
3,0.6539933260368256,1,50.73812131020263
0,0.5343628652368227,3,48.76022345881091
2,0.7759836440634009,2,58.869593443556695
1,0.4999519414950562,3,52.15542404215752
1,0.574941961349253,2,39.725181168090494
0,0.5121567562737505,2,51.198179183112984
1,0.5325709816580304,5,78.70715315151818
2,0.5546189144273099,3,67.9603657529466
4,0.4849410030114129,5,65.62272808350382
3,0.565132192005229,3,70.5335327501312
4,0.40655852246154356,4,69.01820753275648
1,0.7366043367393786,1,27.42421078901254
0,0.9893877846232982,2,25.973686189095154
1,0.5217593179370233,5,68.04561057133186
2,0.48797623428621206,4,89.03431682462445
2,0.6487130046631734,5,89.26593682898634
4,0.7304203979118846,1,23.751503400149318
1,0.861467561999264,5,59.8059169953128
4,0.5818449522142405,5,56.19448528313856
0,0.5685145658447126,4,55.89359385397849
1,0.40024904441020565,3,44.768198678531576
1,0.8145722657740324,3,33.41659806098569
3,0.482621525241386,4,78.66587208408724
0,0.8105511726250889,2,31.16930365001484
2,0.6109021821752615,2,67.32112075546483
4,0.6166206113642857,5,61.68487022258417
1,0.7078897307526428,3,37.8357875028256
2,0.6837262114479874,1,49.57808053687208
1,0.5804542420488031,5,62.84263628220075
0,0.5755709512805844,3,43.934057931438126
3,0.8097110104789305,5,75.82183892446889
2,0.5194136363359101,2,64.09670350658615
4,0.6074567737061257,4,59.2402104531537
4,0.6508830158085634,1,32.71606942944848
4,0.4905539878316989,3,52.8609932282263
2,0.4393321630448545,5,102.83794385697439
2,0.9402695452146214,2,52.222252174949546
2,0.8569883521913428,4,61.460302134189874
4,0.7177147849094621,2,32.29665128512986
1,0.41321246645770127,5,76.43449003494884
2,0.8587500929010954,5,72.76960947596208
3,0.6837020861748635,3,60.37490889262841
4,0.8909166517564027,1,17.0048924708205
4,0.8231710149669148,1,19.65673201935104
0,0.46520256440392677,3,57.971689952461844
4,0.46248079821399324,4,66.30297001350269
1,0.8899875158121691,4,45.45651808308244
1,0.7960660294318671,1,22.362876445485107
2,0.4006583797446844,4,87.96361324894761
4,0.6315154917531365,1,32.34577373897826
2,0.5503800369297095,3,63.397223578210145
0,0.7443247753450359,2,22.561143463517382
4,0.7645190619997831,5,55.378727823508015
2,0.4101658344821787,4,94.30161894170884
0,0.4789422785421431,4,63.38312067242254
3,0.8633420480976242,3,49.49057363269369
3,0.8207810002717909,2,46.0211430120393
0,0.794243899576391,5,60.67837872202793
1,0.6259473469945975,4,57.13896687439806
2,0.49928859457929886,3,84.65183129229084
4,0.8103879786933965,5,54.6766933913733
4,0.901999403584534,1,12.653366587583818
2,0.9703744643588275,1,34.392382553180965
2,0.4358317115714089,1,61.365722723505094
4,0.5517116472547797,3,49.08385930462912
2,0.5832018801938283,3,67.68635037839455
3,0.7762355258495559,4,66.14938503282536
2,0.879133298562631,5,76.4980857129896
1,0.6734975941195943,4,48.62320531629334
4,0.665156446469962,4,57.21344953694772
1,0.4918901180068162,3,58.16395664983956
1,0.7749766620063298,2,32.13158770368519
2,0.6243033947156676,1,47.771126609401165
0,0.9578787403507645,4,35.99387485950975
2,0.8732400837176375,3,56.70847360229192
1,0.566049350517586,1,32.17376802277863
1,0.7871427973417711,1,19.8155813276523
2,0.6043238574650455,1,51.91998576361669
1,0.9761037279513679,2,20.5842921920387
2,0.9290611504070464,1,42.8784448389337
3,0.9255490953441671,3,45.77826061747396
3,0.4460764782938096,1,56.30856213670002
2,0.5051444625772151,2,66.56786215846864
0,0.7175965781297504,3,39.94455670943487
1,0.48125159561968034,3,48.489196590859535
4,0.4671143406491162,3,56.81717546908813
3,0.5663705614447716,3,67.0979240636322
2,0.5648706099717253,5,92.06936428623646
4,0.853221719032716,1,24.12215980090683
2,0.8112667374467739,5,82.4464716515059
3,0.9467306032613402,4,50.23612267378137
2,0.7341131068570232,5,81.0172806846295
2,0.8071316582611965,1,39.91626959679478
4,0.7375237374680752,2,32.64727784517716
1,0.5858703502178313,5,69.35603059640653
2,0.6969060555320619,4,74.1301362468781
2,0.5420148352258964,3,73.769669052428
1,0.6707049141451662,3,45.70277144098052
1,0.8949698854515331,2,31.774887394133657
3,0.6802431684908707,3,60.666518620207825
2,0.6294862998524202,1,52.15119533504353
0,0.8482733391875282,1,20.50486391984299
1,0.4303260051074172,2,42.50771132398245
2,0.5069989516786355,5,88.32821813617976
4,0.5351074554067659,1,32.87676830852012
2,0.5250284081758279,3,73.78398195594808
2,0.7677904981194352,5,81.71378853532417
3,0.48005794904374466,4,76.70371301559412
2,0.4359199667315005,3,83.68220913282367
4,0.9985977041595198,4,37.836158449173126
3,0.9873462979200313,5,64.01024513169655
1,0.9899448699305067,5,46.28851747904703
0,0.9382885491350301,4,45.2809209721836
2,0.8973377497047341,1,39.13662256944699
1,0.6672399247857863,3,44.325702249476194
2,0.8380768823538814,5,71.87738615442986
0,0.5414957034042601,1,34.70288943625445
3,0.9380391732068672,1,32.37715248468666
0,0.7123035940065225,1,23.91900982392437
1,0.883897169915881,4,42.57281066314441
0,0.6589437042817261,2,43.10258857233724
1,0.9341281610252634,5,51.97829167159339
2,0.6084275444444442,4,83.50088116750688
2,0.9016043994073849,5,72.42063513040084
2,0.8695958320661996,4,65.25544161183437
3,0.9001157133256956,4,54.964047661918556
0,0.7118631176180334,3,42.87065570805152
2,0.7617222078307564,5,82.6800507154163
2,0.6907339555716924,5,78.60009484169214
0,0.9715385839154855,2,21.30777786950397
0,0.8153052262029973,3,35.05442999855335
3,0.6785311024668598,5,77.95930765564245
0,0.5871561874648773,3,53.42597177732688
2,0.8287618961943646,5,71.88403071017875
4,0.7144864934329945,4,53.73351716224991
0,0.8620158542668137,3,24.05192937474745
3,0.5816833509723165,1,43.4050584780157
2,0.6172909701027638,3,78.06869261177467
3,0.7306751384749459,2,54.42275058004327
4,0.916684234695432,2,26.449398132608646
0,0.8936722454450639,4,45.68940650615487
3,0.9731230017272093,3,51.27919133736269
3,0.9545160785697125,3,41.23780276552233
1,0.7697513849008639,1,14.678930102091117
4,0.5951128496096515,5,60.73404639966443
0,0.4891174301567878,2,40.59287070589709
1,0.8921166014037647,3,25.60858386047621
0,0.9688982424951214,4,43.215496438070446
3,0.48029783679343824,3,69.11363575563894
3,0.4037086330769856,5,95.65879560119971
1,0.5689323683110526,3,48.16380475919552
0,0.5330865411308551,4,56.84508754385664
2,0.49039720884745974,4,82.7774599669257
1,0.41158911388234215,3,60.430405679276916
4,0.621035408858812,3,46.95687867700188
3,0.713604383615116,1,50.100692289167554
0,0.714469627721597,5,53.408098803425716
4,0.7379424660042093,1,29.022359141606238
1,0.41339482745893397,5,70.00524276640247
4,0.9635152611930481,1,11.245838637103825
1,0.5170333785532096,1,34.897632942332535
4,0.9348809563465654,3,37.65081432784775
1,0.674879182371424,4,49.573811951266585
1,0.6380366552374359,3,42.08762007136805
1,0.8405794021525332,3,41.218815901619905
3,0.4416044438369638,2,57.40859469804942
2,0.959493725027287,1,38.20070084574802
1,0.8815483457270019,4,40.18212104604815
3,0.6164837373396775,3,68.0957192433518
0,0.45978843300487376,5,74.72216156023364
0,0.9043961412205381,3,39.8291769751382
4,0.6288398784063269,4,55.61053542488841
2,0.5528071364464017,5,91.62297810963466
1,0.9753673284284123,2,25.155317014411434
2,0.6715559918532218,4,77.93164389702326
0,0.8461465167926485,1,24.17364336520953
2,0.4509418396063418,3,75.43064122333824
0,0.8328303532814867,5,55.228948554333186
3,0.8283216981333282,4,60.7378209903331
4,0.9375974898964887,5,56.42184370353574
1,0.8083355237857005,3,31.575930992655742
4,0.8177840445499361,3,37.45543445710571
2,0.969480277698519,1,42.76202345822591
0,0.6419777110288313,2,45.166488307912545
1,0.5919943470040655,3,49.724509309143755
1,0.531301550413192,4,62.79563151202902
1,0.4276991349696187,4,61.103502598433934
0,0.8938943668617976,5,50.453005612813485
4,0.8153340386809478,2,27.798006975532974
4,0.5388862403781601,5,64.29591616931876
2,0.4773161041630193,2,74.99805309827656
3,0.93284115895111,3,48.49866049376737
0,0.4965492683729943,2,41.8872295065748
2,0.4332416079438421,5,97.72681014734756
2,0.9843967997470956,1,36.63424342637274
0,0.8598823731757833,3,41.93605420362966
0,0.5515328295436843,3,56.42444858482733
1,0.548008225158563,1,31.839819502129465
4,0.925917262452683,1,10.776004325151174
0,0.48957793329926474,2,47.81585164498054
2,0.4543330484293965,3,77.31612619860778
1,0.4224212309937056,3,59.33508306251258
0,0.5452393376139285,3,56.239418339472785
1,0.5029865211458424,1,38.444305870716924
0,0.7016902993060032,3,43.34270419461619
4,0.411110220475948,3,56.39183302429196
2,0.967994807540885,3,54.16306072049247
0,0.7622752788393508,2,34.22893450090815
4,0.5331332789170017,5,67.60644148560512
3,0.9589877603322013,2,32.119724685883746
1,0.6089035662925504,2,41.6899537221034
3,0.8053189782302874,4,59.598049022715365
3,0.8622608041760735,4,57.802918295363526
4,0.7668132350832739,2,28.444014675593323
4,0.6513691538044624,3,42.231748204219805
2,0.6007581276516781,1,50.848785204957196
4,0.9717902881992091,3,30.10050981000582
4,0.8796014439983191,4,41.60587848322384
0,0.845956157467759,3,35.445173745039924
0,0.7277994531179446,1,21.063411817944516
0,0.41099773345763674,4,75.79357057200994
1,0.738847946282037,5,60.440599449415956
1,0.48914544663662995,3,49.47759740568727
4,0.8605355084224937,2,25.017593031000665
1,0.4920682144317094,4,63.246775480222546
0,0.7142439939565108,2,28.304357117635398
3,0.7566259532263778,1,46.54947752084393
1,0.6659028821876819,5,61.64157159345449
2,0.4142685354207074,5,99.75902061699156
2,0.8328328093503381,2,55.21143370524325
0,0.9109087850771787,1,20.31746158679136
1,0.5362660189650302,5,64.89223246890957
4,0.49579944394330866,1,35.51226819971046
3,0.9779038475961775,5,62.69991228587789
0,0.41648399176015655,5,68.75740231895037
1,0.6764088064345557,5,57.29722301160732
3,0.7687815195651295,5,67.97245069619142
0,0.6688279007257922,4,56.10670024378177
1,0.9684719172198996,2,24.892690710614982
4,0.7397750241717136,5,57.73435318017254
2,0.9827324507361705,5,75.4282349759289
2,0.6621222519628998,1,53.47930808774914
0,0.4222104615847754,4,65.68986472733135
0,0.624088909179056,2,41.8642591572232
0,0.7794961515803966,2,34.95960372270858
1,0.6317705866040451,3,41.297134175926956
3,0.7871802434193291,5,78.00420377952184
4,0.49412226113131286,2,43.38585151707101
1,0.8152704369848589,2,30.193198564025487
2,0.6422577244700974,3,72.58973841399347
3,0.6323824375791317,2,55.36287378001679
1,0.8062027397516853,4,47.26591905808368
4,0.8688206773890105,3,38.46226666555236
0,0.4915486248193885,2,49.559947734360996
2,0.6288827724631799,2,59.519299809957005
2,0.6651716521706723,2,69.14168333910816
2,0.8761945639250391,1,40.189760705477326
4,0.972913225385182,1,17.182863536987547
1,0.8615691396656324,4,39.12986336870452
3,0.8167820351046411,4,56.20754843385472
2,0.7881534889706024,1,46.41025925849596
4,0.5320805692557974,2,43.45561001403422
4,0.5097493259921166,3,47.810711658492494
1,0.8442264799342877,2,26.196000395695307
4,0.8297535537804159,5,54.65687553025639
0,0.8502744965446294,2,35.403374503062594
0,0.61734819499323,1,35.12464839858562
0,0.6895890698563432,1,33.087986843648984
3,0.9154516070334837,5,69.30509053297759
3,0.7735267087508219,1,34.32718656615555
3,0.7719760801372415,1,39.319669403475565
3,0.421480307907572,4,80.35450576939391
2,0.8397960971143767,2,50.5998654737729
1,0.8156639408241537,2,35.0831807110369
3,0.6487981154011315,2,60.72871637678916
0,0.4970220061230802,2,43.83750146688073
1,0.9727507268416417,3,27.9485141080193
1,0.8549622540753576,3,42.21897967430134
1,0.741305631332934,3,46.677782407434684
0,0.5051186730927867,4,60.019190519765374
1,0.9056100946811547,2,28.711481679164127
3,0.7421668589835226,4,69.43562384765742
3,0.9919961923141895,1,28.46450075832389
1,0.677390195627916,3,43.51870105251811
4,0.5209760049909605,5,68.62525593496922
2,0.4814389477970226,3,82.46320178016492
4,0.975209952321052,1,15.255298813697516
1,0.9708337765230642,5,44.00422409348083
2,0.973869252620721,3,50.29675844145309
2,0.6023494191966979,2,63.671710521337296
4,0.9515182882385776,3,23.88740289438912
2,0.48326835396667156,5,102.2200783858429
3,0.7799828590103308,2,40.60336900800475
1,0.95221664256617,3,32.50647137734166
0,0.9669056993046578,5,49.405534711948775
3,0.8439911552564991,3,44.26191217103441
0,0.5228147973537716,1,34.75834298557341
0,0.8809971000745681,4,45.16508505297425
4,0.49703659911780734,5,66.99965137605979
3,0.9510856150273902,1,31.446841271800913
2,0.8003802234404784,4,72.20600894910791
2,0.43600096766121443,5,88.10861090657528
2,0.4317697341896542,2,77.64551885060757
3,0.661621724201638,4,69.67850573707757
0,0.7699202323435322,2,35.87057754288233
0,0.784291954198242,5,51.63600396243895
1,0.7064436431227218,3,41.27900836339475
4,0.4683375136392744,3,56.16246331993921
2,0.4382315135504309,2,72.44131670171068
3,0.630917959957719,4,64.96835943885098
0,0.6823190541151343,1,27.82178781298737
1,0.7180823375808654,3,35.704607981182086
0,0.5863583016648564,3,50.236220716597394
1,0.7925045221753986,5,51.886429733388795
2,0.8195834534550521,1,42.729313388056426
4,0.8618778267387401,4,41.93385048246724
2,0.8144531305473757,2,51.1871211494277
1,0.44388570204842687,2,48.89644623823381
1,0.5048089366137435,4,57.7014010006984
1,0.5905590392086729,5,64.03669927047689
2,0.7774863615738663,2,50.74945564753126
2,0.998091636696094,5,70.8256284192768
1,0.9913940632162551,3,24.721483617426266
2,0.6003158464875801,1,58.074489574904774
2,0.9118131641157046,4,59.12556892334166
1,0.8146123097110021,2,32.28542613830172
3,0.9418941123456056,1,32.897469924431505
3,0.42431606472527095,2,59.649263482946814
0,0.42375685614946446,3,51.26389736681659
4,0.7956889019798147,3,36.383795315866784
0,0.8741094277294084,5,43.512063808698606
2,0.6191909217475762,3,72.65752331481572
1,0.90257828275126,4,43.78339034635414
2,0.6067282732894463,2,59.13684239806948
1,0.9138623846801801,3,36.5227850810369
3,0.7615139622150651,2,45.695432249722494
2,0.7476868263752063,4,84.55796402027217
0,0.8400366738109191,5,55.24780707360763
0,0.8212075035341211,2,34.73661321235096
0,0.8669003403037094,2,25.382607215594913
1,0.6826796795026732,2,34.227683254559246
0,0.8495398723094909,3,37.49031425304592
3,0.47119583525112896,2,63.277951186801815
4,0.746843136967214,2,39.19471740581293
4,0.866507720785973,2,22.905098619645443
0,0.9707303440928694,2,31.583745542150673
4,0.5733411303008604,1,24.64218375941374
1,0.603249184591063,3,46.97449645283658
0,0.9319502127210452,4,38.82364099661616
0,0.6663796246930627,1,30.803308637047
1,0.833139146858656,3,33.70733289888038
1,0.9512781147575874,2,29.501359977550017
0,0.8844505435609654,5,50.089286441728795
3,0.9634212420237951,4,56.94237018734044
3,0.5504851142751583,4,70.07794250673612
3,0.8034337531122933,1,31.633349459412422
2,0.7728392439748797,3,61.17184031954615
1,0.5336660601448612,2,45.17448854615263
0,0.9410687081501553,1,21.328372339472487
0,0.9938861230128254,1,11.260461564620009
2,0.9666204323394099,1,32.58367132257641
4,0.8276073700578468,5,56.98186616727632
0,0.6503730251990892,3,49.907902637214335
4,0.7471018611849563,4,54.55366045107586
2,0.5679519235367849,2,71.6553509066611
1,0.45458472560991636,4,61.37556840671644
4,0.6331555488234918,3,44.827090653363776
3,0.5878378001636786,2,57.90572365631588
1,0.4117429244620925,3,56.543685874523334
0,0.6380886871232009,5,69.81714851335326
2,0.6220080258447374,1,63.772054193661035
1,0.7798432591026923,4,47.6234729772543
2,0.5896136612216265,5,89.36811396946578
3,0.797812591660638,4,61.156530289715825
4,0.881185530513575,5,52.139784723775186
3,0.9418353566776252,3,56.42872995298417
2,0.9482933722619419,4,58.2683279180605
1,0.7039690924107952,4,53.9519711384694
0,0.9813717462737493,2,22.29640335180062
1,0.5414246488059018,5,60.87694610538918
3,0.8689655923926252,1,35.72665531384624
3,0.40074024112120565,4,87.09733176389031
4,0.6181891874797244,4,56.73934235165786
0,0.697290195010333,1,25.073382428412376
3,0.6418643967294323,4,71.80893813221634
2,0.9926921077244872,1,37.22590054955083
0,0.8752405635881808,3,35.52303933848368
4,0.5457082942621803,5,70.84163680151528
4,0.4760299374869139,4,57.52118410325483
0,0.9943583247947372,1,16.42453986287356
4,0.91914485032738,4,38.47511937069029
3,0.5866089956401466,4,77.50305239435835
2,0.8093557172418839,1,48.451753233121494
4,0.872574589882937,2,30.88218700800005
3,0.44471030920490573,3,78.71621593149295
2,0.9170329608028475,1,40.33802902987769
3,0.6361010739359704,1,46.8691024201659
4,0.6926363205248416,5,60.065024272901624
4,0.6454012081584932,3,43.28474854672976
1,0.4133611777367062,3,61.38865028030766
2,0.7238691947545919,5,80.96233614105202
3,0.9270821714233903,2,41.739271707368
4,0.9911404105647663,3,33.04852117759297
4,0.7593536092570601,1,25.10568226280066
4,0.6422398914147772,3,42.70800163186888
4,0.5016247096042903,4,58.281965310827644
2,0.6727739567514642,2,51.344487758132146
4,0.6980945600990752,1,27.482762882514923
3,0.9584157504013284,1,37.802562538643514
2,0.6033231792809275,1,57.94079168714597
3,0.8900732349951882,3,50.80745846717544
4,0.9908619431150759,3,24.057341761635072
3,0.4714932321910056,4,85.41173115287208
0,0.583041812807201,2,38.46451452244447
2,0.9682103981737343,2,51.71197768958401
0,0.7407064881938741,3,47.55614678556895
3,0.9213250108692432,4,52.296672279027995
0,0.5152075475993477,2,42.11138069203564
3,0.5963108897729144,5,87.45302960375611
3,0.4076100844592471,3,74.88285161949558
2,0.7152093464040845,1,54.05784799443323
4,0.7100455636158745,1,25.020464958254465
0,0.8254443328050998,2,23.760208088030005
1,0.4640423540411037,3,58.20976474428004
0,0.9312971912715455,3,27.979041546966062
3,0.9288281630435188,5,65.89830451121037
3,0.771957730911935,4,53.45108781416282
1,0.541251936402256,5,62.015567647773544
3,0.8120738643610846,4,55.2241661935749
4,0.6249605799609294,5,61.761873191189004
0,0.6963540987822017,4,54.28496367155854
2,0.9891624108764792,3,52.144200996799285
3,0.8764895225665444,3,51.362406292992304
0,0.5617465839328766,3,54.97951794551184
3,0.8035725752027587,2,46.211164408080435
4,0.8723696632988052,1,18.240641627536046
0,0.6238608275779266,1,32.38302422660041
1,0.5694059105226223,4,58.47800519113036
1,0.682587524767982,5,60.346832433663515
3,0.910825801819003,5,59.52755360444915
2,0.7371152003420427,3,60.460980247184715
2,0.9403826082471369,4,66.73090259521227
0,0.49011908560772655,5,70.02725082323681
3,0.6716014735949982,2,53.58538683820809
0,0.875181505006823,2,21.952366650721196
2,0.8707610105247028,2,52.806435323172124
4,0.8467645330998692,1,25.600986784872035
4,0.6696798468923078,1,27.341936944539185
0,0.4430045234744134,4,64.04213681861185
1,0.504331086966834,2,46.70945274492215
1,0.5132742930995334,4,60.1177828459467
0,0.5397527881155033,1,32.3785454294335
1,0.8170090664313365,4,44.66738979244052
2,0.8695249659008703,3,64.10244910722885
4,0.7516032262331935,5,50.52896486494526
0,0.9670084714206435,1,13.052508933677991
1,0.8637783564340036,3,38.76231139119016
1,0.6390930384971926,4,51.219219423514375
2,0.582498650285636,1,56.53925137440546
0,0.534992427609071,4,56.76006590539813
3,0.6514659106355172,1,35.68982985913415
4,0.6129195281359379,1,28.913540421467218
4,0.7574715432065044,4,49.87758048269723
4,0.8513303547753216,3,28.314694490985826
1,0.6907704487496868,4,43.6153889074035
4,0.5581681807189671,5,66.0526235240444
1,0.8241189233209811,5,44.34723918663957
1,0.9422299166188628,5,49.48344652357057
2,0.7568906333983894,3,60.06658910080703
3,0.6027068606366819,2,57.16201177534567
1,0.9912682422829647,5,44.264013964117616
4,0.5986493656540398,4,55.511265551829794
2,0.5819638121716455,2,69.70738947473019
2,0.9443519642905871,3,55.313965402577885
3,0.6570840573561219,3,61.01641524328797
0,0.6573005084468371,4,45.385209310011106
3,0.6279911691800901,5,81.62605875077386
4,0.9754824781325296,4,46.061441048113124
3,0.9749755081660506,1,38.33629969358321
3,0.791074511431948,3,49.325042999088225
0,0.852944299052806,2,23.44649511454397
1,0.7899427655300479,2,24.51860660288016
2,0.5792385184952008,2,61.2694346229845
0,0.6530677925699249,4,50.598050996925295
1,0.9901305173466078,1,13.392712272385353
2,0.4280908111080239,3,75.07766776153497
2,0.7510219880724918,3,66.1474402962022
1,0.6665632383051256,1,31.456372081209906
4,0.47802680830596744,5,69.2488351390318
2,0.5271058137126216,2,70.98759846326647
3,0.7958383029393064,5,65.001018000378
0,0.9206741724697187,3,36.38014151938717
2,0.40924183702155215,3,83.84051515519381
4,0.6801706789509734,5,65.05403431910443
2,0.7013191403800312,2,56.941722871923055
3,0.7519906367702649,3,51.90705818098124
3,0.7030321466468934,4,71.57032372863014
1,0.9258287721847697,5,55.71457135348486
4,0.4224408112135978,4,65.79760146942152
1,0.5580377746714889,2,42.01891377331455
0,0.5123051343856914,5,70.12460728919376
1,0.5430258078680088,4,56.70203452271861
0,0.7823661572692455,3,37.96811136706647
0,0.4810115789666104,1,36.333210197163474
3,0.8083934252420573,3,46.732257235523136
3,0.9394472017958029,2,37.726273059771366
3,0.6666909605569562,2,54.534868933732824
0,0.4783117635511346,1,39.400273929607444
4,0.7524917139795794,4,44.23488359255363
1,0.954936747958966,3,31.90781581907418
0,0.996880361291919,1,15.044903988627297
1,0.8520325740878125,5,38.34739700161635
4,0.8759755214663283,4,44.15910977016846
4,0.8292603324739791,2,28.732517170628608
3,0.47014301312834084,3,70.44440921232348
1,0.5237143729675342,5,73.13984832796899
0,0.8919776326027766,5,53.39332807793521
4,0.6859381041809514,3,49.11656739628982
1,0.5883955309893673,3,53.57644119975713
4,0.9807086351281973,1,21.11064682207315
0,0.6631086471437,4,47.689072084033235
4,0.45131595921273077,1,33.079239120880715
0,0.9344678482198597,1,15.051076786043685
2,0.8670446180923688,5,71.85338423381951
4,0.4418562107600919,2,44.20767039061651
1,0.6488883080654955,3,42.43038181281931
2,0.7354085654108546,4,72.84550160909457
4,0.5748126078115345,2,41.307795759649316
4,0.8107984491762087,1,27.30853120009393
4,0.6832638460318413,3,45.122513458544816
1,0.8316910119387495,3,32.24084253051256
3,0.4093993427519433,4,80.58275956047741
2,0.40969651373412763,2,69.93922006050357
2,0.4767144107932412,4,80.16592458345524
4,0.9106019592595126,4,47.42522028956292
1,0.9025085581847089,4,44.82488881432801
2,0.45656777168144785,4,83.8350583425127
1,0.9739793368088192,5,50.53581444162043
4,0.8564846698857784,5,48.073820919899475
4,0.926372037330725,5,60.96303743558539
1,0.9420382516218422,2,23.897712423190267
2,0.7579199784422398,5,81.6446449673287
1,0.7265227453882286,2,36.05528606076172
4,0.6508374746159735,5,63.253547247065924
3,0.620268298899867,5,83.4468414408444
3,0.7054915107501447,5,77.02119006509575
1,0.516458041960506,5,64.98466739268942
3,0.5494623717356873,2,59.15181973965839
3,0.8756531758748456,1,31.913915828687276
2,0.5632210252929757,5,91.359827401475
4,0.6554343437007959,4,56.19194931359381
0,0.5382981965357334,5,62.97690281295328
2,0.9127994118919761,3,58.63345635530954
3,0.6298055350168831,5,75.98856520247496
1,0.6842697631282761,2,43.50710583557411
0,0.9949304655173989,5,45.67820909874319
3,0.9373452309072863,3,42.47719864565338
3,0.8691661272348393,1,28.52051113240921
0,0.9027372195101918,2,27.06514808039868
1,0.4693884308757978,2,43.21679976203103
2,0.7577977901987283,2,55.59822234666896
4,0.8411832920463482,4,42.98593807311906
4,0.856409331650476,1,22.808551659342626
2,0.42164096143359786,3,83.32369013971343
3,0.9951578541200777,5,68.75267444335896
4,0.5649453324817153,4,58.75696704063835
2,0.8845764684403994,4,63.55257478262998
4,0.6922442315295658,2,40.52140264359785
4,0.6703003486156134,2,33.025126157070936
1,0.4542303837587264,1,38.856792436498026
4,0.4780447032376966,1,40.770451630722945
1,0.4273701423443027,5,73.57981268003245
0,0.6788195645938526,3,44.982002543371784
4,0.5579284597528946,5,68.85462957748142
3,0.6235446136209526,5,84.05097519452481
4,0.7557668786042544,4,51.888179109979674
1,0.7781463312720489,5,56.114189253965215
2,0.8670521192392704,4,75.25285569775902
2,0.5396169435949025,1,55.42001129861808
0,0.5587808915246101,5,73.15779609603143
0,0.9865830711030206,5,52.26561623903031
4,0.6806906710760289,4,51.15953218164315
1,0.5547545264185811,1,37.331917421398195
4,0.8396074020128422,4,48.74411294575275
3,0.9639398317234398,1,30.603335278695354
0,0.7160614464865622,1,31.765172618177612
0,0.8804355443833647,1,23.794298187797274
3,0.6730533468373816,5,79.9094775589862
4,0.9589574456005385,3,29.57429901616041
4,0.9286572600937388,3,37.562098260980974
3,0.5639980291829811,2,57.176497219601075
2,0.6008198323113266,4,76.459145125324
3,0.914154957970604,4,64.06479217137277
4,0.513048184690228,2,39.95320614991557
4,0.93668079624752,2,25.509952304823095
3,0.8859122947265604,2,41.09696240824325
3,0.8023170438641671,3,52.95710021937469
0,0.8506897608018511,2,36.21512152576128
0,0.4873506154071176,3,54.046744154856995
2,0.45102901453088956,4,80.75515124057898
3,0.44585378420006905,3,74.30430419788563
4,0.9130022107098263,1,12.7149175734942
0,0.7861723919600538,2,40.840283420331545
0,0.5424440766765125,3,51.8944007060009
2,0.4069268981336528,1,67.7607279896268
4,0.468650504586404,4,60.423421009596176
4,0.640493498811114,1,34.752180151903005
3,0.7281617497676225,4,62.05550111708701
2,0.6599653698310686,4,78.34376536136396
1,0.798531928582467,5,51.93835343972593
0,0.9810420700501302,2,24.10404877415891
2,0.8898807804377913,3,59.61124064495945
1,0.9122842638406746,3,32.35593248190133
3,0.41094792223546667,1,57.69286366273095
2,0.464324877441696,1,64.85038590531059
0,0.879796585126631,4,47.180005166064475
2,0.8337142567665985,4,66.45963441654116
1,0.613197092509239,1,28.76858314366224
2,0.7361703775590551,1,50.62829439884703
4,0.602727221881977,2,47.95626488876752
3,0.6715825492303753,2,57.693958226047585
0,0.5441719254108586,5,67.2168110326449
0,0.5774925742616388,3,46.6545549474195
4,0.5893261706643269,2,34.88534825406923
4,0.7066430222006675,3,39.816703910363294
1,0.6275662046301269,2,42.067925679691186
1,0.7646843954028734,2,30.400312421827735
0,0.5336601742832272,1,37.04625864233465
0,0.8407555707458718,4,43.18505537928816
3,0.43292848517991717,1,49.96444721551841
3,0.9393968948102651,5,70.43265579913356
0,0.6113904873263922,4,61.94514508304404
1,0.960897208251686,1,10.964991200795964
4,0.6412502891505395,3,39.75110261689736
3,0.5551288745226896,1,56.47067271117833
4,0.8896594471540532,2,31.82773842592836
1,0.4828011021852905,2,46.53909239390328
1,0.9143413229470719,2,21.49304371975576
4,0.5840119559555306,2,39.10108981555428
0,0.6252290137889994,1,32.750816807998945
3,0.6175953691287348,1,36.618067674635014
1,0.5190309267786737,1,32.748248466546336
4,0.45495920061660866,3,55.288007968910094
2,0.9369046485425128,5,71.49527222787643
0,0.42872170009121985,3,51.16327739809457
1,0.8973926129832606,4,47.36832084947831
1,0.7894198102417023,2,25.537487706038636
4,0.43310959124667936,2,50.685769524653466
1,0.5010375810664608,3,56.635629053873664
3,0.436870982880123,3,73.66767833928917
1,0.7052325395061934,4,41.462758752193594
1,0.7124040024517728,3,39.27562150573146
0,0.4617670062474013,4,68.4077122395095
3,0.5161943085944939,3,68.55987677734404
0,0.8210493536344032,3,34.14709749802375
0,0.7882614339174283,1,20.77311701053279
0,0.9659159127461305,2,18.727124144915997
0,0.5474178862378742,1,35.297712368314365
0,0.7495067944032252,5,54.475262084833005
1,0.6263009674259284,4,55.867401828646756
3,0.7065540877702248,2,53.63772325521859
0,0.6979097977622524,1,21.887733437556186
0,0.7816636829294681,1,24.300833787695776
3,0.8637680401422727,2,42.95450679316879
4,0.8298075610409026,2,30.494013367895157
1,0.66129437265804,4,55.82002030282869
0,0.8909047973108571,4,46.173787095233706
0,0.8041922252997913,2,35.709345329414205
3,0.5749751088819681,4,86.16877679175428
3,0.4862909443567478,2,60.76902635631632
1,0.6889624662911848,2,39.12921896284345
1,0.5833380533719492,5,64.52147356031796
1,0.6626661317118079,1,19.437559661880904
1,0.4428746711781629,4,61.420044899510074
0,0.8776008824934607,2,26.255965750369775
2,0.43946500441887226,2,82.31603120384058
2,0.5568883694220261,4,75.11556548667146
4,0.9338146747879921,2,23.128292577478106
4,0.8596528836497367,4,45.39011764652214
4,0.6459322634424398,1,28.856966346790436
2,0.6582421716195301,5,81.79548346323668
3,0.4790172257360277,2,58.503516814498575
3,0.880278876168296,2,43.83317412782969
1,0.8035545992425284,3,34.28770211864488
3,0.5827502006727301,3,75.98420220008528
3,0.874042155436222,5,66.52046965610771
4,0.5016319616674121,2,42.62369835432111
1,0.881354574496773,3,37.67892946860577
1,0.9185238111458685,1,17.486986988378302
3,0.7965885861229173,3,60.232359835511545
3,0.6000554183003818,1,39.291960690449784
1,0.6702010617540581,1,32.42614347945455
2,0.6088862452686112,3,69.80165038994677
0,0.6637595351510048,1,35.95711666057586
1,0.7464583429764653,2,34.09294598251509
3,0.4950560898244035,2,60.84558025698331
4,0.8255290381417011,1,18.472004346695382
3,0.6744190581672751,2,51.85261377438233
0,0.6817589324690703,3,41.47593528978224
2,0.7649401077208631,1,53.57959202027686
1,0.5510830052851721,3,49.80233325224675
3,0.5012149151615615,3,68.5788052732653
3,0.8116148541603809,2,47.661339628662084
2,0.648172348108995,3,68.61462526419896
1,0.6141100622561438,2,40.63064530874059
1,0.40099489195494803,1,40.548619330077116
0,0.5697012407573254,1,35.299742517016725
2,0.7335030039318157,4,79.0497056903361
3,0.7931869512504879,3,58.61099362710065
1,0.7779876637994234,2,30.45291837536763
0,0.9460450119856298,2,13.706656221510837
4,0.6575236972343206,1,28.189697105776816
2,0.4177530829553657,2,70.35792201798506
2,0.5122910047921215,5,93.41365139631715
2,0.5646466996556494,4,78.73132953705094
1,0.779928561493916,1,16.499959183478364
1,0.7742311115136864,2,35.96245607181129
3,0.7918477088388582,3,54.497736251992535
1,0.9299920782374004,1,22.974007253199368
2,0.9568824512609247,3,58.1003226244656
3,0.5194420594698069,5,84.85337825109748
0,0.9331913158767784,4,38.37407589432349
4,0.5947026496156198,1,28.61758509067191
0,0.5485539189935268,2,49.340487859804114
2,0.7259537047413618,4,78.40103341691069
3,0.6577665276916935,2,47.89511954474724
0,0.49961326044230137,5,66.38497276114013
2,0.8024665472890753,1,45.90305124633836
2,0.4203717070547115,4,89.43312946368954
2,0.5509806735871184,4,75.76706830690428
2,0.5759629323232288,2,64.55417611294888
1,0.7242558869489442,4,52.13599136447869
2,0.6499419469086694,5,79.76658846495161
1,0.647626497808132,2,43.11112290434094
2,0.8870210478130359,5,73.23570994917443
0,0.8687283275090116,4,38.72841511814074
0,0.8880634149201903,4,44.13373357722826
3,0.7923857816112965,3,51.52324847045146
0,0.8466825460176823,2,34.85618772098783
2,0.9567860969727022,2,47.28295345021801
2,0.7249566729155055,1,51.96246822186445
3,0.5233267821895284,2,57.56679569004767
2,0.9481243728477708,2,49.45331757239474
1,0.8542700768008946,3,34.32583713866807
2,0.502732008997651,4,86.33087672117493
4,0.40678373315346716,2,56.71640241072988
0,0.7431576537368565,1,27.75978192242035
1,0.544135983184662,5,65.21946854375699
1,0.9116801521295002,2,26.120770232338668
2,0.9801701364933529,4,63.06936876305153
2,0.9460389452939155,5,77.54336030052953
0,0.9952974290848615,3,33.01461380221918
4,0.74120667767486,1,25.78626336003042
0,0.9189441150527486,5,51.13083620272524
2,0.4403782949944606,1,69.24953996087436
2,0.4017290298852736,4,86.33159224766764
0,0.5147564839748578,4,66.77420504420232
4,0.9199892230282042,5,47.88929293475187
0,0.4149822902850837,1,36.949324019541336
1,0.4419941112379647,1,43.10624887884542
3,0.9305230736070892,2,39.744931364151086
2,0.8707272495282242,2,43.86067472998704
3,0.8240606512309452,5,67.25253813844417
4,0.6584623616964643,2,34.31348056372738
2,0.6986560802722697,4,64.21646603929742
4,0.9992369905872104,5,38.60606233609564
3,0.9275513765311216,3,46.200393773930735
3,0.6887721608005092,4,63.0014055838346
4,0.40467737597822173,4,62.73455101525199
3,0.6414800481386647,1,45.98925279836281
4,0.4771293454419833,1,30.391717482674586
2,0.7112830237697081,1,50.56798480240376
1,0.9395202764053509,5,46.0330467781765
3,0.6974494417603236,2,53.195422213549755
2,0.6033380198572499,4,76.8072732427371
3,0.5953813045472702,1,48.2706261936141
4,0.8981067731176933,3,35.411297774416404
1,0.7088293414329897,1,26.00143371890598
2,0.7581477268565344,4,71.93707583372213
3,0.5348410477729417,1,49.65330226829447
4,0.6377293485564995,5,57.73119045263708
3,0.7959079039035668,5,71.20940564468209
1,0.8994015942000376,4,36.733583042834184
3,0.951451437840773,2,45.62388466980076
4,0.4003622370410174,5,68.4974398996248
1,0.566291802823309,1,24.02270685054712
4,0.7730409730391274,5,54.532316518126954
1,0.5925938795066842,3,43.88738053533161
4,0.9025372785214997,1,9.631063986406613
1,0.6189974981129116,4,53.10282121312716
1,0.8301380564469605,2,32.145535826819575
0,0.8543714223558159,1,16.854431835538968
3,0.42887546131506205,3,68.77047466749747
3,0.5851696188150689,5,81.07029319279884
0,0.48364722625838574,2,44.27512018726508
0,0.6871728204760209,5,63.02733584287714
3,0.8549008594888354,5,70.92719161968569
1,0.6446436323498703,2,38.622572180105294
4,0.9347703560059362,2,22.56614277125145
2,0.48756396733254764,3,75.67487694137098
2,0.6528988516034397,2,61.65521679339422
2,0.7746899111009751,1,44.61219643471237
4,0.8979883564402056,4,39.9026895512074
0,0.7176578355248335,2,39.71644650779926
4,0.9921522965735586,5,42.44596918191194
3,0.4571584817159144,1,58.33151095440571
3,0.7995261600972268,1,42.49167617054279
1,0.8799895078150195,1,21.88992218357093
4,0.6950249906587742,1,23.101910483712846
3,0.9660562174901296,4,59.145948654835394
0,0.4716326130731115,2,37.593987353853684
4,0.7114691376223783,5,55.493249294926365
4,0.5464770668441339,1,42.23177148568018
1,0.5655068028279566,4,49.98538394749141
4,0.7672232358721447,3,37.17056612428962
0,0.6071657346564276,4,58.11158322103485
0,0.6163888194365449,1,21.74262139579273
3,0.9562307987665823,2,39.730158105996885
0,0.6858180391124014,4,50.38984769097363
2,0.5154825757597218,1,61.002726880909286
3,0.9373071958085275,1,36.87572357623136
1,0.7570796727161215,5,56.216619338954686
3,0.7506655917944943,4,57.972645622333225
4,0.757850790732695,2,28.109243486671904
1,0.5163549013523863,3,54.42118656967952
1,0.6138860230874311,5,64.2483546201781
2,0.46426779908653093,2,56.226734061631575
2,0.9591207192313423,5,70.68225912073243
0,0.6768266949822423,3,45.594702168918346
4,0.7931053084254331,5,53.02440386805801
1,0.7373385383099376,5,62.75203751947126
0,0.48593586814703027,1,44.942179562281694
1,0.9434940484842781,2,26.543038513552613
1,0.8229857065927901,5,56.57648165333493
3,0.7705527926810056,1,42.9460827920931
3,0.8498263275092117,1,42.21440251697339
3,0.9458820940915904,4,59.40179595686161
2,0.9264384436976746,3,50.922219526264534
2,0.6152216954249057,2,63.0308487140457
1,0.9584248898962838,4,41.79903542516981
3,0.5951723783184224,1,51.366824021717655
4,0.9074429196540934,2,27.692659142101938
2,0.9022884576415932,1,42.94309585094104
2,0.8814408253135277,1,43.84205565165935
4,0.49032143609975964,4,57.53371246082904
1,0.8140612242684222,3,38.800323705340425
2,0.5050209538363022,3,78.08346487277807
4,0.6700083792100313,4,47.41075831542022
1,0.690374254196767,5,66.54477483385324
0,0.5289352859478083,3,46.89534525222208
2,0.7058110211055597,2,58.256829447771494
0,0.792778548891436,5,52.51951573903198
0,0.7664678475673293,2,34.298660391215805
4,0.6060790120778501,5,69.96999053911168
1,0.6643141598119702,2,35.92254934968673
1,0.8243237314105767,1,21.70751551501817
1,0.9386000934190258,5,45.75586177676057
3,0.6193235190733867,2,52.31920440666818
4,0.49998210698996864,3,57.219282316170066
3,0.4378134714097825,2,71.41947931180337
2,0.8811145615833051,3,61.452610171056925
2,0.7483747489996189,1,51.40518043752568
1,0.7407692535539543,4,48.77397981134074
2,0.5667217750496296,5,92.51961794412858
0,0.9404443403206963,2,28.84387126014325
0,0.5776511696760901,4,56.82685203997859
3,0.4813082149651814,2,62.72001658640957
3,0.4473159115848535,4,79.41291405940048
4,0.8403606226869963,1,21.481856569920602
0,0.4983347737649849,4,56.040895791115204
0,0.738090088647726,5,59.26158944130771
4,0.8523658399324522,1,21.37174438029116
4,0.6573769163881027,2,37.1206406129234
2,0.9645035111719367,4,64.67714851675412
4,0.6834630558375088,3,47.41267435586947
3,0.6568130106718961,3,58.4904297842593
2,0.474809623779078,4,85.89025388254386
3,0.8115661821222079,4,66.12258711505977
3,0.5607711989298245,5,83.29060286564825
0,0.9594713162115305,3,33.29027035185845
0,0.8379007439553012,5,52.67250243313012
1,0.8721800522947019,5,52.7904754378843
0,0.609816712440494,3,46.62156738334923
3,0.7245144962789383,4,75.89767191164968
1,0.8261181191688685,5,56.44976306581043
1,0.7504921111302141,5,59.37187797901058
2,0.9422526624364531,1,39.37203488348418
0,0.9456477752124106,5,41.98466675970453
1,0.8955007743340058,2,27.086541253517122
1,0.5182946819326337,1,38.67377236418491
3,0.40534740919781104,2,65.56273077342183
4,0.806862447062805,3,32.83618119243799
4,0.535294598922349,1,36.81995064294394
1,0.8683681831605445,5,49.173028766457804
1,0.9341947400839331,1,19.338716892454663
3,0.40570727519909316,2,63.56381231348667
1,0.5179195753773473,1,37.72059494617315
4,0.9609941730767773,5,38.758889628306804
2,0.49881460424907054,1,61.91439800153634
3,0.8283744052519405,1,35.11459762450798
2,0.9870700602855417,1,38.59193474527781
2,0.6180202348972097,3,74.93903915045227
1,0.44844317385702515,2,53.589417978715375
0,0.6000239529180684,3,43.7438530019737
4,0.4710976577256634,2,40.95179407425327
1,0.40862290757752523,2,47.86309327964245
1,0.46767390886541693,5,68.95363573180657
1,0.6559092484314906,3,48.448882011091186
2,0.8784104102495246,3,58.67316897626497
4,0.5195377719011924,2,45.3242356206636
3,0.7182026650109223,2,50.59468277691212
1,0.7770392164630125,5,54.42644375604345
0,0.7013342264782703,1,27.38871018848406
1,0.5714625547252002,4,55.12114712410402
2,0.6867316569076317,1,52.58359957283527
0,0.9619482207683577,5,49.60873217443221
1,0.9906675679302803,4,34.840207594900484
4,0.43417557687175157,2,42.17936366303907
1,0.45752552573748567,5,68.5339612693032
3,0.8735422621859592,3,55.908261440161986
0,0.45877857609737205,1,34.86442036065652
3,0.993834011896693,4,47.574733404046455
2,0.9775225991894306,4,62.23486590618679
0,0.7520182222572014,3,40.264381292784165
2,0.4872076953182468,1,55.79436525652298
2,0.40010532991959175,1,68.0422143304914
0,0.7275539748014956,3,36.114144600816175
1,0.6069237318903903,1,39.76281740698526
3,0.9087909839982888,2,40.94151062293261
1,0.7263551944753842,2,35.57325721855754
3,0.5252633694704358,2,55.16743274339501
0,0.7410385769949126,3,39.83224068729248
1,0.9953273147493708,4,34.50666370095858
0,0.40414593414875855,2,59.952788686544956
1,0.8944776881104806,5,49.82098868551797
0,0.8538894698863179,2,23.086976541918233
0,0.9567412825977029,2,27.523829962189474
1,0.9269689587002007,2,20.504433997787732
3,0.7500547607961219,2,46.74897148687886
3,0.8366711919891829,4,60.5392450427813
3,0.6956801993299179,4,70.4800554035772
0,0.4105944341782903,1,43.92719054020984
1,0.9561449597381682,4,42.8113178263355
3,0.9262289158143865,4,52.334184832458526
1,0.9005332192864831,1,20.96625623730288
2,0.8145327811081275,4,73.184269350078
0,0.8653423340499911,5,55.0030799587319
3,0.7174777608330787,4,63.195862357553885
1,0.4605184697161299,2,39.629535830997725
2,0.5689008702276849,5,84.94537886410487
0,0.6522620255024568,1,27.470598644204337
3,0.7440428410387501,3,59.36942295746254
3,0.798755600540207,5,70.3536546611812
4,0.9418695976981483,3,33.521527515581326
2,0.619059703445345,5,88.65064977899173
1,0.45538715259976953,1,38.815272048536336
0,0.86302527514308,3,32.02840720211427
1,0.9759897313543877,1,15.258255841173407
2,0.5449527959173789,2,67.52111848419634
1,0.47217540060599966,3,59.965678021580175
2,0.4068445043805692,2,71.41074080131179
1,0.6689499132248369,4,50.97755737868462
0,0.6877654944561078,5,62.478153363907396
1,0.5759663295936398,2,45.21147233529136
0,0.5385940078061408,5,62.23317061577127
1,0.5257911786383842,3,48.521437883024774
1,0.8404375536381626,5,53.635051445967925
1,0.7291449575278119,1,24.06680126126045
1,0.4504195494469007,2,55.18897566524804
1,0.875374476838279,4,43.34990168084507
4,0.9593040020515502,1,12.501661461828027
3,0.9986809274104324,3,36.974446134583744
2,0.6124626870943082,1,56.416905936605524
4,0.7098370049042182,3,37.54845313240561
0,0.6856620252926512,1,34.98891639044185
0,0.8314444835597692,3,38.34608391335319
2,0.822701060195383,3,61.467137711105686
1,0.7661852191284968,1,25.320977092638397
0,0.5321633798604077,5,68.64753187047945
1,0.8139317133232773,3,37.63912904333415
0,0.5476473861178495,2,42.23920618469248
3,0.6765821658199092,4,65.77034668612173
2,0.7750159711443083,5,79.82903759053546
3,0.730400809473007,1,46.05416418893067
2,0.8085056862453368,1,41.23522859635893
1,0.8466196284821026,4,47.168864392007286
4,0.5323237366287146,1,36.16955585297358
4,0.8987924213513743,1,22.763545922993792
4,0.5387230286221317,5,66.7702492170796
3,0.7583331778411306,3,50.04757749906024
4,0.7296531741973755,4,47.40222626757232
1,0.7843467444007721,4,49.66827839793075
1,0.5160931513352467,4,63.93266670852661
0,0.9090141041776407,2,25.1209553132571
4,0.6546134410133714,5,59.72978441290582
4,0.8316472119222642,5,59.86160266123876
1,0.9610929949046174,3,30.438034799661196
3,0.489188676753017,1,51.9433189698144
1,0.8413918972506893,5,48.191690556505165
3,0.7626632927445423,4,63.75391728138678
1,0.4122316188786514,2,41.26371840256803
1,0.6797618859460377,1,34.55806295463757
2,0.47713341279543187,4,91.54166446817446
0,0.5007520211263128,1,38.52060986364106
2,0.5975904768216437,4,71.07942955242945
3,0.925476563711001,2,38.14939563795405
2,0.6210949741238311,5,86.87126943468137
2,0.5227301500490222,5,96.31209640272677
1,0.7803151733802205,4,45.75299159620823
4,0.44244136255340727,3,59.00237127566496
4,0.9804368842976438,3,32.85445782791638
1,0.8043353364020145,3,43.392073541272175
3,0.9228233072172212,4,64.03307145758141
1,0.7529665147199562,4,50.06490138875031
0,0.8573785802075351,2,23.254306778717616
0,0.6578620175831251,3,47.450777421827375
4,0.7714622564199961,5,57.01045825838421
4,0.9115224478273686,3,28.39307078531156
0,0.4514357810007279,1,40.487687356866914
1,0.5867248084375487,2,44.130584729813194
1,0.91586959106417,5,46.807622009620644
2,0.47106337755252703,5,93.17250257934502
4,0.9985658745352406,2,21.103538751450422
4,0.5652264088347809,2,43.18388731362268
2,0.8972340725394259,1,42.08813639835443
4,0.5840996689825865,2,45.66619519599533
4,0.8941314488811897,1,19.432426565277872
0,0.4856408072285772,4,62.20254280875272
4,0.8386861977021773,1,13.9524772694744
2,0.5358981359959618,1,57.62728627822306
2,0.7380524301336968,1,47.67438886028446
2,0.5589018777003333,1,60.40371388718282
3,0.8816729267784099,5,64.55551207107113
4,0.8097873324216532,3,36.32641407670145
1,0.5507316065515548,1,39.11705528270546
1,0.9221028386013637,4,31.79370146503021
1,0.5346535105934448,5,65.52702143383472
4,0.8968075114763231,4,40.913709327313526
4,0.5719325887426084,2,41.77656127678656
3,0.4498508059635152,4,75.4432141259908
1,0.44404263807061867,3,63.48635111219923
1,0.9844800556429224,4,38.485783633059654
0,0.9909726136745245,3,32.234265091439454
2,0.7990012575047811,1,44.300773124772974
2,0.8913972256207812,5,79.9632027904
3,0.9166357939296593,4,57.92430545805538
2,0.8995938299341595,4,73.98118840570184
1,0.8238174526139128,4,46.8028940552853
0,0.7887176691879918,3,44.541180139686624
1,0.9721332706325163,3,36.10308650531136
2,0.9666179468606255,2,43.659727139944586
4,0.6400925198762579,2,33.402963367870356
1,0.544552080962065,1,31.690487178869876
1,0.5721505192516776,1,39.09629236101387
0,0.6152888223155444,3,49.336389167598746
3,0.4191264551342185,5,84.62089097922726
0,0.6069584099070154,2,41.17868628788209
1,0.5822200463774934,1,32.71032439365186
0,0.7945265004382531,2,40.09274469594793
0,0.4197802693340841,3,57.53937671383341
0,0.5215190459223487,4,54.54049153999955
4,0.7337269053741985,2,41.71150375024929
3,0.7268039741679337,5,73.5317004936048
3,0.7154825561899475,1,43.74325485830074
3,0.8493162386852058,4,53.780759886871735
0,0.5537004199640875,2,40.94212800741061
2,0.8535728089152107,5,71.33241355100407
4,0.61081490495615,1,31.631424576976105
0,0.7606878530050296,5,50.3208622161941
0,0.4770217613168951,1,33.45121777798714
1,0.9730719400967338,3,21.479329340167013
4,0.46080336202915984,4,62.44046926733033
4,0.6087312232117764,2,34.039955878771664
4,0.6708097302814646,5,53.26699785123922
0,0.9220158494674398,5,47.582088531004445
1,0.5824914561672339,2,40.667714950557496
3,0.5432136911289143,4,80.1295220694626
0,0.49737422188318986,1,32.58917092245959
2,0.550315874637346,1,54.52150664335782
1,0.9937620429034377,4,35.26305458705923
4,0.6507862838764118,5,55.524915476233495
4,0.8588478573989864,3,33.59369628608083
0,0.47391261309407434,5,71.03171187814179
4,0.875236594295309,2,27.206858742455395
1,0.9243870555355147,5,47.145098217185996
2,0.8247451790361172,2,50.36514837603483
0,0.6179549116354003,2,32.336760775230985
3,0.6099841619651163,3,67.95735813860733
1,0.5007509619033405,5,69.03741046024267
4,0.9223913449819613,3,37.020871784813835
4,0.445286826530344,4,61.89435591910778
2,0.9541436218461395,1,44.52521671693772
0,0.5764477179970393,1,37.381311567405916
2,0.840020284678429,1,43.345608702743775
4,0.512228648556776,5,66.67467741549687
0,0.550858000706665,1,40.38336256958006
4,0.8087143745395784,2,29.77652624353604
1,0.8422306480947235,3,37.123138079888385
0,0.5238054138276871,4,65.26065611139819
2,0.4070156003730876,4,82.81696351279005
2,0.5212959274197165,1,64.31534789687512
0,0.8752978250682122,4,38.66957844412859
1,0.44941468338625273,5,69.94152718355485
4,0.9976874198790079,5,46.35886117412262
2,0.4520333253343052,1,68.83811319785356
4,0.6927510853795169,1,35.04458174282402
4,0.520558220521231,3,47.32833451165153
3,0.7409838777677127,1,38.3239091451984
2,0.5582122963699363,2,61.01907353076209
1,0.5365342316683438,3,50.55450096196096
4,0.42439556889998964,1,38.30092979708489
2,0.705530419370098,1,54.23833220273805
2,0.841239499326284,1,44.37077989237668
0,0.6219455533457288,3,44.03643713966902
1,0.6072467182112701,2,41.08171938284971
3,0.4861430700217965,4,77.13978823667624
4,0.709734830019481,2,31.205608491561712
1,0.4312936151331907,4,67.73685195634438
0,0.6064994270398776,4,54.76020140988019
0,0.7903437585787898,2,33.3682833633754
4,0.7776815415978171,3,38.58899900991114
2,0.9143756172209442,1,40.89299565966901
2,0.618802821284417,5,87.74226760909892
1,0.6401941461662127,1,33.070123847637035
2,0.7004992881568642,2,60.248658097549345
1,0.4548407998250007,1,34.60693468119197
4,0.503744554211729,2,40.35115598927214
4,0.43105733515470895,4,61.616058604365755
1,0.4969640270499688,3,47.1397906729333
3,0.6066341445538665,5,78.64091819202211
0,0.717984670035577,3,40.72570842715819
4,0.7593822771043337,3,45.43223357590662
1,0.4776083054589258,3,55.52497270047116
3,0.5558457097239808,5,77.14929464545817
3,0.8131700721352554,3,51.719865766598396
3,0.6489691787883596,2,49.48957106612694
4,0.7877820768931196,1,25.65978140760819
4,0.986504108821911,4,34.31687930614363
1,0.7141687576581576,4,50.51142968844667
0,0.7383691301442408,1,21.448452352377053
3,0.8707952317452154,1,35.28853186195223
4,0.6864324248681666,2,39.78257576377631
3,0.4920123540882637,2,58.314472149373145
1,0.565336141956193,1,39.069694392061294
2,0.9102213154477589,5,73.63884731419257
2,0.8992690533055525,3,59.17680371922908
2,0.7039646953617571,1,50.553718673289914
2,0.8818891495841271,4,61.41840251816271
1,0.8265510688896974,5,46.52388577111748
4,0.6728876372490329,1,26.219259423445354
1,0.8941135332563198,1,26.30317273315727
2,0.5765882441705247,1,53.09035400573378
3,0.6992076332725095,5,73.78657358909358
2,0.6140210139221864,1,59.490518912424925
1,0.9523355443611644,3,29.2762380221964
3,0.6442693289376186,2,45.913208028050875
0,0.826200488408183,1,21.10134271419265
4,0.6110067340340685,5,69.66701284190268
1,0.8794510289623607,3,33.55839579301797
3,0.6747458344057193,5,77.12894439061513
0,0.5675254334810754,5,70.92912852114742
0,0.7880664285750589,4,47.81072327512963
4,0.9791348836330663,3,29.67424941608239
3,0.7888334123674561,2,49.04375558245748
1,0.6808352894377269,4,56.604107804550296
3,0.4168625313348017,5,92.4751688341741
3,0.8205692637489481,2,49.74237340634243
2,0.7840666252549011,5,73.63591301980932
3,0.4376177620643838,5,87.49548483795735
0,0.6289504263042073,2,35.08171872026208
4,0.6165823614049999,5,71.28297587719123
2,0.768221266577737,3,68.43612603908382
3,0.679354432507177,3,59.10356439938938
1,0.5235267279349458,2,47.767564633543465
4,0.5795288127760314,5,62.48142092900913
0,0.8044992589062848,5,55.70463859451743
3,0.5943852888951011,1,48.43611719249013
0,0.8600333066353341,2,30.498405612579305
4,0.6346591956694699,1,36.85257446521406
3,0.6683962611065044,3,64.76812654330513
1,0.8064677803750773,1,14.68772504263241
3,0.8658983219175396,2,49.41704539925358
3,0.416829814034894,4,80.35683746702479
0,0.6184818749317096,2,41.38758065115952
1,0.8226720030753072,5,55.44940360975844
0,0.8774117824775236,4,39.752425239280974
2,0.9860675179897528,2,48.49906109630266
0,0.49522040647563303,3,54.191126742008024
3,0.5899308367258529,4,68.83016833572177
4,0.4921575047509388,3,51.57952231304232
0,0.8740294359844785,5,56.25451520246705
0,0.9844096991505561,5,48.646025225307696
1,0.5665304949867721,5,66.15713501134216
2,0.6666553336315224,4,74.03355571176458
0,0.5221579970358585,1,37.207369041968946
2,0.5531339223713586,4,76.35651119059678
0,0.5187237570615418,2,40.5708786881862
0,0.7223977909654347,1,25.78779902182603
1,0.8267430495120482,1,18.482883707478386
0,0.8123842774914896,3,39.71343780665983
3,0.4208234268454339,1,57.073852136321364
2,0.4469718170652896,3,74.80608251049304
3,0.6010661212854271,3,63.75627227925593
3,0.7478045565920373,1,47.545321337953936
4,0.8110587650476426,3,34.712021004176776
1,0.4738697812903319,4,64.19900696074279
0,0.51781837894746,4,61.74417627633059
3,0.5590250559764496,3,65.40915424976849
1,0.6179198760035779,2,38.50885104986494
0,0.6975145374670353,3,46.65318908910761
2,0.4439229798557445,1,62.929889965371636
1,0.4480904836720431,1,38.34106406626776
1,0.9480812453734891,2,21.721709690939534
2,0.834466180262129,5,77.08578677765952
0,0.5817360575736298,4,62.07391231893085
2,0.5326256423336556,2,70.90410826347
3,0.7141124346897294,1,48.72628822154701
2,0.9855219072030461,5,71.17092425099925
4,0.6136350859906122,3,44.05207673800006
4,0.6654053314146675,2,40.60542553743483
4,0.5110864329819548,5,70.69147139516802
2,0.9079917729135046,5,70.94248607917066
3,0.6699999685651343,3,63.196021873855656
2,0.4578445710720557,3,78.01121258028417
2,0.8405502553676847,5,78.19234895145253
1,0.8849002239678059,2,26.28381931666584
2,0.7700215042327752,2,56.3880088683629
4,0.7154014823506871,1,33.34122496963421
1,0.6329030797691895,5,61.53164430677538
2,0.44975273794788356,2,69.72283749775278
3,0.8487385224842907,3,51.564895553927556
2,0.7175059084141233,1,53.38706716983625
3,0.9843843875281052,1,31.55235586957521
2,0.8459791805499174,1,47.39309033207669
3,0.439410938046018,3,77.27540387376906
1,0.9601361815221685,3,36.065611387914366
3,0.7074974961684017,2,50.18103169671734
0,0.8390718788033331,3,35.899248081998
0,0.7764566806859765,5,59.92798005499988
3,0.8276397920110419,4,65.0884635159393
4,0.8264178239195341,5,54.44513797762915
4,0.8131184682567045,3,34.82882795704606
4,0.8150388412653886,2,32.36054087015979
2,0.5941204788513986,2,65.32248890502169
0,0.9966192364060151,4,38.62720064957237
4,0.6779618454209722,5,60.94745507858241
1,0.8967531968826479,3,35.4090449434284
3,0.5405927930842087,5,77.87568772552488
0,0.6209724431151447,1,35.877519967112214
4,0.9644712296237603,5,48.247261811187734
4,0.991683445216521,4,32.41307044625001
0,0.4878841617724897,5,65.82666420345866
1,0.4240667283792375,2,53.341573926784825
4,0.4165398423675373,3,51.23774416882802
1,0.544636044962394,1,36.93089704681754
2,0.8131578153303607,4,73.25714480689989
0,0.6369143706123248,4,44.76637611702229
3,0.42287382054042477,5,88.31738414709908
2,0.8783091292263959,5,76.11035727540306
0,0.4269500058122079,3,52.020814143029675
2,0.8304772026019254,2,50.12640635487238
0,0.824933044628612,1,20.025268175860013
2,0.5662059823809888,5,98.69310090029026
0,0.9813999443010891,4,38.32306437918637
0,0.6577331980246628,5,56.65401754867071
2,0.7212422748632519,3,68.85768543703827
1,0.9368918358483806,3,38.158384534533596
1,0.613219135711168,2,40.3226951324178
0,0.517746652182134,4,69.16364837249331
0,0.5650591479872967,2,44.95478050253281
0,0.5599992231414658,3,46.74912267611137
3,0.41568017731912615,3,71.83366514541949
2,0.8398167704150941,1,38.78189070050692
3,0.6609637123827814,2,56.73139019487297
4,0.9040765298898868,2,25.550791964106793
1,0.7816365844941608,3,38.0149232419073
0,0.7862503493059294,1,18.645323955511387
2,0.46393822919444383,5,94.03348673261988
1,0.4466961666451499,5,70.09383820195423
0,0.9693828031377386,2,21.639266454148206
4,0.8507405804842256,2,22.221638255184416
1,0.45361606554813855,1,40.32927783057495
1,0.5341093237203793,2,41.194362305350225
4,0.6381082183331267,3,44.17107206758243
1,0.6124885756950864,5,62.27718936226477
1,0.6195605804194306,4,57.59739953880259
4,0.7670167420422558,4,50.43098227713489
2,0.9751725763009876,2,41.171463906352805
2,0.4165396177383987,4,90.3666682403816
4,0.4355907055168252,3,56.31951238871008
3,0.6878741343957945,1,43.06823536434879
2,0.6019334522413039,3,70.218990795194
1,0.9976360140093115,3,30.130073608638465
2,0.7017348364225955,1,53.3311283208728
4,0.4530419951909995,5,61.84079729441375
4,0.6541529234120618,5,57.48305464332081
0,0.670383169526916,5,63.22691390584357
0,0.8753678016043649,3,36.20619937142553
4,0.5750570718826905,1,34.673079199897984
1,0.5728635979477056,1,36.006412150750045
0,0.8976577634906249,4,46.719408230450966
2,0.9178639168708413,2,36.68404021078804
1,0.5409999512764426,4,55.61002403881686
1,0.7249167114481895,3,37.74602968525994
4,0.41295197847110493,4,65.51563919856389
1,0.6778220165288797,2,33.453266532713904
4,0.8688767093212584,3,41.38695891422357
2,0.4473221124401624,5,97.07222279392128
1,0.4021612713274848,4,67.81036870602391
2,0.5393985945727774,1,61.62512819318574
3,0.5545801370399918,4,72.72653003040938
4,0.49353073268585157,4,65.21436908270623
3,0.50800364331961,1,48.45977310548606
0,0.7853000229608622,4,51.11562112736645
4,0.8241541737070716,5,56.73445800169471
4,0.40626091509514517,5,77.25697363092011
0,0.9469535583780416,3,26.840166400852493
1,0.6752836374804407,2,43.08274418636705
2,0.8856229248632318,5,75.66816291776853
0,0.9817031716898709,1,7.510859923175489
1,0.5912853255459289,5,61.871729611972974
2,0.8166066233430571,3,53.47665452666885
4,0.5063789448446653,2,49.54579581833326
2,0.4037306339264095,1,61.324145183667866
4,0.9957610108609071,1,21.05606087831395
3,0.7316058379037564,2,43.92858386318879
0,0.6429314711530595,1,33.65246952031919
2,0.933328697566515,3,50.75129186217233
2,0.7058071472623297,4,73.0427552917596
4,0.4211378480974029,2,47.09825242001472
2,0.44880528622296295,5,94.70852192534183
1,0.5026884705054787,1,42.36304885247877
1,0.41957150185933945,1,45.70568213528871
3,0.8801182993773147,2,37.54808039419212
0,0.46591329593458647,1,34.81511823574478
0,0.9693297627071028,4,36.88468914459917
3,0.5859111999950368,3,67.70456892861883
3,0.47603921112282643,3,73.9587812571946
2,0.5695235177183088,3,72.4509319075465
4,0.5811050226422034,1,34.671841887597736
2,0.4193936055840592,4,91.1662485798928
4,0.6114209220544472,1,29.812243862789973
2,0.5365258482117282,4,83.38842579132596
1,0.9988946063154768,2,27.689425271047483
1,0.852816317249186,2,31.187079916377535
3,0.47764607316812735,3,72.20359119870787
3,0.5259407878026291,3,72.75815007873459
1,0.6329787320152962,4,54.63215273160848
2,0.43108711613975026,3,80.15696236058243
1,0.6080792361082786,2,35.426307704433256
2,0.6463592574194132,5,79.44873998057848
1,0.8081065708550712,1,20.33899684106676
2,0.6031258988666802,3,73.79751689384993
4,0.8517292905281075,4,50.253281358546914
0,0.9617349388874222,3,29.051839482139055
4,0.8514208179607277,5,49.22389066090477
0,0.5390930098986455,2,44.57025189168156
4,0.5568540372103423,2,46.535041478287816
0,0.6391218024896554,1,37.52451106556836
4,0.9918651030915931,5,49.009903337072835
3,0.9439817714623127,1,30.708699355045177
1,0.43693156997372845,3,60.53346322151738
3,0.618288368512353,5,80.29740808247287
0,0.5474563569900127,3,49.257786315168175
3,0.6017765361729006,3,66.02045015676221
3,0.7541111294559619,2,52.172512349635795
1,0.777556447189365,1,23.447158952922706
0,0.538006997690314,4,57.46449689089226
2,0.5210256733154381,5,90.54131365883494
1,0.5673335022805295,3,45.012902503254736
1,0.8070293907851136,4,43.42641766860143
3,0.869251955364531,1,32.24057923949118
3,0.518254357910667,2,63.65765819426186
2,0.9817020345716818,1,39.65696862247961
1,0.43833578864209705,3,53.0951220972512
1,0.9708925043136488,4,42.854929891099445
0,0.8399706135832432,4,48.90330815692134
1,0.7815945870539911,4,47.551494819792794
4,0.41823350161571765,4,64.96325280575923
4,0.5089150716706299,5,65.27204403392959
2,0.9359685825892496,2,44.10445411429583
2,0.5920925596270334,5,84.85625963784953
2,0.4623454713888993,2,68.16892909745802
0,0.43680899096150066,5,72.09002068621318
4,0.6386962881026564,1,32.02950763562259
0,0.6023737399149723,5,68.27060576357518
2,0.9265024395567623,2,48.392816348514216
2,0.9429862324475604,2,47.71682435156194
0,0.8157488591538002,3,32.55524438894803
2,0.9999111363239909,3,45.681461197918516
3,0.8819596630627753,3,53.8931517223133
1,0.4252466047890039,1,38.6552485776103
2,0.7762081897256519,4,76.33161943837673
2,0.6276755905058427,3,72.73645417640887
3,0.881057971875772,2,42.48272955234411
2,0.8179943398426548,5,82.90091802973707
0,0.5090774783199754,4,57.821121691255314
2,0.7543872149159849,3,67.96983737683416
1,0.5254798890276046,3,50.72631185911303
4,0.9991575286330879,2,18.035695229639355
0,0.4101733744620339,2,54.27306696831875
3,0.9460884016462213,4,55.7836391374316
0,0.6142463233044615,1,31.068201157090275
2,0.6472410940075461,1,57.98232985588653
1,0.42844455992855984,4,67.31381519220433
3,0.9215560587716711,5,58.144511354476485
1,0.8084501597429117,2,34.122117276355716
3,0.588620322617481,1,59.27932044254209
0,0.8928746343721665,3,36.22033040226296
1,0.6283445971915069,5,62.47554453706557
1,0.874483295933074,3,42.10463364212558
4,0.6425758041894856,2,31.643958732613086
2,0.4620040574449733,5,89.37151038783298
1,0.9019179128185066,5,47.77252798963346
1,0.8400659204091987,1,18.013618387068245
0,0.8667366892286003,4,50.22600064334013
2,0.5831589732262282,4,82.26048114886164
4,0.5158520408837836,4,61.20713087368338
3,0.8744209860137413,5,69.04949039158036
1,0.6254290919993448,5,67.03021375499014
4,0.7503360621329074,2,29.36644668064619
3,0.9739534638892996,2,29.925384355390634
0,0.8080723904294473,1,20.824271080536906
0,0.9176907974064994,4,43.51078287898287
1,0.6919323309358915,2,33.823135224605295
2,0.5221030349205926,5,93.98604790333786
4,0.6265254958596,2,42.015299913281254
0,0.7839029793536302,4,45.31144500285779
2,0.8724683916833048,2,50.61573454977659
1,0.606618275020831,3,49.62183804410266
3,0.5148784268035204,2,62.27926437376246
4,0.921716875884507,5,53.477502605802655
3,0.7153372410668017,5,79.52112974521725
3,0.5015318302639641,1,52.89072369825141
2,0.7736317335494884,5,82.37998627997503
0,0.5684154704308183,4,53.385693638663064
4,0.8960218222111472,1,18.976180743044665
4,0.7586075514892272,2,29.639852996948026
4,0.605131218799921,4,55.96664661705339
4,0.939163479563473,4,43.5415420096156
3,0.9156714300975299,4,59.90278304108689
0,0.848209250732617,3,32.323397609644736
4,0.7748402376447359,1,19.727580131617437
0,0.7842389578885725,2,32.266608338378326
0,0.8237220013119932,5,56.7695936667378
4,0.9494453862612875,5,47.28468711214379
4,0.49169139815197166,3,48.94301863233573
3,0.5617925048766955,2,63.39108421925933
4,0.9067757833368024,4,40.58290557394923
0,0.714524042950017,4,51.62403371746867
1,0.6344715640177414,3,43.81086198882407
3,0.758668959356672,1,43.65813907135934
0,0.6574356954059708,1,30.371012552611948
1,0.7988447845223191,3,38.98714138345626
0,0.6144340914335247,3,47.19882467030978
3,0.6669530536525374,1,48.549300868538694
2,0.6248948596092325,2,61.14637593283491
1,0.5957563505141288,2,35.91159246183927
0,0.9661443978753065,1,16.308153379606946
3,0.72885649429054,2,54.33920018686572
0,0.5266720580601776,1,38.96146560890714
4,0.9532234101133679,1,8.986321434237738
2,0.4217240673083285,4,91.3529508205971
0,0.46752101426255693,5,68.88960254205887
1,0.7670791872882147,2,36.1775215352092
1,0.44036933101734016,2,39.14259243805994
3,0.4208122417745018,5,86.82163036547908
3,0.6381904135038441,2,58.16912971098532
2,0.8235357948246858,2,55.345452650683924
2,0.6243997857027842,2,61.28884707598806
3,0.5108927751967397,1,60.59206505787072
3,0.6016150711084993,2,53.76920503532414
3,0.9123028101991911,3,50.072812334216664
4,0.606934040928267,3,52.70879166862714
3,0.7313544648585553,5,73.32505167090822
4,0.4782119563381054,3,51.076395243236384
1,0.45582124774582,1,44.764023634976525
0,0.5368664482235866,3,54.09657946094812
0,0.9484347829931365,3,28.747196733927968
3,0.9344035906469988,2,38.911400194880606
4,0.6821219933104301,4,54.123321238705714
2,0.40397969329130773,5,93.51570337385718
2,0.7768841033492667,3,67.73875238636148
2,0.4026128736707546,4,85.86648798041001
0,0.5651756375182501,3,52.56485578483426
4,0.5202053201547828,1,34.13461903316673
0,0.5231513999953926,2,36.703047663826105
3,0.7730055521580363,4,57.404803498841304
3,0.9291595877481775,4,57.90670934758095
1,0.6729295373236901,3,47.907825837730655
0,0.8358132929972488,4,45.24512697913099
4,0.5657657698630764,4,55.04682854449502
3,0.7355615967638045,3,56.55869772287138
0,0.9553169470083963,3,39.05934531593003
4,0.6056880987330471,5,67.0266638386845
1,0.46642876749188233,1,44.779468494377525
0,0.5773803914439581,5,55.48295474610441
3,0.9561688053839137,4,54.55199337025272
1,0.4487338582207051,4,65.59430561994601
3,0.6729335265586525,5,77.84793019161529
0,0.9098183883002593,2,21.58875757052029
0,0.9331023996118217,5,47.29501269006808
0,0.511477008164929,3,51.8712187476646
1,0.7154863245787875,2,29.776268183082276
4,0.7052048894079468,5,62.09677569690135
1,0.8033459721171677,2,36.50187171195814
2,0.9491761833437626,5,65.63070493867393
1,0.9140775328858913,4,40.89375458312025
4,0.5114937183018006,1,40.34457863550394
1,0.9421701338711543,1,11.223051895317706
4,0.779474567509622,2,31.949425462838335
2,0.46601963071698443,5,95.97229735707364
3,0.4458377616824693,1,48.737891845779245
3,0.7068600847271639,1,40.94046830435379
0,0.8129599086120085,2,28.580957695164926
2,0.8601564903634018,3,62.564538962669964
4,0.938980521682878,5,49.764558964547334
2,0.8864744524358308,1,41.78097043123112
2,0.77175839176966,1,44.68699539440438
4,0.7092554509027541,4,54.39263291213666
3,0.4690715899306188,3,63.77191047186409
0,0.6416293113748918,5,69.1989614044383
0,0.6930689899631621,1,26.50458511665318
4,0.8060482910356249,1,21.053424369515398
4,0.8632450616726731,3,31.875482717483443
0,0.7135090329534723,2,37.81452620837101
4,0.4842920898460027,2,47.51913248315653
3,0.48231643434548205,3,70.38521773895336
4,0.6536794352036868,2,35.491780554562645
3,0.4933979904705613,2,59.5708768619333
2,0.8827858106992712,1,41.343835681452994
0,0.9683787570756804,1,15.008871412045327
0,0.9189057852291602,2,23.923556919898665
0,0.4677183247099288,1,43.97029910435094
3,0.5492940141919803,4,70.4789059356367
3,0.7743183395170978,1,38.57433629575265
4,0.9359534797622973,1,10.906540804291737
1,0.4446544524716844,2,51.72170528397173
1,0.5330600240998612,2,40.52289372153406
2,0.4273660637543869,3,84.38403617263317
0,0.7673369613471519,2,29.12872667198066
3,0.9939495955057954,1,30.048229319653334
0,0.5733858142175856,5,68.26724043917928
1,0.6037576598340139,5,65.48302680882193
0,0.7853140818628721,1,23.054065315580736
2,0.43106978105769544,5,97.74351660123484
4,0.9385594472601175,4,38.61967782511219
4,0.5792670043199403,4,58.82406055275505
2,0.6486714044032156,5,85.8485038962906
0,0.9398030143853083,5,49.25708517328545
0,0.8650964325943782,2,30.680888769618406
3,0.5257908658507683,4,79.80088600515975
0,0.9335496024134053,1,17.880714644373107
0,0.7458742140261125,4,57.4210046685245
2,0.6356559363932,1,55.49288108209177
1,0.8018614591190985,5,52.430637209424646
1,0.653826722570265,5,65.90580385474888
2,0.4555456824830224,5,96.98563029875349
3,0.8003833843720757,1,44.09455014463134
3,0.42703360592145495,5,85.69721754419892
3,0.6744617782410482,4,73.44986685561643
1,0.8149661745671808,4,50.31621745605048
2,0.6078577276310793,2,67.17410056644428
0,0.8912066618626175,2,26.13791558158213
1,0.6159735940216049,1,28.95745074722658
0,0.4645750425132806,5,76.31842029379447
0,0.5281139734958533,5,70.70098880538701
0,0.8312778595826321,2,22.610529759897393
2,0.5525406063361343,3,76.31318440392367
0,0.4866814303847287,5,71.50898308894361
2,0.8886262090662833,4,64.69884078573354
3,0.5052665761695259,4,78.38591266062102
2,0.533574110587852,2,64.94005603413646
0,0.8304949090242515,4,46.22123235022425
4,0.7218712147674947,5,53.5484812154996
2,0.8699064286983444,4,62.847791925954176
3,0.43998320837723714,2,59.03614416534261
1,0.5981461555144223,4,53.217488819584716
2,0.7692521583491082,4,69.13203098945378
1,0.48385999864296825,5,74.3888938483454
2,0.44818671414135836,2,72.8362434435308
3,0.684996295083593,2,56.76569030048039
4,0.9311293798814765,1,15.751550206695818
0,0.6973621195192242,1,21.426405834553574
3,0.7194585734445359,5,76.14030618520538
3,0.6431443530880131,1,38.05036380943572
4,0.5099329217379915,4,63.10411838140865
1,0.551122892875282,5,63.939935055065135
1,0.5955480128692368,2,42.309694068801896
3,0.862345088723599,4,62.1388123330814
1,0.7040703605921208,5,56.279889357767885
2,0.853726301193352,3,62.43037403613823
1,0.6380986587532782,5,60.492685711168015
2,0.6557314792714324,5,84.95444511838102
4,0.6277045719646192,4,55.161363473388526
2,0.9079289394363157,3,66.45238996229382
4,0.46849858701258235,3,52.86725832820669
4,0.737548761954284,2,31.669847544753086
0,0.7764515586390494,1,29.979761948487404
0,0.560904110910099,1,39.93094729857289
4,0.7127122892052816,4,50.395495405786605
0,0.700311872224599,4,56.72813472993945
1,0.8089285113753659,4,50.167647395999296
3,0.8800000921420521,2,44.062783742743484
2,0.9896439344858593,2,47.77345194444791
2,0.6467360171116742,4,80.45144668371152
2,0.7454117517089859,3,72.08064246118943
0,0.4933883877564676,4,64.60233759319529
1,0.7754203601359269,4,42.966725415595064
0,0.4807866012212604,2,39.74054475777497
3,0.8577519156150983,1,37.953600699919605
3,0.8851156812147531,1,42.72862487427647
1,0.6121162245177123,4,59.93931611850199
1,0.8526889333565341,5,51.605240833181256
4,0.8877674276597738,4,43.124197589439994
3,0.8000152089240509,4,63.81709518008387
0,0.5390411895739691,2,33.66619040050767
2,0.46374665396938847,5,92.21725658979648
4,0.9803951293112934,4,39.062728779490115
1,0.6965585267392123,4,52.02232293278012
3,0.7760322555454833,3,60.76166751782202
3,0.45428476774161985,3,76.48663779382738
4,0.644156645343053,2,36.18869677905701
3,0.9602600682836268,2,46.79105905593915
4,0.8719156616506019,1,16.62764563266781
4,0.9026767942546227,5,49.97397004552951
1,0.47464476607029893,2,46.74732130846541
2,0.6029667930929037,5,88.55562420699054
3,0.6500384719641996,4,67.13220553325374
3,0.6080343482506568,1,47.57511688267215
3,0.9106895267317366,5,66.86558914039725
0,0.6117482660921817,3,40.831040291178155
3,0.8952908225802396,5,65.33554189532944
4,0.6318141764214964,2,37.92110026372751
1,0.7499396313977187,1,17.219255726715105
0,0.7376055808277402,5,58.555323686670704
4,0.9140981557458913,4,34.250830572219876
4,0.544430205181692,4,60.461731587822506
4,0.43156488954760447,3,55.67791071994181
0,0.9087627736377457,4,39.86678875170544
2,0.6897237750496055,3,68.7022838107863
0,0.5593002475391405,2,39.854785243368106
3,0.8320313763442652,4,54.25255135670768
3,0.7340651617440845,3,51.71947387445472
3,0.7862611403263411,2,45.61907091506388
2,0.517846880935024,4,94.44154396367628
3,0.9480702975988643,1,25.99533412724939
2,0.8747496486137487,3,49.56273580582874
3,0.5332253679860318,4,76.00368001935935
1,0.6987397245747282,4,43.340697960051685
0,0.48414019953567566,3,61.90394565500528
0,0.875385126479094,4,40.03875825161382
1,0.8509885580494371,5,49.55316733770818
2,0.7959631676823167,5,76.98157207133075
0,0.9666608562165284,4,38.157734537548
1,0.9261910010617906,1,13.724973587200543
3,0.9887937362014902,1,24.26220323504401
4,0.5036346694280909,2,46.72294315303235
4,0.9016254352706862,3,28.07156671625579
4,0.7928026382692805,5,57.62215764846697
2,0.9725932463553217,5,72.4846079117787
3,0.6496531695539699,4,71.05340164617532
4,0.7142672870643936,3,49.16584802456914
0,0.6300402810524077,1,37.43415258422233
2,0.5937446811798197,1,56.0632496665963
4,0.5102494515117515,5,69.14269563295842
3,0.5148169215004239,5,85.46711273884655
4,0.7559198846190784,5,54.67959560973991
2,0.8272169941070063,1,46.31806117832861
3,0.5309231965486874,5,92.57202815707076
0,0.9480911491503994,1,15.482141772234067
2,0.8141315569050085,4,64.79330134197126
3,0.4593302356898098,4,74.47780422513834
3,0.5797756871269863,3,70.04607861043041
2,0.5130010194861121,2,65.64963684155623
4,0.5792980239180973,5,68.1369845135776
0,0.6497062762054767,5,61.7692824511639
1,0.6847254301881833,1,31.760757327936815
2,0.7767089284821105,5,72.28413391281785
1,0.5370440212636326,2,48.176068939500354
4,0.9927481958070711,3,39.301788591215754
4,0.98488412159614,1,13.7489398080959
2,0.5951401754456518,2,65.07301171251949
0,0.7970320593681541,4,45.09621104166505
3,0.6917162866642801,3,58.72727248155818
0,0.8198790197509178,1,21.520413633551883
0,0.48608521339419497,5,67.62371457119254
1,0.9154586314995028,5,44.700873010716634
3,0.8483053659291464,4,59.826772203217175
3,0.5519347636148602,5,87.22678724981144
2,0.45744455531848366,3,78.66068711226684
4,0.9187305856189913,1,14.780565160202743
3,0.9906157461912631,3,40.55859522463991
3,0.6483937400815549,3,64.43990630508344
3,0.6680859338648732,3,61.53219463455981
1,0.5560138074175736,1,37.71848510377701
2,0.564877436491819,2,70.38511639292582
3,0.857912588562207,1,30.141152107784222
4,0.6019570872916655,5,63.129166668388336
2,0.6422049432281011,3,68.23355719769543
1,0.8500566832599911,5,50.05013398286414
0,0.4561324673821152,5,68.50622390969295
2,0.9728663388052592,5,76.11590729943053
1,0.9937350764038083,5,40.53375502839714
1,0.8523009557682504,3,30.661663534618214
3,0.40536504547284324,3,79.00086832122787
2,0.826994184396703,3,61.502863396981226
4,0.7464289370416539,4,48.1557949892433
1,0.9728839062654763,4,40.83403907878002
3,0.5178877319067148,2,65.68520345199641
3,0.7666061728317131,2,50.98789849618216
4,0.7873257523518988,4,38.905980763101226
3,0.8301287303757041,5,64.87440376305973
4,0.8202196270455224,5,45.50575696607735
3,0.8842739664891487,5,61.052070947373025
4,0.6146553463019034,3,46.22217013717306
3,0.7179781864431313,5,72.99927532654687
3,0.803804348667561,4,55.170635557668525
2,0.5551724242012732,2,60.849906472725166
2,0.8397091675860742,4,75.04670151166594
4,0.7940100419861043,3,36.80385521732923
0,0.6142983552328748,4,60.76142319000485
0,0.8152181324350642,3,35.3715157431914
4,0.6879477025762644,2,36.65421872936756
1,0.8837751215986136,3,35.66073499169195
0,0.6652787808315638,5,61.105126592549595
1,0.8878770523654531,3,34.52418597872197
1,0.9023522615972767,5,50.36681546288276
3,0.4951715657572029,2,57.39849458502317
4,0.7125828335936132,1,20.239265177459124
1,0.45661683435230815,2,48.4778704347778
4,0.516769940438412,5,70.12936100832485
2,0.4639016975413887,3,81.6360360977506
1,0.48800445109394835,4,57.57549095571117
3,0.5393258305255739,5,85.58747273772465
4,0.43323016613051296,3,57.02017975836652
4,0.7500947773843547,5,58.86710852422
2,0.674600393628391,5,87.5379381470506
4,0.6600308453372681,4,56.688578560476714
1,0.5635768973864732,4,63.06131245569024
2,0.4962558504060982,5,97.6006927355293
3,0.6384066961142829,3,62.293526719239054
3,0.6323707973171131,2,57.456859088965295
4,0.4536434500301317,3,53.9017735890804
0,0.7816726774008336,4,47.364451945506545
2,0.8804180515376561,1,43.655629912330674
3,0.6687244905151852,3,63.6356379878537
1,0.5402321618047818,1,31.558378808950415
2,0.9633666054800752,5,79.25921350093311
0,0.9176368063118019,5,50.14526019069679
0,0.506225531794729,4,59.10614069938585
3,0.4229936457421842,3,70.34219870565155
4,0.6766751100339696,4,59.762586271898805
3,0.5299430434322161,2,61.077931924237376
4,0.8577831240594683,2,27.544699290620603
3,0.7369649757101668,1,46.066717112723516
0,0.6909567931921312,2,36.95544391857847
2,0.701414630967267,2,54.495243250989446
1,0.9741644890746273,2,19.974532251858847
4,0.5653395827173784,5,65.67580529826739
4,0.9376244991002767,5,53.01472852153083
3,0.8591384048694478,4,57.649413683706925
0,0.5819137325595571,3,40.59048828710971
2,0.6141085729283453,5,81.51745033637587
4,0.97730934299728,2,20.263774529338875
2,0.4582592395410558,2,76.48358011091324
1,0.6006607295522867,3,52.780969548492344
1,0.6701465310348687,4,60.19536982345094
3,0.7267263645943491,2,47.3993051952841
0,0.6053993625224529,3,47.60994654108619
3,0.6716304452918935,5,72.30368397997974
2,0.4532633198549696,4,92.00169726516683
4,0.7442673474608162,5,59.99469866924237
1,0.6214146503388005,2,37.204258066312704
1,0.746351454696567,5,57.81257551429472
1,0.8545468976846597,3,35.16252434074369
0,0.4533171887041857,5,68.84040995531834
0,0.47088397652281005,4,62.58972423196808
3,0.7450483255442739,5,74.11432448114903
0,0.4398132498195246,4,65.64872115629652
1,0.47584598324008287,4,59.24223655514946
0,0.9249423369499935,1,19.9073308774855
4,0.4506255972385999,5,67.97880547028947
3,0.4080974311585829,2,68.77619020987044
3,0.6283076918477826,1,53.631919183408506
1,0.8811131298659518,4,39.967506899949235
1,0.47595647374019395,3,47.65350774636009
0,0.9400560550607159,1,24.464368711594833
4,0.9687245761287507,1,14.463035373275883
4,0.8394043223048813,3,26.8303739861263
1,0.5624003497588619,1,30.192837001521738
1,0.7119777019686873,2,39.92238227019877
3,0.7475698438823482,5,71.56879477694892
1,0.9495564283978877,4,34.02243850599915
1,0.8880117679088704,5,47.657908840030444
3,0.9548692892074963,2,38.4039542848409
3,0.9768678817333692,3,45.401764255440334
3,0.9490378691254684,4,58.635409332221876
2,0.43965099144444797,2,79.35096801695698
0,0.7548302352319398,5,52.954262225027705
0,0.6451787981097448,1,35.42330261285912
4,0.651120458035629,2,38.538881124323346
4,0.4568860834863809,1,40.38547588523945
4,0.5023549062972867,4,55.84909924540251
2,0.6352743283970846,1,54.940828198544246
2,0.8412586572028968,2,58.8622648806337
3,0.7841196330357288,5,69.60124403034712
3,0.9351370563186184,3,48.90174940985376
1,0.9201757677824735,3,34.940288969819186
1,0.43274635079187795,1,36.195802152614306
0,0.8926691672187526,2,26.952232271007546
3,0.8431089278982212,1,46.50873333333138
2,0.42809111816561396,3,85.75897855337703
1,0.6582326249564205,5,65.09206208594651
0,0.751657133035766,1,26.524087598851057
3,0.9625141016436771,1,36.8151358318759
3,0.45556080449308917,2,55.36308214848462
4,0.7888605751338706,1,22.196858684513987
2,0.8312254355469731,5,80.65850295634118
3,0.7320885099282298,1,41.910117263557204
3,0.4914996453497451,1,52.71987729981228
3,0.8765043859098388,2,42.24689539913406
2,0.5170809975630598,2,64.63265008667133
0,0.5794740933523783,3,45.41658985974765
2,0.6996369485018519,2,63.81799668088405
2,0.432368800860355,1,67.33352356898051
0,0.6459624043636681,4,56.739479772385565
0,0.9744053547621649,5,43.021894079679235
1,0.6693692038132371,5,57.48397051134178
1,0.5382939577839028,2,41.466284991245985
1,0.4965176180542043,2,45.140322839929844
0,0.9817093824777349,5,41.800557258940586
1,0.4481730170580543,3,53.07768843421502
3,0.6966687432430012,2,49.88867179849541
2,0.6098171630594327,5,89.86288711410936
4,0.689290673120385,4,44.455982484940535
2,0.8766594586653162,5,82.4270097400742
1,0.8981445912958632,4,34.81483860051875
0,0.735749369251675,1,22.074741668997166
3,0.5421126521545827,5,86.6444117361352
0,0.9892977622929904,2,14.992028578463684
0,0.5450282650459856,5,71.31672228460987
3,0.5329435829821269,1,48.72998439643858
3,0.4287264139775197,3,66.44834749552798
0,0.41561502381354476,3,56.38380912612849
3,0.4022389169585604,5,89.86455364154851
3,0.4700636270026552,4,73.99425659009941
1,0.7250513318734308,5,59.59555641252926
4,0.8730138791154132,3,32.64804847522587
4,0.6461347534843669,3,39.285102493769614
1,0.9697040189824131,4,38.2357246806032
1,0.7450219649004108,2,32.411702798741715
2,0.8735396711378511,4,68.96224354726593
4,0.5984927347250109,5,63.40819647401309
3,0.9455178601494466,4,50.22165793768289
0,0.6303697191920158,4,57.017971033476414
1,0.5009394148801094,5,65.56079679823637
0,0.4488477360233526,1,38.30656849621585
4,0.6209044481196117,1,29.428682779690266
1,0.4581467671694293,1,44.707044044929816
4,0.6564882444170173,3,45.554255742732025
3,0.7317571813721071,3,57.66499631952807
2,0.9664953410527939,5,74.95241139219657
1,0.6493723519885262,1,31.37067429355602
4,0.964183491198908,1,8.683718012948336
1,0.6700873279926904,1,21.0014520027346
1,0.6274696656233743,5,68.85729318922607
1,0.5023875781747148,2,39.77366547558518
0,0.5216020516234561,1,38.094894417747184
2,0.9664343804946208,3,54.386636618007614
3,0.41499363545331464,1,57.25888511418003
2,0.5957921091252916,1,56.889396709215355
2,0.6058911804537448,2,63.46499830251787
3,0.8580752569674445,3,49.366042064569434
3,0.9681932769482454,5,62.63193317783512
3,0.9194039590342828,2,36.314384361282265
3,0.8765941549119458,1,31.760152957397146
1,0.7668699776712636,4,56.99309004965629
2,0.9945047143573937,4,64.25956263769422
2,0.44334122010444954,5,94.83736694124701
4,0.9554571327800715,1,12.106594811384547
4,0.705306710970838,5,50.80434607526028
0,0.7803730523610901,5,54.796049178015615
1,0.7140292184851518,1,19.166340043186032
0,0.7299247086565578,2,33.58078245243875
1,0.7091563822400195,2,33.845176995992865
1,0.43159213976354704,2,45.03538155777659
2,0.5804695833831388,2,65.15922019806173
2,0.5459969856504125,3,74.87272549691447
2,0.47859348217179426,4,80.72446342956152
0,0.827779763633101,2,28.215186318262496
3,0.6219033844915758,4,71.64508662538587
3,0.409958747735098,4,82.56885811667232
0,0.9505972546358625,2,17.702869223399613
3,0.5081228992057235,2,58.163756927908466
1,0.42697945661324394,1,43.729089681641724
2,0.41008019854224365,4,90.84756888848631
1,0.866139151226639,3,33.18861833512186
4,0.6991138864705586,3,45.37713154974528
2,0.9227859139928514,5,67.56385876252897
0,0.548802752973752,5,67.81188593620384
2,0.8026058684155362,3,52.57405564843691
2,0.7011944245350541,5,85.21446752116368
0,0.47421444827779274,2,48.033997500525935
2,0.6226016900168136,4,76.5702953827483
3,0.8038999566634442,1,42.25024825069959
3,0.5970850884275518,1,52.52952521928398
2,0.7893040103828646,5,76.59686551485576
1,0.5950752280712602,2,34.3342065089471
1,0.7374977068009081,3,36.467884263443544
3,0.5466655249152177,1,57.76895809502622
2,0.8472915318957086,4,66.04712966486004
1,0.5274719310604562,5,59.94889596320608
2,0.9391548240979185,2,51.206829867312166
3,0.901530266770989,1,32.15517413951852
1,0.6016927282239505,1,38.38362808024694
3,0.9578190773541971,5,63.012929413540306
0,0.4660212474018241,5,68.59707733863004
0,0.8223966855979826,3,39.807649809990934
4,0.6006541971941122,4,61.07125117300375
0,0.5713117926964365,4,57.11307537726109
4,0.5446374221345104,3,52.809094245013334
2,0.6349552118252999,5,84.45156802495063
4,0.9723327405741401,3,27.367153347313828
2,0.8452748142122248,4,73.29503097444162
2,0.4172339289580073,1,65.00281468088774
4,0.4987678679501673,5,72.40816113013662
4,0.5934185359532844,5,67.05496060286639
4,0.536706582083095,3,51.487542747975105
2,0.6108162894421173,1,56.843937428996064
1,0.9291225015775353,4,39.38722095119894
0,0.6227042590813406,4,56.679114015736275
4,0.7873023442298862,5,62.74828689048934
4,0.688206499710565,5,63.23071830480312
0,0.753599766191755,3,45.06864365123372
2,0.9405122893097122,3,55.322323672492224
4,0.7648270830918764,4,48.31733311830612
1,0.6524074808808593,3,42.696511174665204
4,0.598189794688706,3,50.44099341184915
1,0.9593161970354143,3,39.27959623006968
2,0.5737651315509835,4,90.38334706287459
0,0.9301087774554037,1,16.854653672862792
2,0.7101751733187913,4,72.83655385592527
2,0.8993217288969205,4,71.32547978600392
3,0.5246069233203687,5,87.29848140270418
2,0.9179485666310176,3,60.3918035300892
4,0.4434676739150638,4,61.038039742938885
0,0.4206084447826761,3,59.67884880823782
3,0.4544194264699333,4,79.9669671498049
3,0.8221507212994881,1,34.035572345428804
2,0.636687865989183,1,53.0716667877788
2,0.8767672225544492,1,44.65950078070819
0,0.5721781850116294,4,56.47323347516312
0,0.6427102642655376,4,54.500383825138286
1,0.6042031927214876,4,64.52017266188703
4,0.7659121814408991,5,59.216231397422064
1,0.40165378475450436,4,61.239436931918206
2,0.9081518997941905,2,51.36349821394653
4,0.795083874199529,3,43.49556593174127
4,0.6436341874044093,4,50.90222698269124
2,0.49468700084831513,4,81.38221718360664
3,0.829513942055299,1,38.47285368508731
2,0.4366992431276418,1,66.59469325577575
0,0.6444763105957545,2,36.62476663098225
3,0.8704316321208263,3,52.901178370854346
3,0.4997407831781269,2,56.012602776070906
0,0.9977901311709487,5,41.052871445213924
0,0.5798075748610941,4,59.00043945869591
0,0.5234112037801477,1,39.29509288216084
0,0.8749958325416651,1,21.571076053240667
2,0.7937586130327103,1,41.456133786667905
2,0.5607647551659721,5,91.12736123761566
4,0.45908339400400233,3,55.27230205627686
0,0.8130365801745546,5,53.7957338036921
4,0.47551143525698236,3,58.44393651868562
0,0.47587845457300343,3,53.998826663784435
0,0.9628463545153458,1,12.4555094000456
3,0.5880352315379551,2,50.594759827484935
2,0.7843563918445731,5,77.39190410311987
4,0.7990722161022297,1,24.346778770206335
3,0.8834458825915998,5,72.03574277830651
2,0.9321281658530619,2,49.01951502751448
3,0.796868162477864,2,50.35775069713439
3,0.9539651103737344,5,58.91932529510603
0,0.7258314445199843,2,33.81262242640357
4,0.8038067037911851,2,27.138470356433373
2,0.7104518821182101,5,88.05292188164515
2,0.45731293547186497,3,77.96227427042105
0,0.4486928146700778,3,55.00772630601311
0,0.7532675779767886,5,52.43673376398483
0,0.8772686042567363,3,38.17933953298272
3,0.8966468872014681,1,30.548274091431676
1,0.6993013129599884,1,27.632790817834906
2,0.8724203557030848,5,75.14219386441266
2,0.7393491752962782,2,62.222271080413556
0,0.7547926678161938,1,26.70145734014659
1,0.43256805743139315,2,58.91048408744031
2,0.482960617362124,5,93.85226023239292
3,0.9621619075754784,4,51.571683055037376
4,0.9469940984096179,2,22.83103250578894
4,0.912702698254236,2,27.15268218442838
1,0.6229470934487398,4,53.164989682537424
0,0.6090881683147719,5,59.22892497155801
3,0.828414697430965,4,62.113633917019534
3,0.876585976228041,2,39.978252608191305
4,0.6101864336187133,3,46.12472085165357
2,0.6724200346713398,2,61.52502525164691
3,0.4619953463970897,4,78.0379172990847
3,0.8098564449231007,1,40.7161986753424
4,0.5706929125942921,4,59.7191376184767
2,0.48818903391460183,1,63.660120617740006
2,0.7093209290138529,2,57.112592990077545
1,0.5472836910577614,3,52.28612179025035
3,0.9510116018506886,1,33.37327908376518
4,0.7739992928053063,2,33.49587632929026
0,0.6665670692219701,4,52.67541430772186
1,0.8102088277115824,1,21.161996826990404
2,0.9439110748190735,4,70.6580909466896
4,0.7575830575760062,5,57.82380063841256
0,0.8576032378680012,2,24.12730895238449
4,0.6699131301540514,1,26.681211960494846
1,0.45169706477466753,2,54.489026497064444
1,0.8439042145355423,1,25.37474743042811
2,0.728400345794892,1,49.613215778312814
1,0.8916140834889157,3,32.195069349190916
1,0.5286878559113075,5,65.14924587617719
4,0.5421182415993953,5,64.95243798631229
1,0.9545588864573262,5,47.180781271042626
4,0.8504854521458385,4,45.8686691825367
0,0.8815181963561152,5,53.346038663276474
4,0.7263816607921707,1,28.530612392918798
2,0.6675001243257136,1,54.03978671907301
1,0.8910383880095698,2,30.762438033737478
1,0.41095342190666695,1,38.39768613533458
4,0.6011066276798923,2,37.84890960765556
4,0.8712749900826512,2,23.821917138486963
0,0.8121337982012954,4,39.9909079146095
0,0.9798876537678636,2,21.779784137428436
3,0.7294322852066895,4,67.05324029522532
1,0.435341103083013,5,78.37374078754355
0,0.6442067915248113,2,40.89036298124135
1,0.851275367611827,4,49.94849380897486
1,0.8319678966571087,1,16.833917991553356
3,0.7210968890191018,1,39.46280112088425
4,0.661701274511485,4,53.28799719268188
1,0.5954236115289561,4,56.117892010183034
0,0.9243096493478485,4,38.369228387044245
1,0.8743842668445859,1,18.992027127971056
0,0.9120185775234214,5,57.435468892720394
1,0.8027207097218354,1,21.324050374665358
0,0.4032168017673637,3,59.92083426087044
1,0.7809272105820098,3,35.206181879992954
2,0.45980718992150516,1,59.08161340644155
2,0.872935303580059,4,71.92548990805321
3,0.4066866751600629,4,88.38810734460895
2,0.4124466669301841,4,95.67667571990586
2,0.6291369613896528,3,64.75933944444934
2,0.9662653424173078,1,38.32911067159275
4,0.8701092636772879,5,51.719842139688296
2,0.9931152935212165,2,40.94313146279305
2,0.8170079174806559,3,57.3571127221932
0,0.6398986734638128,3,50.204503945188094
0,0.6190539782833725,5,59.01805528090586
4,0.5186692165890129,4,53.642681499459144
0,0.5110539335954428,1,32.877947497332976
3,0.8876827045360314,1,40.87316377960532
0,0.8629120154127725,4,43.651473807800336
0,0.8044454658060924,4,41.41287557398712
2,0.7419060282191176,2,56.07900567888629
4,0.6130405458324062,2,38.476919676505695
3,0.9797349616993315,5,62.77494167719418
2,0.7271453081160422,5,83.34282100514076
1,0.46576769904455084,4,60.84138775761386
1,0.4726216679734927,1,41.868910853862054
0,0.5579284195995681,4,61.265767977345064
4,0.6015000123445688,5,63.83601656002859
2,0.7179196388023088,2,62.6106798035075
0,0.7235243638143183,3,41.737127137704505
0,0.6684713861687153,2,43.804799947130775
3,0.9741711223990225,1,34.36215138754072
3,0.64470032862631,1,39.75350647849713
3,0.5193796518542471,4,69.9907436996862
0,0.6052125007058085,1,27.225730542833624
1,0.6270178570423562,2,38.83149646132139
1,0.5295477375989903,1,41.92621230978607
1,0.4461541466614602,1,43.812075168345274
3,0.45591299508342664,4,76.73149895691094
3,0.8648544377242764,2,43.269288124975866
3,0.8130032620092709,4,62.93096613216597
2,0.6509006620730445,3,67.75906759828054
3,0.8969009487339257,2,44.12164846273035
1,0.8141040763951769,3,30.093961271987823
2,0.5348569592506336,5,96.66423613717248
3,0.6650566232389754,4,63.388374518334295
0,0.6506035272532686,3,33.88518633219445
0,0.9702569391418575,4,39.408265815792824
0,0.8027680746262816,4,43.477071591062405
3,0.8205470519212466,5,64.2160621103371
4,0.43109908905348465,3,48.326405430008094
0,0.5497122425111207,3,52.550259952656496
4,0.47969780258716327,4,63.07313267796079
1,0.6188982078927558,2,42.44405650618453
3,0.7630300275519861,5,74.7266825863651
3,0.8708015659251034,4,61.99864754661233
4,0.4098935395615034,5,80.01190656659628
3,0.8178830504170881,5,70.27364274082579
1,0.5640308854012949,3,50.700252428875906
0,0.5420346713727928,4,55.188619347826865
4,0.9230578375180313,1,19.60280488654395
4,0.5445392390253077,1,34.39959006412461
3,0.5252730040408662,2,52.682010805356065
2,0.461167569233145,4,86.55525067543597
2,0.5132644032135838,3,68.92101872337074
1,0.9736099550582034,3,36.049530242882625
3,0.8474887590332292,5,71.17881302810459
4,0.9295884093694811,3,23.234400057073266
3,0.6095712736695305,2,50.453174925723715
2,0.8283899528802487,1,47.655793019235524
2,0.7651431878568622,4,75.3250523262146
0,0.4493917859388429,4,59.5256207215825
4,0.9896466822725722,5,41.42219709580528
0,0.6768249176355903,1,28.65173953626762
1,0.5019510548339847,1,38.666448575149055
0,0.9400193374889736,4,34.645599728516174
3,0.6494058192116441,2,53.2296475572589
3,0.899144213225976,1,33.880143695849384
0,0.9627841859510533,5,49.03521670153598
2,0.4407776271756455,1,61.77654560445068
1,0.46433758642125694,4,65.21039118959312
1,0.6092070946175207,5,63.19376245722137
3,0.8660327761960618,4,51.886292358406614
1,0.7733510726880066,4,47.25881027533952
3,0.47720433080616215,5,78.82705609275473
3,0.8068710250735478,2,42.186141835697825
4,0.7073217675462524,4,53.66013526655626
4,0.5273051121768247,1,42.90840674851281
3,0.6187104831708127,1,48.12389357527011
3,0.6543289829508259,2,53.651378471798424
3,0.9598329803082433,1,32.51377427147602
3,0.7072026959334756,3,60.00445991103916
0,0.9620691875471092,2,15.820935403464965
1,0.6053092601050861,5,71.37721405113003
3,0.4120827798776054,3,71.55185889186757
3,0.44186713544869705,4,83.98549553617177
4,0.5251025876530245,1,41.33379161582048
0,0.46876976547006505,3,54.93761175519475
2,0.9329871672298471,5,75.93042257126604
2,0.4111867175929645,4,88.80359881192122
1,0.7696694848858219,5,58.13194689771701
3,0.5817998508768739,3,61.04509673761838
4,0.8186819751707521,1,21.25074365562279
3,0.8111182958710399,4,65.64766936533545
0,0.5715818402858852,3,52.655129071411025
3,0.963375665628575,3,38.80774475702632
1,0.8091217058995503,4,40.461550215565644
3,0.7102967779768623,5,71.60668106239876
0,0.76470348256818,1,26.864985095354836
1,0.8489258062719303,3,41.3086184985397
4,0.9563564992585054,2,21.08019399914465
2,0.9439946608441225,2,46.24337663651654
4,0.6860889152403543,3,44.37252667237985
4,0.4521784032932143,2,49.246893684978495
0,0.5171824278411339,2,48.19775767815747
1,0.7285498424995542,5,65.96171725164879
4,0.45557875494699174,1,37.65427476252447
3,0.883667532722937,1,38.879450017246015
4,0.5456534055290393,1,30.82916791548721
4,0.7698801751129787,4,44.247835611213304
3,0.819381684748921,4,64.30948801807716
2,0.5063454070043529,4,85.81252321792158
3,0.7770922972001335,5,72.06734980416634
0,0.49939919126311155,5,69.52878548188711
3,0.6851487418893056,4,63.765494613385066
0,0.8966875530873138,2,20.580634735892737
0,0.49543230336339766,5,68.59162272489345
3,0.6190554635961791,4,65.86340342104234
1,0.7606787103723005,5,53.830166385624715
0,0.6007413925668619,2,35.8566241252111
4,0.8638316980908229,5,44.2870445620501
0,0.4680628078741867,5,68.24384892300966
3,0.5025318532230015,1,48.27212163009445
1,0.7432213550516422,5,61.489304544762874
0,0.8719174324336401,5,49.5514933226068
3,0.8565453758706513,1,36.485570920441866
3,0.4705987743800588,5,93.15657540556904
3,0.43691153760173485,3,70.06656838344438
1,0.42991838941920757,4,71.37869982827203
4,0.7710031229977876,1,18.55473917006264
3,0.5577455084362902,5,83.33562160461221
2,0.9737494119499733,1,32.186345374153845
0,0.7434934137724203,4,49.480382466184444
0,0.7835170085770672,1,27.563765921168994
0,0.5335447403711772,1,39.715799244748695
0,0.42725881972468316,4,68.36667486100502
4,0.7529313843352351,2,32.581396005712584
4,0.542420783079204,4,58.54706423000583
2,0.9382143352143817,1,41.85531827717361
4,0.9860163035507272,4,41.99708719906529
3,0.556356940662653,3,63.897336732248434
2,0.7620522274112731,5,84.01704488002773
1,0.5837624109172056,4,57.25712667056986
0,0.8250927347408201,5,49.12202159065347
4,0.6487030294377023,2,43.616154660477164
0,0.900755321515409,4,44.897164862031
0,0.5644394697567071,2,35.19681867325614
4,0.5443535026148782,2,48.87875592568513
3,0.8541626955450399,5,67.5858272225771
4,0.5737883965055641,5,65.8330542090066
2,0.41997017607923626,4,91.51244531360874
2,0.7180462746910441,5,84.10121684717016
4,0.7073373260951423,2,31.529406818329164
4,0.9044639744882692,3,31.494814602750715
3,0.7805523167052868,4,60.98812047630001
0,0.6381769034188498,2,36.95505975530473
2,0.8214071329801944,2,55.26411935791638
1,0.886415486289282,5,55.86774451499453
4,0.5106655734548224,4,64.71336023617293
0,0.5347152982863608,1,26.817132795248313
2,0.9251031036589389,5,67.81790004244657
4,0.751401582099674,2,31.921142570490193
1,0.9420187107884805,5,50.17734315151562
3,0.7547831749773058,1,36.74999121485176
0,0.5186912315388328,2,45.309130756012436
4,0.42345497714718544,2,51.09280755852851
0,0.974529428524017,1,17.712107559384812
1,0.47266104957974486,3,58.000981425099745
4,0.4442322538722219,4,58.528310136181005
4,0.4729014252581577,1,35.33442164040682
1,0.693015476946869,3,41.094237939331336
1,0.4481708406898512,2,43.98403463056496
0,0.9287213912043628,4,43.930016034115916
2,0.44361092721381673,2,67.96506833787913
1,0.4605799642628959,1,38.622675272013794
3,0.8604907073466974,1,30.697962625628882
0,0.9406108177483546,3,27.03980744259099
2,0.6766200361942303,5,81.37635510491819
1,0.6775356830638444,5,54.67761665470917
1,0.6643631906187577,3,42.923158064853745
4,0.5809353045773957,3,51.7263385775333
3,0.41634772219708704,5,86.57568717435407
3,0.8887209645476553,4,56.67729662071587
2,0.6113356795873541,4,74.09479549446536
2,0.8210424688852648,5,79.26714566922445
4,0.9135677570037601,4,38.637262636308044
4,0.7384111036765881,5,60.429023474091686
0,0.7397777118707483,2,33.08203345419169
2,0.8812765524109072,1,38.27570408313145
3,0.6887327501183271,1,47.39557360926095
3,0.49204319645740585,2,57.286314532695016
0,0.9729362467376441,3,31.440983779315975
4,0.9238268080238754,2,27.053196210672336
3,0.9071928196421607,5,69.96030178157645
3,0.4338906321200927,2,55.16209466792659
1,0.4930513393219838,3,51.19417909624388
4,0.7859034511803651,4,43.16407289807987
2,0.42288657344722164,2,74.04061990017657
4,0.5456743572633536,3,48.809091208368734
1,0.5699776305549398,1,28.31228052973485
3,0.5359038413265901,3,66.65220268544789
3,0.46408234658942527,4,81.81194134762116
2,0.8968468837203383,5,70.77207928801224
3,0.6817012218527776,5,78.4496994436641
2,0.6068280815279006,3,67.32879106186584
4,0.9945310751409373,3,28.694819127261145
0,0.9172942030568958,4,39.97506208505058
4,0.6862158367726401,5,63.34053375658267
1,0.7062863289320506,3,43.76439585449823
2,0.5297481696091453,5,98.16524377544779
2,0.9517546824261449,4,63.00625880944907
4,0.519848934363861,2,47.07071507759314
1,0.9065505883576178,4,42.774095875957954
3,0.7006213402813797,3,58.852765488662406
2,0.9215785999034426,2,50.87100706366979
2,0.5160085780390687,3,78.24711866074466
0,0.6095524877609013,4,49.81584095213467
4,0.5065841849784044,3,54.560270830805294
3,0.908947468925636,3,57.03623291827107
0,0.408872349242995,3,54.07769231480905
0,0.6827744117253691,4,52.65876487551167
2,0.6304122798721277,5,80.26784822761728
2,0.9489233098845581,4,70.55956977037806
1,0.48921518732243163,2,47.839399628085395
1,0.8096261741736737,3,36.03248843800512
4,0.6912180970805826,2,35.078187434040785
4,0.6625605799169687,2,42.25160895147327
2,0.8307000827975062,3,61.129033900359005
4,0.9415775676308552,1,14.445787918796507
0,0.7649405385486379,2,40.43642413066422
2,0.43421819169368403,1,63.820011777592846
0,0.945518836940994,2,24.10510774854789
0,0.8896317991347853,5,57.5386405139527
1,0.5614426553136289,2,39.84953929512682
0,0.5420583838039434,3,60.34615201070318
1,0.5912808209946401,1,32.61424979451363
0,0.9635634128705864,4,45.439354467668124
2,0.6371259247933041,4,76.92909357824696
3,0.8645571237171256,2,44.11583618899362
3,0.6736930029581604,3,60.03051524694315
4,0.6166788626775146,4,54.401821731702974
3,0.9672200931464741,2,32.72573788846803
0,0.5511078799706642,4,58.20830418766515
4,0.4801779139242405,1,34.69598407253679
0,0.4003621861158954,1,37.647904315929324
3,0.6021072553038379,3,58.86851867028581
1,0.623994535724773,4,59.23459313558277
3,0.479536578211331,4,79.80711401473312
4,0.5441099135507331,5,65.21099794840336
4,0.7723491710599718,5,59.370389591891836
2,0.7669065896745091,5,79.26357533977304
1,0.5577965647928492,2,43.183506627284
3,0.42438752155240644,4,80.30052577020957
0,0.9578294430988396,5,53.130042776681975
3,0.920611705117838,5,58.0141627645675
0,0.6139764861611628,2,34.24363707080236
1,0.9753059764498635,5,40.9922791324474
2,0.7575807777115198,5,84.05449429542023
4,0.8154812383030616,5,56.21269673689113
2,0.7427210469398879,2,56.72510948394841
3,0.8769235021104906,5,63.40554573667231
3,0.6526713533658473,5,75.42999038771421
4,0.5525320211699203,2,38.7727257676348
3,0.7430266948787315,1,50.85624992914337
2,0.818913795494168,4,70.71026135029818
2,0.8934383364070632,4,67.99204914405435
1,0.42130019582675643,5,68.70762235406535
3,0.9754957023685392,3,55.439656241529214
3,0.4399578457505266,5,94.3816914273153
2,0.6309407839378587,1,57.09586768576574
3,0.625256692145858,1,50.087975762342836
4,0.6844037337446915,5,61.569881504456056
0,0.9776342119806241,3,37.22948869538578
3,0.5864860011935094,1,43.123752733550006
3,0.7669331738528764,4,65.22460299091007
3,0.5592818252307995,1,49.26329969626879
3,0.7668636246888454,1,37.64562155795035
3,0.6361999352402525,5,82.50383117829672
4,0.675991369797359,3,45.688399344275965
4,0.4029255951743971,4,63.64855867928582
4,0.7099773255507178,1,28.273254772368066
4,0.554667147525798,1,34.67794093342164
4,0.5487842493161253,5,71.93135429320809
4,0.410831933853993,3,52.956192894427495
2,0.5983712011138658,2,55.97301551907336
1,0.7015699265545625,5,62.36643420301326
3,0.8464826100060208,1,35.526129296563944
4,0.7925999655159124,3,40.63214076426675
3,0.7797804449851762,5,70.00390796013949
3,0.501522963051065,4,76.17657909953668
0,0.6243708224897813,4,55.95879740875622
3,0.4271848679379012,1,62.25680667938005
0,0.8737199965359312,5,49.53007198247639
4,0.8757254298455214,4,40.911776563983786
4,0.43029178464854484,2,47.07755237584567
2,0.48227961337029435,2,77.21446340586645
3,0.6819397570637806,2,51.70659600478193
3,0.7741201117525942,2,49.691374727740936
1,0.5553256874747238,4,55.029634265189436
0,0.6087562917856315,1,39.40039777018495
4,0.4151625998179269,4,61.52113520417596
0,0.7958263361862492,3,41.5052112516393
3,0.6714515299946444,2,46.41073805803338
4,0.799774076498496,4,49.20969917051844
3,0.7901933147739544,2,44.90003775087415
1,0.732017094951265,4,42.220692921437106
4,0.6707131311540822,1,27.670096605708224
1,0.7709187140011731,3,45.02144472716269
4,0.6133075506119741,1,27.65157118484247
0,0.8350793199702571,5,50.80697794999403
1,0.8917604086697585,5,46.400058549216155
4,0.7772458608231643,5,53.89390019081884
0,0.8586119074968213,4,38.28553511845811
1,0.4319607601267937,4,65.82423860497012
0,0.9764104868437143,2,16.603621739117752
4,0.5289035906171072,3,52.59117202988772
4,0.6332818461238195,3,46.2723583620542
1,0.6645249594432829,2,40.057780672681744
2,0.9971643469760415,2,45.734981427535075
1,0.5576617286740989,5,62.65515659887713
0,0.5463223989513851,4,56.78734281274464
4,0.48727529548018345,4,68.86290996827503
1,0.8873063267100414,5,52.26969765498019
2,0.5874678871832933,3,70.1494263787028
1,0.5406186454096051,2,49.874078813483976
0,0.7931240228523282,5,55.83253349496481
2,0.47516955797082255,4,85.60263697905823
1,0.6258344832115248,4,51.55553857088812
3,0.6987031519001505,2,48.552929708136304
1,0.7267750069922772,3,45.59860653401206
1,0.5884317567071321,1,31.15397500279861
4,0.61212817716744,1,38.346698205782275
4,0.835259860294637,3,40.06061504472905
1,0.7013466815760765,5,56.73135841140494
1,0.8056398715306314,3,32.53382006160099
4,0.800745414039731,1,19.53494057537779
4,0.7605114960914352,2,32.040995405428234
2,0.9734468103896998,1,40.6663095061049
0,0.756059045405445,1,28.23019582631283
0,0.6702072864145088,2,44.513593748276804
4,0.4997281979680773,3,50.70373276687733
4,0.44848990745861844,2,50.97641463404514
3,0.9767025846842338,3,43.363708355530406
2,0.8641376496121325,3,62.55741800020486
1,0.8358936210077026,3,38.20918693133208
0,0.7986589292324493,2,39.17631879374002
4,0.9532946102011198,4,35.04496220345487
4,0.45571066649378117,3,62.82179811815089
3,0.45564347230056285,4,84.35402601274149
1,0.4092963260094441,1,41.310475119478156
0,0.8413523207652057,5,53.87629357732055
0,0.4845679272917074,1,31.575850680072357
2,0.9816026164050022,5,78.83695176002723
3,0.4423560474741624,3,73.00901506233737
1,0.8560072995847823,3,32.19228113481249
0,0.5805666872000128,5,66.37236686119935
1,0.8522946113539934,5,63.12248040004833
4,0.7643066463062378,5,58.42340082555231
0,0.9665305128823314,2,21.236645452574198
1,0.6748637788334453,1,23.185134890633854
3,0.6059075526677824,3,60.059172243927705
1,0.9437526534864168,2,22.261504420682456
0,0.8685594488502936,1,24.264187622079945
2,0.6221716895495449,3,69.47450867433594
4,0.9929915798457647,4,34.73378053842033
3,0.7423964836132537,2,40.31622100238763
0,0.6992827833829984,4,56.4292716750849
4,0.746861131712639,2,31.5541931792252
3,0.6627710241397913,1,42.60621255000281
1,0.7000705907036824,4,62.63772421051574
4,0.9309407991374343,4,38.79359531115837
4,0.4093388789084901,3,62.12092055059793
2,0.628082730374103,2,59.54184902381914
4,0.4550867209473889,4,65.60093021051554
4,0.5388144780874592,1,42.827665063883465
2,0.8148671793440683,5,76.44870145145588
1,0.8798181782941813,1,8.005576668382853
0,0.9630668841003031,4,39.38068295761728
0,0.9559184014375182,3,29.126992833135322
0,0.47143680241913594,2,44.01308934560744
4,0.5594317935560013,2,38.16922222567451
4,0.9581216676696533,1,21.286427248775446
2,0.7945648415884495,3,61.52994871757529
3,0.8200824921204777,1,36.63324753292119
2,0.49159937292712036,1,58.70895539957894
3,0.7604802076678845,1,32.59672306126619
4,0.7877395999886436,3,39.40128498491164
3,0.6520603939572067,1,49.45971763259509
2,0.5001337206959916,5,89.45269383040434
2,0.7730402172565743,4,78.85699837476417
4,0.7145123901288387,3,44.63201926337245
3,0.6688089100182695,5,79.86526872953868
1,0.7171115127193497,2,36.81107218135122
3,0.5758293811034537,5,81.36418604134992
2,0.7291745417653384,5,77.44993575318829
1,0.7059391500615098,4,53.97413909229978
3,0.5967749175139484,2,56.251326111621076
0,0.7683375986750935,5,57.459138110885604
3,0.522166486101856,3,65.89462677360223
0,0.9327824125823793,5,49.39623596426988
1,0.5896468988175146,1,25.27385205824215
4,0.9403369533161965,1,18.36506016641157
0,0.48865836957751363,4,62.167220752105635
4,0.7326765577129779,3,43.841493030748005
0,0.7105163632903881,1,18.79388952290361
3,0.5022874118384116,2,59.36799191743256
2,0.8342882434696597,3,64.37703279171033
0,0.8599512407793832,1,16.709327319493
0,0.8457021353297454,5,48.11164442226101
4,0.8253940734067662,2,28.429619619550692
2,0.6098055761552086,1,55.15014166643666
2,0.9105208458134387,4,65.34665152216746
0,0.483287444439389,5,68.47516599057133
4,0.6243317720412012,2,42.164288161368106
0,0.4088204793359445,4,64.02759640976261
4,0.9416903783037973,3,28.574544287316904
4,0.7247677446402182,3,41.77272751164882
1,0.8756917667897322,1,18.06569803841429
1,0.6935680311783334,2,36.22789816576318
2,0.8007950941352425,1,43.238110555888355
3,0.43871964681480036,3,67.58940336983311
4,0.939807899336018,5,53.85004121787924
0,0.4332010342811388,3,53.42439514728935
3,0.8181672283520444,4,61.6579596191449
4,0.692428979670817,3,41.21751688704995
1,0.8940870055415252,2,33.84691217267652
4,0.4346845882449464,1,40.12285621849533
0,0.5758636781417414,4,57.32177707506183
3,0.7718774470309011,5,79.63350221553206
4,0.7385214053215972,1,23.611897597301606
3,0.8084655928169711,2,45.589829502888044
4,0.9845928887313184,2,20.69983928037803
2,0.58539711331364,2,65.87050189926286
3,0.6401119330888129,5,80.35557142105621
1,0.6709285084475387,3,51.776763858117384
3,0.5334744032943016,4,76.29888079043369
2,0.44071815790777247,1,62.12650807836313
4,0.6269374402844298,1,31.07988550572048
1,0.7536225168804519,2,36.19953196303541
4,0.6463556200372796,3,49.0738219289386
4,0.6495434373359117,4,64.38362744310953
3,0.6889713201813132,3,51.22199489209374
4,0.6929988367270774,5,61.2213064138936
1,0.8500751273388413,1,21.62943073652147
3,0.43424096478942353,3,72.96686092268321
2,0.9057449748803262,2,46.64634738660637
3,0.6477093562975766,2,55.891585267730875
4,0.8091315434646336,4,45.199965060694694
2,0.6073667230896729,1,54.69094486615187
4,0.8272238709743513,5,59.84467903345546
2,0.8564385272019444,3,65.65672514499438
4,0.7151061583105985,1,23.88955374101
2,0.5023698357856206,1,59.12377728813765
2,0.9157355335189723,4,70.99476396315397
4,0.6727165326281703,3,40.1360031986901
3,0.9321031878731346,1,35.978916087606564
0,0.5736655909295049,5,68.67077362136014
4,0.40067039136470267,1,40.392305630868194
1,0.6846826967220869,2,33.34958060372183
0,0.9813208885198045,1,18.395867064272117
0,0.9725144109172559,3,29.117480347406342
2,0.6775036908237351,1,51.63123836491888
1,0.47247118676371225,3,53.73720988031831
3,0.47194762553232283,4,72.30095802788153
4,0.6560493799748615,4,54.8231457024237
1,0.45400607297442913,2,51.71360474496029
4,0.44708581503126826,3,53.3517928528279
2,0.6884559944049959,4,78.67991881557191
2,0.8338690462797871,4,70.25669377712265
1,0.963955193020173,3,28.350545602205962
0,0.506272026818556,2,50.39013311075108
3,0.8695975388604081,2,45.22329208518487
4,0.9634084056189137,4,43.65422544894231
0,0.5213888056940693,3,52.32621232999982
4,0.882158933971339,4,44.754456761147104
2,0.8322383720080089,1,42.81008550947585
3,0.6012653302301807,5,84.84143394745746
3,0.8314216316716501,1,34.45309640694726
0,0.6288141654512424,5,70.79727813081301
0,0.8575754622103378,5,54.882140212445265
3,0.42140645085523165,5,91.19825795563956
0,0.5856733896934905,5,63.522432911950624
2,0.4421228962929866,1,69.53530612770513
0,0.8904680968412344,3,41.72713775906349
2,0.8487044537992084,3,58.29703068900915
3,0.5565518689539466,1,55.63099338366487
0,0.5097279572748995,4,60.578362449065814
2,0.6427674652434525,4,76.11391856784584
0,0.6254348898222244,1,31.38984693527709
4,0.8166086368858705,4,43.342039219975305
2,0.7069761610217589,4,73.75482482890914
2,0.4327528588075265,5,93.93531037125827
1,0.770821342618995,5,57.710193608690744
4,0.8915555453658308,5,42.16978437055943
3,0.7614503258734131,2,51.93540823551636
0,0.8482498364468347,2,29.181797021404684
2,0.9472549343167472,1,40.44864385391787
2,0.5983964840867424,2,63.89174952300964
2,0.9422634502558185,5,69.15574025853498
1,0.635427868824555,4,60.867635697535746
1,0.7532449647758921,4,51.77836573354794
2,0.7735499772292893,1,47.11266006417841
2,0.8364204548414583,2,55.17676615465773
2,0.6305123766175138,2,65.32431293152435
4,0.5787707998732742,2,46.624416701884314
3,0.8871866996881073,3,45.865974868381805
4,0.8725191604412282,2,28.699361365307002
3,0.4710517647324206,1,54.1533942695008
1,0.5882805287586943,1,33.196249330492364
0,0.6165998430423495,5,61.678810344251964
3,0.8136436307788524,3,53.156873885168125
0,0.8646776914176217,3,42.136167861481525
1,0.6466765634979659,5,64.69106242461683
3,0.8830264356525568,3,51.8489576625024
3,0.6290948717861062,1,42.41683660107628
1,0.6287648672121913,2,36.7171887192939
2,0.599531330647408,3,69.52914798559968
1,0.7457299296968052,5,59.819379976574126
1,0.7973521027962776,5,57.32415486534707
2,0.8307520016136916,2,52.63312571916173
2,0.8460517405556975,3,56.58010815337893
0,0.4845445793936617,5,67.13496577074997
0,0.7394654429288692,4,50.95875979811695
2,0.8050943871104155,2,55.37179283977709
1,0.49257201105879433,3,55.18370671972325
2,0.6380684139368638,1,51.33718493910226
3,0.9248204822123752,5,63.20674059059657
2,0.8294273638223926,4,71.1763974590778
0,0.5738895769476279,2,33.25056830282034
3,0.5531342931100591,3,60.63168373838948
2,0.4151115682633865,2,78.71997416237949
4,0.7519029815815222,3,43.47130099233033
2,0.9800618210993525,1,38.20006998778413
2,0.7017288804609846,5,88.64621506854039
2,0.6526559737675468,2,63.483238115884234
4,0.6453887908280109,3,44.32065277408558
2,0.686888390775358,1,53.216830399403094
0,0.6363517354834821,5,61.865724216667665
0,0.46615603235270536,5,74.0459997179156
1,0.5903466841554792,1,29.32924349589992
2,0.524821129496519,1,59.94846527199481
2,0.45057284944559545,3,75.2862037242716
1,0.859835645880958,2,26.231311391805143
2,0.5866548801193219,2,62.03728260670746
4,0.714186596976953,1,25.250315311372177
0,0.8017389360492142,1,18.246871049127854
1,0.926066930381495,2,16.90692322382931
4,0.9492688071008709,1,17.64730793604457
1,0.5461355690144613,5,65.26942454688687
4,0.7802392398860656,3,43.161611405181105
3,0.5625811324772083,2,55.62466039927731
4,0.4216702336141739,4,64.92417554417433
1,0.7301907619128537,5,58.58531279490074
3,0.9959773706409911,1,32.51698887042995
3,0.7134061372979026,3,57.384683486339036
2,0.9256405021906949,1,41.77240921676747
4,0.7299155976216547,4,50.629310231971075
2,0.8380411075029224,2,42.192325172724836
3,0.6316507143628793,5,82.77466149837697
1,0.6397373129791164,4,50.73011241783229
4,0.48833473852550646,5,70.26084792552119
2,0.5021462558578069,4,82.1315307325591
2,0.6992432924919068,3,63.05495220416763
0,0.8537650547167486,3,36.69775947191665
0,0.8494954770002405,4,43.761597112249966
0,0.7215928868406281,4,44.43263806042178
2,0.9391863740191562,5,69.90741539312955
4,0.5930011818128885,1,30.205863117673903
2,0.7552020489637363,5,87.5746322285068
2,0.825429474030995,1,51.029365167404166
0,0.8344480721137837,3,40.74854289567697
4,0.6192816288004296,2,37.690868197194085
3,0.6067511393593239,5,81.04901549194496
1,0.9811475344407602,2,24.05860302133832
2,0.7826830784029953,1,46.37786030288877
2,0.4989517121158692,2,72.79940245894585
2,0.584617305129477,2,58.25890093439168
0,0.9736708933836223,1,17.155506484624183
2,0.7852578639284051,3,64.03563941696666
1,0.5454370114255808,2,35.64219976233777
4,0.6565252231373016,3,46.89839203059781
0,0.7850647456281918,2,31.838116312386056
4,0.68270424372185,1,23.509473426692914
3,0.9791310453937372,2,37.46296548213469
3,0.7588622504823257,4,60.50185413034831
1,0.6504599005119092,5,62.95721821183631
3,0.8848631019445934,5,66.40055124930487
0,0.901081645694917,3,29.48305730327835
1,0.580793429348409,2,42.57594704144671
2,0.7989426563678088,4,71.7795615256351
3,0.5423744964925836,5,83.19729987931882
4,0.6025015538741426,1,32.58524741842401
0,0.848129188483451,3,40.42530616175886
3,0.9057977788177081,4,63.62733918150863
3,0.8316699500359398,1,31.77806610201627
0,0.6662900021780467,4,52.79351627163573
0,0.49529558063141205,1,35.95190765909334
4,0.9175586561608221,4,37.791060891327945
2,0.6229569997587894,5,87.35743277766285
1,0.7244036776925398,5,60.35759545320797
2,0.66289000442764,3,73.3087571713488
3,0.8072986199477311,5,68.5710354749157
3,0.8428001775506393,5,68.8458762133838
3,0.6277049867053721,1,51.09795729199121
2,0.9113759501955083,1,38.275963867632
0,0.8214458614187798,2,29.93187133707543
0,0.45817283104272843,4,63.349720046762464
4,0.5604662556639791,3,53.028298314277144
3,0.7273427362288698,1,37.377326655280434
4,0.8843913772511726,2,26.167362471447902
2,0.9301349729993381,3,57.12862814173913
1,0.8088016078162561,2,34.445751555780824
0,0.9540110987228101,1,17.086794302178838
4,0.6217281808744963,4,54.25014418581518
3,0.745416666749148,3,58.19132634705273
4,0.6277727202694808,5,66.56318220442085
1,0.5674233298145448,5,62.11702066342383
0,0.7860647410102508,3,36.10070205384486
0,0.8519335004581544,2,34.6237627139044
2,0.4074654045454499,2,78.08240034140438
3,0.9327640011167331,3,49.85607855126451
2,0.41192654715935323,4,93.40073022941817
1,0.7641819330578341,2,30.055442990937173
2,0.7334847533548776,5,88.92398196892142
3,0.7458156806579253,2,46.88631998585072
4,0.6474124204021491,1,25.524869632973022
0,0.4899686957495705,2,47.7078242737375
0,0.8315175339519105,4,42.99521612740691
1,0.5540648049524299,1,31.844781289081908
2,0.8131767470163274,3,62.60860295894889
2,0.4894529916560791,4,89.15599527554762
0,0.6525918657132537,4,59.8921418678152
2,0.5101404523156736,2,62.89638921023563
3,0.4247020888614935,1,57.29882166597486
3,0.8439807253382299,4,58.15313142194052
1,0.41009644772448256,1,37.55476627060884
1,0.9217508086592318,2,16.560736863291222
1,0.48547515908766853,1,38.69133140568156
1,0.6016939809530059,2,46.26056187084674
1,0.5919108370766404,2,44.73155918745231
1,0.8301365227109807,4,47.9711174843435
0,0.6238072994020295,5,66.81454631922418
2,0.7778295503043628,2,60.915010624857814
2,0.5088074720826524,5,95.61349280955653
4,0.7215293525229491,2,38.2028227435342
3,0.5135126661301013,2,57.31978763592292
1,0.9193699520597715,2,23.9544051753061
4,0.8069054991421727,2,24.57080697535321
1,0.5100513775091344,4,60.00169256708637
4,0.8559566410888402,2,28.906856598614688
1,0.5573848787780871,5,55.69406906718799
1,0.9683584522793572,4,38.490454105410954
3,0.4632441702624387,2,61.85355752277889
4,0.4330148851032827,4,58.0588968366774
4,0.5041781265646876,1,42.18568916080685
3,0.9027094186264994,4,54.69786669522771
4,0.45900743260871774,2,47.787292553322175
1,0.6928828368651065,4,56.55255346744722
4,0.6832459207463588,1,33.9442851431797
1,0.4563702745687469,2,51.81702542238397
1,0.5678981998088743,5,71.24170106906367
2,0.5044667187730033,4,86.95877987809298
2,0.9177982620337872,3,59.624613177067175
4,0.930539241227809,4,37.68246719788184
4,0.9108986725005299,5,50.938970941864554
1,0.5306272489817186,4,60.08613313512399
3,0.8219644072604282,2,55.50496967459044
0,0.991201885277405,2,25.03201678150347
0,0.4456070542278683,4,67.67328018011982
2,0.5113666914559873,1,53.070378765095285
1,0.723562223126994,1,27.741815380800553
4,0.4082597226304668,4,67.34406818325165
4,0.763048984338839,4,57.67792231819513
1,0.7896964665264323,1,28.06488112800509
2,0.9752912623818328,2,50.08224864874755
3,0.47188692968985185,4,81.44549903152073
2,0.8980672058680089,5,65.08054312812072
1,0.6996809921840395,4,51.9012853142993
0,0.8498908258110793,5,50.62533111093344
4,0.9163882926279765,1,14.667406601219847
1,0.735609474794791,1,20.70930195937334
0,0.7928041546608997,1,22.998779481096662
0,0.9011475734057796,3,31.340463720194887
3,0.7788915375472758,2,48.30238663256808
4,0.6070496849562479,3,48.16280039820655
4,0.7163592652330706,5,60.29845821486204
4,0.5068095005041505,5,63.943416874655114
4,0.7952510038785712,3,37.89861235441722
1,0.8608009422218901,5,49.840505303365596
3,0.4510497690050878,1,55.28284546990515
1,0.9707976883441781,5,51.741019828617624
1,0.8941631410439679,1,17.465051638609793
4,0.9512879808146518,1,9.308420292853581
4,0.4645931198255562,5,62.5144723913711
1,0.6746487052201933,3,43.244102787641175
4,0.9082025517180216,3,32.93459559749228
4,0.7043331554051584,1,24.605051425519
4,0.8697041753174537,4,52.495795006893445
1,0.6895030091900117,1,32.65435352216271
0,0.4643309587143335,1,40.14804615671416
0,0.6357982756029802,1,33.48714938881166
0,0.9970382902196334,4,39.884499889545765
2,0.449337359638754,4,85.80622288525453
2,0.9489826028903878,5,69.3093011757486
3,0.621143056214633,3,62.45233349338116
4,0.7270883268268551,3,45.931309455852016
1,0.43222726291934893,5,74.94822649196725
2,0.4054337165166884,2,71.96753063412434
4,0.5039046285299125,4,63.12417149391408
4,0.7198780938425624,4,49.289815010427894
0,0.7983062016955624,5,53.94761911164025
1,0.6708894757218411,2,40.69303715911508
1,0.8771039535688518,4,48.54833571326038
3,0.7141760894171205,4,65.8102889581712
2,0.6468009481309913,5,87.57835115468835
2,0.7922392084742202,1,43.491451172790256
2,0.9174081337213228,1,39.68422816627644
3,0.43469012525982376,3,67.880393419749
0,0.7618941176523826,3,33.403154950444645
1,0.8324386516614737,1,29.384655015206874
3,0.750947390494902,1,41.35646180768394
3,0.7268831500635378,5,68.30797526854298
1,0.990862926035637,5,49.69450416477422
3,0.43832017553589503,4,75.40377337842332
4,0.6458978342631753,3,50.17217856260605
3,0.9380328862568821,2,47.341718586721576
2,0.8785518881253775,2,48.095070393490595
2,0.46503618767807264,3,76.1903950596512
2,0.4577623221430287,2,71.58746203348268
4,0.6463617763683299,4,56.4365547803628
4,0.7913275092252088,2,31.80735511289125
2,0.4045145488703068,3,85.4297813941495
2,0.9835745392632851,5,67.32811702301295
4,0.61803215160996,1,34.170719542240036
2,0.8762112798627608,1,38.2978647017682
1,0.9952873742104885,4,32.715657233438236
1,0.9972540652101417,5,36.43869164822848
0,0.6090901275558372,4,57.40299802667661
0,0.712634387047961,5,64.43991515760078
4,0.503230879868296,4,62.16327463294469
2,0.8614430389242409,4,70.21098906697163
0,0.8215119078773079,3,41.247839274832316
0,0.8734864130297991,1,26.717041389545493
0,0.7159451527579666,2,37.99285690702354
3,0.5509661731074765,4,81.12430124906079
4,0.9314519177096985,3,24.091031793147188
1,0.9451185760445016,5,49.804405896303265
1,0.9597818474983487,4,38.953896667085075
0,0.8205804506948362,4,41.44737085949113
4,0.9380382996946248,1,20.792334629434556
1,0.9140272262960766,5,42.52737792790565
0,0.42409390790066,2,48.381003720476215
3,0.8551481495044668,4,57.790870814905546
2,0.8867322595981053,3,54.34181562681183
1,0.5286147993280412,1,38.85978942477432
2,0.7713718364113928,4,70.3160468881574
3,0.8426633894623086,4,56.422831013534484
0,0.9905197384075402,5,45.55202743361568
2,0.5989533096091174,5,84.79848712895536
4,0.6387646304942072,1,30.022224946563277
1,0.6978543535967707,5,61.23322754066246
3,0.735938155062321,4,67.81017870877376
4,0.4206530063988766,3,50.281933902388765
4,0.5435968944495068,5,65.55219732088186
0,0.436371787469866,2,51.178056008552346
0,0.6900317754279324,5,59.26289767240539
1,0.7661616867843277,1,19.751472828787854
2,0.5048971444686903,5,90.59390073873284
3,0.9558851618487154,2,42.2325454061132
2,0.9233551141076582,2,50.00674723166594
2,0.7687561293263672,1,45.53434256253906
0,0.4486336974375158,3,59.90893432693515
2,0.6550290615550152,2,56.511326418548066
0,0.9142135263166733,2,21.393522280944563
3,0.5379421650720662,3,60.50044733207626
0,0.923746240813119,3,34.40035469280019
4,0.9566474327038939,2,12.015205516250724
3,0.9664209891223604,1,29.165299239851908
4,0.6982879374557541,1,34.76079537888496
3,0.8884089295014921,2,46.47077124530513
3,0.7692110210702195,1,46.15918901081744
2,0.5673456419779009,4,80.7350007450421
2,0.543925285830442,2,60.99934048249701
4,0.467020885230228,5,66.11553816451031
3,0.5822806060640622,2,54.43689596883025
1,0.633258957287468,2,34.12585341746259
0,0.6789462835436098,5,66.92497601318172
0,0.6111880873522002,3,44.395413412176474
1,0.757061022259597,1,23.355446387517013
2,0.7202081877040898,1,45.791200956101505
2,0.7990725755114385,3,63.89499146052705
1,0.8418167053127774,3,36.557552440425155
1,0.4047204992846476,1,37.855534129913906
3,0.6357221542685201,4,73.16163568954113
2,0.8664053198295774,2,58.1031761825046
1,0.6384077602314648,4,53.58959965805057
1,0.4530826654582222,1,39.34670575100555
0,0.9338276712140265,2,19.271231917937307
3,0.4541748153882906,3,71.81654136460581
4,0.8705107860620352,1,19.09067507966173
3,0.5594266133081346,4,75.95162074598295
4,0.8867286397594732,4,36.903366630431385
1,0.49823931491372253,4,64.58307225199799
1,0.8421782703247498,4,49.46769995508593
0,0.9686759864904678,4,38.68831225246561
3,0.42918810565574006,1,53.30576982446376
4,0.6099015424116332,3,48.2722627440683
0,0.5917639606843327,4,58.626528674249656
2,0.8715335020615086,5,74.27806227534231
4,0.8503645165786473,1,17.4270142418
2,0.7223631960387897,4,72.03831435537772
4,0.9539150915561476,3,33.390395249157386
4,0.828506638763964,2,32.840356461003694
3,0.607217814769722,4,73.79924620515645
0,0.5743570543403901,2,34.875906624082745
0,0.42315395021543584,4,69.88497956517972
0,0.6498541001278975,1,28.23014629163459
2,0.8170000062072773,2,56.90954692298258
0,0.6109596685915224,5,63.629515073494545
3,0.8105736990512167,4,72.0986757419434
4,0.9631169877115854,2,20.407474925007893
3,0.40977799726001896,4,84.84480030036038
0,0.6948426561466363,4,48.83719963777107
0,0.8905210940338965,3,26.62234593178631
2,0.6798072565472,4,77.20181835020288
4,0.5755087710502861,2,36.50615425003242
2,0.6070295040429476,4,82.6723851409478
2,0.7029404014426541,1,48.29407757895964
4,0.6279802500858122,4,47.12696171841175
2,0.5709192283250282,5,93.39622681017698
4,0.5409934465067209,3,48.211852196339244
1,0.42180675129247963,5,76.68273157457861
3,0.9992845362356708,5,57.580192036120934
3,0.5055041873126731,1,58.09141606932936
0,0.4736932998617599,2,42.568738380642564
1,0.5668574778019264,1,30.569814833702825
2,0.44715830834137477,3,85.37422942240553
1,0.42557594674130117,1,45.315874401747635
2,0.6872617479115548,3,71.25662635732762
2,0.490191461788492,5,98.42003656175575
4,0.5410516214049691,1,29.60323325330026
2,0.9408615425540087,1,46.50964934807895
3,0.7085298559643992,2,47.54116189662497
0,0.7766735041613126,2,30.888951205367956
4,0.9858854909242333,4,34.6011488998625
2,0.44812555110133223,3,72.23340681986734
3,0.4340191451949113,5,93.39308859857816
1,0.5269491862503003,3,51.80243023767324
4,0.5077379319801549,5,66.08252765637656
3,0.9655011584020946,5,61.23264288917848
2,0.7922902949508431,3,63.291386916137405
3,0.6221512579756188,4,69.12748531790561
2,0.7118347869192057,5,84.21737697988303
3,0.993249271947081,5,59.806569464638045
4,0.7137250243158926,5,59.13291066101719
3,0.5791048648697682,3,63.70646482021059
2,0.47680350745800626,1,58.40872513809074
3,0.8622880069235083,3,44.38054219407522
4,0.7309069812430167,1,24.463625151091648
2,0.7231852477771787,3,60.419031706478975
1,0.9705051000190628,1,13.396840812292819
3,0.9971763775595915,1,31.95809945462138
2,0.9749561483735821,4,63.48951545512146
1,0.5204832339337113,1,36.36019083993258
4,0.884132623996168,3,32.660397867380766
2,0.6958666290865894,3,63.549162166914236
0,0.5162232120926762,3,54.715229022075604
3,0.5716402125445301,2,52.50320388903187
1,0.9117449243817352,1,13.455658890075238
2,0.9712739863651725,2,44.623101058393736
3,0.5949024386192074,1,52.42692125030747
3,0.6176627450772898,4,69.39517979350904
3,0.4015117438506002,4,85.45083435224612
3,0.8937839974970719,1,34.59842877540112
1,0.42019372831547286,2,51.753220520788865
3,0.5001469487984378,4,74.7998497304676
4,0.9567866897966112,1,19.646929230783023
3,0.8568657276197054,4,61.12489390984241
0,0.7275719551543731,4,56.25209029668922
0,0.48020324644111123,3,52.43862704993965
3,0.5257990990002239,3,63.196398733463326
0,0.8708063955140111,1,23.40480451240183
3,0.6788511501354735,5,70.41837885163233
1,0.8362987527113899,4,51.652093101162826
0,0.6437226135863672,5,59.64727940408949
2,0.5466783658019659,4,81.17080438366618
2,0.6797654369513699,5,87.18680167755005
1,0.5954060079468033,1,35.1295633867133
3,0.9562294145951787,5,65.36471531928721
1,0.9381203261986816,2,22.220613953802935
2,0.986977683750119,2,50.61217586871283
2,0.4605915686044909,1,71.38114165715272
4,0.9908459068124639,5,54.433465035247224
0,0.42329074415710405,2,48.54913345913537
0,0.7741607524983991,4,57.51909851152405
0,0.9798696464507053,1,17.20544552488648
2,0.7796741169016284,1,54.1768281764693
4,0.5032038514456035,2,46.15458024349
4,0.9423736526840258,3,34.76922138474342
0,0.6836602679392684,3,41.762378011471796
1,0.6988328131709302,1,22.950591872363667
4,0.5004530842342441,5,68.26253885675722
2,0.6006041411585885,5,90.02335804756686
3,0.4570460282455655,1,51.79609912988965
2,0.8287271328819157,2,51.274756857026034
2,0.6450018856445309,2,57.81891856683466
1,0.6692863198129679,5,57.30449914411097
2,0.9686692515136779,4,59.40064420139835
4,0.45289719802988165,4,60.95570547775556
3,0.652197365400488,4,77.7116518865322
4,0.9786088818371149,2,23.02391631489373
0,0.43487026608518065,5,77.23641433404623
3,0.8269979583393432,5,70.57261783251644
3,0.7806082471794149,3,52.942100067659815
4,0.5081770794754817,1,32.92542715080966
4,0.7694764756634334,3,44.74015837269633
2,0.8136739487384539,2,56.06585533631848
4,0.8228059337503589,3,35.65681855688119
4,0.9160897546760716,5,50.38046543643075
3,0.6021181989291623,3,63.79638462441802
0,0.8022995008856038,4,41.57494424155528
0,0.7879267779931411,1,26.652830909350712
4,0.9667469512708984,1,8.973983101113575
1,0.567740176408269,5,61.682505996654946
0,0.5432472556727306,2,47.76082291246928
3,0.8964231440847368,3,43.32322876637599
0,0.809406825926559,3,33.81612382721315
2,0.8301646439311237,3,58.465580434057884
0,0.878063743308515,2,20.682360023179534
0,0.8214476468298344,1,26.456704077955536
2,0.7475348512038296,4,66.46094468556528
0,0.9361464401538313,5,39.2165991289572
1,0.7945426486833319,1,18.518884854144112
0,0.7030958929208415,4,52.50103413608244
0,0.6393994033750449,3,42.923787411544176
1,0.4496152571850469,2,52.00223922453599
3,0.46942196759916066,2,57.98130298024024
3,0.8802618936592248,3,48.05740144943036
1,0.901046306487616,5,44.60976859964774
4,0.5973711479362644,2,41.51217693020608
4,0.6302348507023041,5,64.8191651052887
1,0.9834730185975691,4,37.00709378459238
0,0.6699888854567866,5,61.848071405952055
3,0.7410778392201094,2,48.92356234909198
2,0.8370119789420074,5,77.29904421754435
1,0.8159474602656869,2,36.379842972078976
0,0.7526363294877297,1,25.716703610395566
2,0.44318742207337075,3,85.72476337189502
1,0.8351060264117408,2,27.535233434830914
2,0.7535685740200282,1,48.2861488496018
0,0.553332568383859,2,43.49387144703808
0,0.9592146690839762,5,50.31000139691449
3,0.9835795761124825,1,27.846409810728986
2,0.4904027078375054,2,66.42683641042142
1,0.5934436911424102,5,76.11073311144276
1,0.42130995973593827,1,35.462325575651924
1,0.7150324802596111,5,55.31278099706285
4,0.5583356441229206,3,50.80473769767213
2,0.7874982634413574,1,43.720136555857465
2,0.9267983896604685,5,72.27254956312564
1,0.5527358742520767,3,55.453575022886895
4,0.9322619171883031,4,30.326754729294663
4,0.9389499448862451,5,45.9953794318582
4,0.7337088041230366,4,51.99710151175638
1,0.6138138810446974,4,53.36680436866928
4,0.6490870073705621,4,63.050683090507725
2,0.5911763750424329,2,67.22849682332097
3,0.6365913478897599,4,77.24038457603992
2,0.672851817907127,4,72.82553661818558
3,0.6259156728483823,3,67.99621235793703
2,0.5271876452263607,3,78.59443916038347
1,0.6243101830207721,2,42.30453973288353
1,0.5895790667863381,1,27.904242166619177
0,0.812261764575505,2,16.53534685287294
1,0.7931390215877332,2,35.119632329683014
4,0.47172050062962706,2,47.15920394163335
2,0.45893967845626843,4,90.82735090154287
1,0.5013244327384204,3,55.16277535947799
3,0.97383878059406,4,56.28023614721266
1,0.6974462040836371,2,34.83358031916195
3,0.522150682349536,1,56.107631801796956
3,0.4322883301838628,4,80.11668589381685
4,0.9212407832328153,2,22.560195924781738
0,0.48621491017744894,5,65.16935724366401
2,0.9974392281446743,1,42.52148944080821
2,0.9105162733622965,3,66.35065220200941
2,0.9241815370942016,2,51.98995529907107
0,0.4250394975527305,1,34.40931408194747
3,0.569898151727684,4,68.42225709223189
2,0.9084687489203112,4,61.998421878021084
1,0.7270331715262206,3,39.353946192058025
4,0.4873821871454501,1,39.831868060694354
3,0.7286558580658955,4,61.89629454218174
0,0.7869992994854251,5,55.303779363874874
2,0.9200825215700226,3,55.17104260310194
1,0.7886032733700321,5,52.826272839052265
0,0.5325548151980869,4,55.38877990307021
0,0.6337798558474672,5,60.11926302969584
1,0.49195484389720184,1,38.20045316610335
3,0.4650688230782817,3,75.63917740602649
0,0.9987204380983459,4,42.04822863282089
0,0.5330507599699431,2,47.386959330610665
0,0.7185134270872757,5,56.04214595248791
0,0.8046805151024645,2,38.963503968700266
2,0.4358141901148971,1,72.87054932239482
0,0.5073769784837006,5,68.29219285938734
0,0.960232251497729,5,46.42997889253127
3,0.8001347008492932,3,58.730898636722216
0,0.6468995489367176,2,32.36545311922371
4,0.5733444911587311,2,47.001612088335904
3,0.4741634174673754,5,86.87359540626592
3,0.9222659556375798,1,33.64501791405423
4,0.7731173157249662,3,41.10716663222039
0,0.8864837027945422,3,23.83469661862867
4,0.8359436220508832,4,49.57314756672643
1,0.6975341439623608,1,33.62763595610751
4,0.9648835548837087,1,23.753716456647975
2,0.5687964591288854,2,69.54982517295956
3,0.6825605704627495,4,70.44089148462179
1,0.9666449409473555,1,11.771993669740413
1,0.8835022629322136,4,46.655381954182985
1,0.7888019958095187,4,43.06587749948499
3,0.9345065670894106,4,61.897453084177585
1,0.4594393724632609,3,50.85024856649794
4,0.5720988277292784,3,53.90615447863466
4,0.9405668973613625,4,39.95750825196392
2,0.9552201737306595,5,73.53911407312226
0,0.9181648097205687,3,37.95928651554121
3,0.41796929946254446,2,63.334043752072404
2,0.8264007238276991,3,66.49522232694471
2,0.8572855304878795,3,64.05250674765071
0,0.41433795362131415,2,45.98566059871124
0,0.7709478933563231,4,49.31670643387757
4,0.5847035556849838,5,65.78729306802202
3,0.9880138674107416,2,39.872405738090386
2,0.7110212155295075,2,51.83515070285747
0,0.7329756177786804,4,48.89461309276665
4,0.5680592347128692,5,63.787198412278045
0,0.9197755207324443,1,12.293225305681869
4,0.9599920077598781,4,35.034400399798
3,0.48904110470198614,4,81.10973938468914
4,0.542039086693832,5,68.83014486529014
4,0.7278121988290132,5,59.685408164855296
3,0.48066156902928564,5,82.56028440781135
1,0.602331027280987,5,64.60092479828847
3,0.8482697569748827,2,43.1333430870798
0,0.5289582369943006,1,30.97263054400149
4,0.7253362612247873,1,21.719149375369444
4,0.7646087465677827,1,23.350983232145502
3,0.44032659477427816,1,62.803762935250674
2,0.7155997470132271,4,69.0829045212799
0,0.41472921776336186,4,65.1470362936524
3,0.7721357146859151,2,41.84777132908289
1,0.7858311076701456,5,45.30425991993223
4,0.6737978354563217,2,38.317238446431105
4,0.8583145640071376,5,52.67180358520393
3,0.646586834092373,1,40.100930365409
1,0.7277994855401666,1,29.33900946349503
3,0.999885205021214,2,45.038013905168
4,0.4015209043058025,2,46.84871828790698
2,0.49569697700201654,5,86.91480559332216
0,0.6208323280846219,2,45.48770022327098
1,0.5850775849111919,1,39.241626761659404
1,0.6187683008554731,4,57.373497203678724
2,0.5304292853595847,4,78.27292650121801
3,0.7008567781082433,5,75.52419158739559
1,0.9269859854449056,3,40.63040141258556
1,0.6851275814821849,5,59.34024394575182
1,0.7667846167773129,1,19.241263790948505
3,0.5717994668287328,2,50.90288857839569
0,0.9509552742280041,5,48.88917598883927
2,0.7189598871906488,4,69.6512474514399
2,0.7824908613904774,3,57.77348740141578
4,0.4877625059877082,1,33.57775389431149
0,0.6948867942445378,1,21.026670196182277
1,0.8837739359407506,3,38.022434831934525
0,0.6271351104170837,3,45.383175831726426
0,0.4697771395671122,3,52.80098985705685
4,0.9087525409280514,2,25.452907018721465
3,0.589344677317906,5,74.90518447732303
0,0.4531587308388372,3,62.30569548580887
0,0.8989972704228164,3,35.10132225444601
0,0.8652871857076974,5,53.54728765737706
2,0.6134056083558164,5,87.05293467437625
2,0.7756302908130892,5,74.32657162415993
3,0.43702468524413485,5,87.64175747436859
1,0.8596636160317705,4,41.048306719477644
1,0.5680560992845758,5,67.37446266284242
0,0.5592294731031306,1,35.78141039215411
3,0.81275459416711,5,68.43867522144792
4,0.6163021271124496,3,42.176897107332124
4,0.7783869522081301,2,37.753739200785105
2,0.7880508697030557,1,45.4361800533062
3,0.4762758973355004,5,87.54252204674313
4,0.6027624656731626,3,49.76573075018063
3,0.4843663253482383,3,73.52575717754483
3,0.9743416346276105,2,42.9989435818649
2,0.7791594612927063,2,59.639236498634276
0,0.8678284983999567,1,22.953105219408513
2,0.7182313465963173,2,59.433214585594364
3,0.6261114083624434,3,65.20468141927702
1,0.8959955841931311,1,24.307308928907286
0,0.7009205791465867,3,36.429643067082274
1,0.495047896608277,1,41.968627957352076
3,0.9603643597661068,5,69.986526699742
4,0.9909814114779177,4,44.39722696945416
3,0.7775770568929041,1,39.19625145820115
1,0.6619238435028776,1,25.621648805079474
0,0.4784475915091662,5,71.61408339611229
3,0.8532532621296791,2,45.46243735755117
1,0.7061706859050169,5,60.91485899319064
3,0.9728871720513692,3,40.27719235125906
1,0.7677552904427469,5,58.57770979511856
4,0.6699888028636516,4,52.755798327147666
4,0.8398529157509245,2,33.95689411282333
0,0.9138418115880825,1,15.872490163356044
4,0.9191635073598053,2,23.164655313632533
2,0.5251723896392828,4,89.68458110732644
4,0.4348891938416884,3,53.440643275141895
3,0.8929987731803009,3,48.43890048028597
1,0.6974127233412262,4,47.01465657113253
2,0.6592691860833724,2,65.77074999750393
1,0.434397217284906,1,36.00901125764073
2,0.5105528055729297,1,57.02676423793879
3,0.7388714298981788,3,58.97429024929159
3,0.906175510380489,3,54.60304169549305
0,0.6807702747420143,3,42.99647277943575
0,0.7160451742102183,2,45.215650340541025
1,0.4030328368222506,1,35.54955436118052
0,0.6600089802410671,3,38.13416953419768
1,0.8202099951796081,4,51.06938487793146
1,0.7573503595100342,4,40.07791606925502
4,0.8081863184750521,3,32.84641759935231
1,0.637847424703002,3,46.91392485601223
0,0.9610271298414907,1,16.7860997646442
1,0.504816385641402,4,60.48037809056263
4,0.7912150483622589,3,37.785776220149096
2,0.8009490463804109,2,55.94280933010971
0,0.9492789080104475,1,11.43486566480567
2,0.4446338657731539,4,90.01279306901989
4,0.5190860209627707,4,56.39702607384844
1,0.516117241013494,1,39.21294417297348
4,0.5065578372046201,1,34.677897516628256
4,0.6611655534231167,1,29.95737057589931
1,0.6331753784915056,2,38.93291638403734
2,0.5170185960434298,4,87.128272891726
3,0.5946227618722412,2,52.13838384059095
1,0.8600144980701625,4,40.71469760826151
2,0.6014445517204376,4,84.81154114926738
2,0.4896507363449599,4,91.59408130855283
0,0.9719224276626457,3,30.569299532492504
3,0.878686056667032,3,53.55186619715926
4,0.4805834385984416,4,62.295731987302176
2,0.5069837119018642,2,75.97470837252283
1,0.6418122845526422,1,28.785348697735678
0,0.7624168824069841,2,34.628109799923145
3,0.6260368959253647,4,64.9505413556235
1,0.47070729752033263,3,53.13809987855197
2,0.8546448269512585,4,69.96743466843854
3,0.9636000625590507,1,33.87305752290209
2,0.6219485917430081,4,78.26417148023725
0,0.9374051746850851,3,34.924448760886655
2,0.7082817110230695,2,53.705925077875115
4,0.46153281399428403,4,59.08834056571529
1,0.81624957579792,4,43.62796770646051
3,0.6267706387717465,4,64.24913740457103
4,0.6017236501200607,3,47.43311244563063
4,0.576407830103481,1,36.99873085556519
4,0.5100009220823062,3,58.86873599193906
0,0.9480641246601627,5,41.01520507752676
3,0.9464865843990803,5,60.992043950227696
3,0.638646961964003,3,66.35514404608759
4,0.5125721004310907,1,38.507993121886585
4,0.7855358903238738,5,54.5466414318964
4,0.9288815834592415,2,28.73032243757175
0,0.8906152023227631,5,46.59097309579154
2,0.6093904822713954,4,80.89457774550067
2,0.44872448589756897,5,97.99593107203542
0,0.8211526156970608,1,20.73439302483802
0,0.44057564922863857,5,69.87637168182148
1,0.9164947284200771,3,34.494215635387526
4,0.7202814376555959,1,23.31014761463849
1,0.9221852841601971,2,24.40864495569567
1,0.45812844484308146,4,70.12753002813838
3,0.9535562095444079,4,50.161429259556776
3,0.6243045461681968,4,78.21457407411376
3,0.9739568854986816,4,51.81957190350752
0,0.9476648171240297,1,15.516783579736991
1,0.4857963134651613,5,67.39130512968946
1,0.8042585626034238,1,26.510032282542724
1,0.7961695777770565,3,40.24719092270579
2,0.5955500371266989,2,64.99317825355976
0,0.6932012374205876,3,46.34096017777446
4,0.4800958686688271,3,59.79849350767938
2,0.5531318875217426,3,74.63389709828162
1,0.4582627515175915,5,72.88266085706819
1,0.4695773521288217,5,67.7269200025217
2,0.8401737606361721,1,45.53307606884602
1,0.6985754761844293,1,24.220749751773255
0,0.7905821980337395,2,33.76153967102267
0,0.8960156226768246,1,9.46607761883045
4,0.4844931457530388,3,56.70022704863458
4,0.6141868428655487,2,41.857064804428894
4,0.7425808922244084,2,32.064268694753714
2,0.5923733283290973,1,52.96893190142828
4,0.8993448615762683,5,48.764159122854075
2,0.4398746675649602,3,78.36524152262298
0,0.5212712746812959,3,50.587815909087865
0,0.5871073314576667,3,56.40659912680186
4,0.9796969528683271,1,13.849874180996515
4,0.492092044900135,1,37.403326703909045
2,0.9520341718179118,4,60.16565356815141
2,0.8197207396182034,4,63.67910771368712
0,0.4893887752188626,4,58.20480794957937
2,0.84192709414297,4,64.92062418523304
4,0.8819808024420333,1,17.742253525459645
4,0.6752129566171428,5,63.873683315841056
0,0.45909642930631367,4,59.51865117264038
1,0.7043230909975526,5,61.63582650481599
3,0.864058209286045,2,41.96196144206127
0,0.952867534080735,1,16.538661819868643
1,0.7654075770892604,5,58.70493043217899
3,0.6672271156962526,3,59.750068812519324
0,0.5623722698670481,3,47.630339116317195
2,0.6199994489735269,5,98.58687781180853
0,0.9725107679927395,1,14.696517247997608
2,0.9649804054598105,2,44.147805574529606
0,0.9028744361003055,4,43.82326658041608
4,0.7176410392565848,4,44.10962189472458
4,0.6265758016012506,4,50.98598661152462
2,0.615389661112158,2,65.95728356718253
3,0.9258522784147102,2,49.18265874626908
2,0.5620612687388866,3,72.07443228358503
4,0.7942644136851034,2,34.11878605716852
2,0.9233380827729124,5,76.18431696130173
3,0.6629413377363849,5,71.8223101090743
2,0.5251868561555936,2,69.29392382561271
2,0.7328515680129195,2,62.4959973768308
1,0.7709876733467124,4,38.33279579909856
0,0.45999601172454263,1,41.02809372476845
1,0.790795420408593,2,31.59768460949939
3,0.6331557333191316,4,71.70651830455228
0,0.7481500635451335,5,61.76122483537732
3,0.625157917212775,5,78.99564501271438
0,0.5837118745433147,4,51.710987143629296
1,0.44682434455835535,1,46.989758807280154
3,0.6294893787863132,3,60.238903553552674
0,0.834020597215142,3,39.400065557119774
1,0.923668962410299,1,17.215819991885134
0,0.5650972023063031,1,32.49318080553542
4,0.45980911823774623,5,75.75394688695778
0,0.7878252652296556,4,47.8494424840852
3,0.491690446216281,5,85.61029782859866
3,0.8396265823351388,2,41.59886354848645
3,0.9177840111391928,5,62.2086146382123
2,0.8915195775470827,2,51.74631371720521
0,0.4265910375098171,1,50.6360613734459
0,0.7965351817513586,4,39.31009590217613
1,0.9897736498897243,5,36.73254730321677
0,0.6933532739093338,1,28.24644992947185
3,0.8864806380751092,5,70.28555451418572
2,0.5281847302582934,2,65.2159528644854
3,0.6266970032235835,1,43.794265514579656
2,0.7158121450477877,5,88.81362203063112
2,0.6749556664429619,5,86.16555259275636
4,0.7418950905261432,1,22.42673808423545
2,0.5984180673852836,4,81.0487859555545
3,0.49386959083743376,2,58.36995493289271
3,0.6567415769024277,5,72.57608834443641
1,0.84605687190622,1,24.817407466379947
0,0.4747126023717147,2,44.62367072623213
0,0.8190066549777311,5,55.7379768217634
0,0.9264113655166523,5,53.726238970602004
2,0.487153971888155,2,67.72973602415155
1,0.7777452693812368,3,36.87371840246027
1,0.5163382715665616,5,72.92043589310184
3,0.4589414502439555,1,52.709321687098274
3,0.965073891195168,3,48.13221858997477
4,0.5484992936629395,5,61.84796524091842
1,0.5699526022909436,3,49.7844508259525
3,0.40741432829864077,1,62.01860064291124
2,0.645978145934196,2,61.074986742471395
1,0.44082140242996687,5,72.07048549065195
0,0.9203109362403862,1,20.32748045458213
1,0.617810318512867,4,58.67204492785213
4,0.8783234845597574,2,24.118467472260186
3,0.7860866834354117,5,70.5640338999418
2,0.5012857251011408,4,88.29500445071967
1,0.7122230299542137,5,47.35372098616741
1,0.40933842846779783,4,61.03774743132014
0,0.9325918132070136,4,36.80634333935736
0,0.9103218386791277,4,42.65452394239435
0,0.9091430978254773,4,37.021436086933214
2,0.7904662546135917,2,52.78382135337866
4,0.529194832104631,1,32.951326619384524
4,0.4507544395336897,1,36.97671577523521
4,0.9097604194926182,1,22.133767146122175
1,0.8872125546432825,1,16.7929770894987
1,0.7942104993400936,5,56.149548819153
3,0.670055631007126,1,51.678871961058505
0,0.7006957332481558,2,36.50034113833588
1,0.5363704731109444,4,65.41226608466529
0,0.8294429130075827,4,46.155921794458145
4,0.5352811840874273,2,43.416354010798045
0,0.5094783428270109,4,61.97364302323437
2,0.8094410996879853,1,46.39626417799373
4,0.7175080155569071,4,47.3658419194455
1,0.45910212378527415,4,62.76851908054049
4,0.4587819997610342,4,63.71450516024916
1,0.8008293394066188,5,56.423504811130414
2,0.40947510824804406,5,94.85885222046207
0,0.41699749809091435,5,77.15181780242946
0,0.9162776753263163,4,40.147521546034376
3,0.8600847018196093,1,34.91379104145941
1,0.405186947814187,3,53.802228267981896
3,0.7909382445656221,4,71.03100216938462
4,0.9419585263779618,4,35.70450232170589
1,0.9131436991559259,4,42.41112100671634
3,0.6166370325775195,3,71.66917440208267
4,0.5574833889171793,5,59.94438359763879
4,0.9448612427903501,2,18.98603234443568
4,0.60637395129751,1,28.852914074636274
3,0.5867323459507834,5,77.58214838053554
3,0.9049764301580987,3,49.922044520704425
3,0.8280198163998567,2,39.9525203987384
2,0.9597004605955329,4,64.44088427189675
4,0.9074234564893386,5,43.98736207162936
3,0.5238191307542377,3,70.05913030192956
0,0.8003358085669934,1,27.249713190400325
3,0.4939739162960059,4,79.37160500306999
4,0.7052351295098784,1,31.556768171256287
1,0.5429714378293798,5,66.4110341522698
3,0.5797342443595503,2,58.56526181753415
4,0.4232925153980661,4,66.65920119321639
0,0.6150353668419422,3,49.24767961467365
1,0.7685588554802482,3,39.24559516908604
1,0.531752511240237,2,39.25174558695849
2,0.6171622104965275,5,84.38495741860204
4,0.8165512067025444,4,50.18880191203661
1,0.44585110479396234,5,70.87662552624998
2,0.659594787000636,3,73.08518622899656
3,0.8232267423931847,2,47.790282141003836
2,0.927600459348575,5,75.21509010929016
4,0.5912854126629283,3,48.96589158341689
4,0.9282281689594098,2,25.753334116825087
0,0.7771432468805566,2,27.193614788946714
3,0.801442171458161,3,55.53077191776936
4,0.4367794666822428,2,50.88180090734518
0,0.5634073524200082,3,49.84162056637682
4,0.5220694988495844,1,36.243326552653514
2,0.4004600257782194,3,75.94710386257483
1,0.7786896558827603,2,26.35162798337375
3,0.6858086168179556,5,79.65133635285673
1,0.40779430314061954,2,47.6826565606322
1,0.4695478143255379,2,41.44463638666809
4,0.6072708072439778,4,57.37276549874626
0,0.6601746243104518,4,56.74998021327788
2,0.8867905773426734,2,55.093805981930956
3,0.9416144447045328,2,42.198448083102356
1,0.8204385408870916,5,50.42269352999409
4,0.5277010121011754,1,38.358738103001535
3,0.7826219867522433,2,48.28287284441779
3,0.9738308642718088,3,50.68246379883753
2,0.5328911327448069,4,86.10827856737687
0,0.7131815377623003,4,48.21586611397377
3,0.526926625982096,4,73.60224009614736
2,0.9722958979209565,4,69.81858312881994
1,0.9996549942888227,2,17.25460726942376
1,0.4752691844854763,3,56.05496425229643
0,0.76096978801354,5,59.83342931583687
2,0.6242825162972645,4,76.37567508558824
0,0.8538716877665011,5,51.29383314866806
4,0.7621884101373106,4,43.478190244894286
3,0.7948588558717316,5,69.42650009896067
4,0.420164889123571,1,38.46619359876089
1,0.5680587927481169,2,45.05276007635982
4,0.6176743941484837,5,66.12300187229172
4,0.9068971578566641,2,26.075503709342854
3,0.48388988679953904,1,50.32197903789806
3,0.9502942996410074,5,63.227713353948175
3,0.757577255262897,3,53.7781461026559
1,0.4144861082190066,3,61.16894567259697
4,0.7734628223964989,4,48.86945319981234
3,0.6876372232201065,2,53.64591660348559
0,0.8188628644650164,2,24.031037138145436
2,0.5708722110006845,2,72.29296806866093
1,0.456074981902353,4,62.39685863338245
1,0.6775430394211954,3,43.473585042608825
0,0.4778734225995803,3,58.93613909934302
2,0.5239968256400482,1,56.84297748326539
2,0.413016505395726,2,69.29464053880862
2,0.48268713097715854,1,56.74842203761634
3,0.6274436764281602,1,52.08025326755287
4,0.8650943976594799,3,39.73767163272149
2,0.44064683895317025,2,71.79436743475054
4,0.6421380596193063,4,54.76147327366978
0,0.5106162569560576,1,39.0195385392184
0,0.6864340365748761,4,51.917054101217566
3,0.638474564379551,1,47.81418106374165
2,0.560449162427141,3,71.76765067747611
3,0.5536223413156942,5,81.23592298796639
4,0.8763723998235813,1,20.125288325834976
4,0.7415611958649606,1,23.48631858414179
2,0.7260197406598539,1,54.874767630478516
1,0.43845884260154133,1,43.23146457355156
4,0.9478289790617292,3,27.255043316832584
4,0.8727975018757882,3,43.62115269642648
3,0.7091923715229553,5,72.53502720395643
1,0.6188147898158811,4,55.070761366069966
3,0.7396104089563358,5,68.38209274228001
1,0.4937927302087613,2,47.966795557579005
3,0.4300160164143982,1,55.063088159010526
4,0.8269304569141327,5,49.134090288899586
2,0.9104613377508881,4,68.38512987306876
1,0.9181733422924699,5,49.461294618952294
3,0.6586947863605651,5,75.22763355269333
3,0.9839496100810061,1,35.4499229533629
0,0.6791835526941328,5,61.688837063378685
1,0.9714741947299654,1,14.528724603266976
4,0.8432464168524523,4,51.14347757431342
2,0.6688908546929447,2,59.55140771157487
4,0.9856946532635591,1,15.172259484719813
2,0.49125600109424206,1,63.58985702424733
1,0.6941453919864708,4,49.89917006403919
1,0.8507809072125359,3,34.629257642625014
0,0.8175771555526126,5,52.23778765645073
0,0.9582176455620224,3,28.936806822303755
4,0.9576506614429303,1,15.687467270646888
3,0.4393810925456383,1,62.58500736427203
2,0.8385780843862471,1,50.94073452876516
4,0.7846988537836275,1,27.07095809314975
2,0.7057809563807109,1,51.839428498954376
3,0.7608017602331435,1,41.10055901388604
3,0.9810987440937371,1,35.392655048873706
4,0.6211253564423291,3,47.827899212454554
2,0.7880711672196218,1,45.41455180966299
1,0.6189586323574776,4,51.9189884999278
2,0.9310021271849265,4,59.74144122941248
1,0.7709628349243742,4,49.72828884376467
2,0.6795394955190486,5,81.31735629474225
3,0.8309358016816891,5,67.3420159439235
0,0.836559991966906,3,41.17651436069043
2,0.856875827175912,2,51.44078707395294
1,0.8495094053181087,2,25.85271755684442
0,0.6152302273904324,3,47.2264927885287
0,0.7908738083262521,3,42.66880053947439
4,0.6608691449551781,1,33.90605239030241
1,0.9899724904751942,3,27.821383770392732
0,0.598218365124956,5,70.08420462735876
0,0.5550109042618754,5,63.76253368438965
1,0.7248248024893291,2,36.371604873157615
4,0.9284251750879241,3,29.036413274133743
3,0.8780794055177104,4,58.98732208838592
2,0.9099065952401385,2,46.24908495603813
0,0.9283460463664951,3,31.93417636520972
2,0.7602024573727448,1,48.158620507283686
3,0.6160388360131064,5,81.01745714892469
3,0.8249734569767349,2,45.4595054664064
1,0.8502726504199232,2,33.490615490800636
2,0.7000426405246842,3,69.81747517554554
3,0.4762875347276625,2,56.887649490155894
2,0.7573561200908507,3,73.85413340965877
1,0.43841716080709625,3,56.6703405820366
3,0.7993414567295,2,42.627087362779456
3,0.8995660934890476,2,45.229972802975524
2,0.9550254281063565,5,73.92127047012276
0,0.9863143471037763,2,22.184146796615288
4,0.5541648777012507,3,41.855152427782016
0,0.5090886669180044,4,53.50231728264997
4,0.6750986053973691,5,62.60145145327364
4,0.48914421635069333,5,69.66767304094985
1,0.8272578762204224,4,45.652271107146554
4,0.6042565412989863,4,55.03095105478109
4,0.4380508182241673,3,51.26154933192289
1,0.898803350407058,1,15.384823952680017
1,0.579308881841905,2,44.494683759597876
2,0.8550285488593243,1,45.80551286022444
4,0.9324811798148437,4,32.00024381829575
4,0.7016443977658545,1,33.023165256081306
4,0.47500802061353103,3,52.66734230762696
2,0.5479081424620719,5,93.93477541391249
1,0.6401986691532442,4,59.4818603018504
2,0.7148044114373069,1,49.112865681922955
1,0.9129953012871145,4,40.83046675610946
1,0.8595836416632343,1,22.021167407407038
0,0.5591881570145937,2,36.95324663633982
2,0.9637613292613925,1,41.386640132280284
4,0.6405617934486271,1,29.408878377616432
3,0.7389711968800381,2,44.56550195626349
1,0.86409779788832,2,26.552899071732504
0,0.8563353004446841,1,21.59615043337144
0,0.5982912063178927,4,57.45255793109801
0,0.9683006180253872,5,42.14223984445114
3,0.8295563492636804,5,66.98869998543019
1,0.735454251481317,2,31.478655405631063
3,0.5941399153171836,2,56.33544757694923
4,0.9434967564544025,5,50.34751914085568
1,0.6434173005004304,5,57.799969618012156
3,0.5867353076902245,2,54.93754531267015
3,0.950415112653074,4,52.96886928131436
0,0.7297894989333402,4,50.67370015452568
1,0.47655274168905426,4,58.461768620408996
4,0.8653907463834791,4,35.1295779877917
1,0.7688201002095176,4,47.5988698847186
1,0.9392281041415588,5,50.74939553802629
4,0.4636238244563841,5,61.95920002002243
3,0.9379358934940144,1,34.218293347176065
2,0.7895633478250599,5,79.1522014963058
0,0.594206569601649,1,36.238984390156716
2,0.7092593757618775,1,53.22594338014436
3,0.5391514291842494,5,76.0225485008166
2,0.5378597393690218,5,92.8509587656636
4,0.6273011748420735,3,42.475746716611205
3,0.7483931950642102,5,72.61919196771424
3,0.5332354114791035,4,74.03128108386173
2,0.9105517983190035,3,55.74092681594293
1,0.49448184236990783,5,68.71750018537908
0,0.7634205176239506,5,55.22066500007362
4,0.533410374116954,2,37.55096655597846
1,0.7180610008186541,2,37.17755409491426
1,0.549302056840172,2,48.91265550030482
1,0.4687971747051117,5,64.87384799426009
2,0.8069845852842095,4,74.07438914342958
1,0.8832435220557842,1,18.51808308849007
0,0.7997839914868627,5,60.14717746987225
2,0.625893789456651,4,78.10548624165352
1,0.7069741934911153,2,34.80609199759872
2,0.8918477195144106,3,62.219660507617355
4,0.4381197085881865,1,40.56971267759882
4,0.7365258532588019,4,52.888100072794735
2,0.914233608976347,1,35.02902882241449
3,0.4667242160199796,1,55.98086468668445
3,0.5255430992839811,5,78.47705548982901
2,0.46380368389588505,1,62.73879823334571
2,0.7103533556307529,4,71.390175439251
4,0.9416743430984181,5,49.41151636615074
4,0.5986796809891458,3,45.21919568694601
3,0.45803328016452094,4,79.7278743059991
3,0.5606200624441283,2,61.85404691219675
2,0.9108100752809296,3,55.905785188935056
3,0.7288089378180604,5,75.66402242803667
4,0.4159797923613804,2,48.77966381003959
4,0.5653533522129203,1,28.317960951864507
2,0.8226026643872362,3,66.64574622576558
2,0.5133297979715101,4,88.55251320714544
1,0.6163985216358403,2,43.01832492962872
2,0.791683112412862,5,75.79140456265768
2,0.7296368966125326,4,66.33846316230044
3,0.706683900665547,1,43.087427650946154
2,0.7135090872624508,3,67.38352363946714
1,0.8407934273739657,5,53.61326358261161
0,0.7896366711213918,1,17.045302753468434
0,0.5001274045732949,5,66.03647106912987
2,0.8927157930959866,3,58.25789974034145
0,0.7362701377217766,1,29.97431207818087
3,0.774665556440497,4,61.5721009804999
3,0.5048588052309594,2,62.32343355567426
0,0.46257258973141624,4,67.03995525730559
4,0.6197481421743005,4,58.732455838811916
3,0.9587127635522205,1,31.99546479030004
4,0.8987680676297407,2,21.77162787018482
3,0.8695191781907274,1,29.844575850808916
4,0.9633418056415051,4,40.508570802776084
4,0.8150587426578256,4,45.72542117466657
0,0.581013583615831,1,28.060979098335324
1,0.8192691087657611,2,33.70472272555673
4,0.8869886325149097,3,35.17348043143151
1,0.4330431357997235,3,50.53623724859352
0,0.55066134857711,5,63.36874660876895
4,0.4464441102750467,4,65.7506340261703
1,0.6811698261027332,1,21.67839331159039
4,0.8463109945193422,5,53.70671524121772
4,0.7859314613306693,4,43.84016993906676
0,0.9857746074454291,3,37.41815553421608
0,0.7328166107989138,3,39.35050707294851
0,0.45849270893160526,2,45.194089218575336
1,0.9990486572990787,5,42.21324361943659
0,0.8779422679718014,1,20.752987749709636
4,0.5959713962688213,4,53.05826301685873
2,0.5001115314547817,3,84.5293891693556
1,0.7978994863721196,3,40.373537846075884
2,0.993163736756668,5,69.78905034567137
3,0.7399614150747937,4,61.850326999420325
1,0.45842794268213305,1,37.54208752925358
0,0.9351583592915506,4,37.79550246276131
1,0.9451235034751276,4,41.17662288924139
3,0.44720916772153435,4,78.39653359987219
4,0.8614027879717927,5,52.604574590311785
1,0.6005746095839718,3,54.791774480071
4,0.6642227579519993,4,52.87826431543072
0,0.6805567884709592,4,43.21455289139553
3,0.5292821760059736,1,50.693539621389554
4,0.9437336160455756,1,10.398139944810122
2,0.6023850300427641,5,83.07663638358443
4,0.5676150373197675,5,65.26709209171828
0,0.7772761836527748,1,21.41468237731701
0,0.6146230444922575,2,44.52950487452223
2,0.5362644483940593,4,80.67874705177364
2,0.5224921989183768,5,91.15426985807841
4,0.8486202861842075,4,40.998361406289185
2,0.5209478429518402,4,85.67852168362552
3,0.8889019748201921,4,58.76696800727244
1,0.9649437321836128,4,36.89279965042547
2,0.8238906261860994,4,61.638357392930345
2,0.945854412789761,3,51.44798456943654
0,0.6766365490970155,5,60.60304471554849
2,0.49148048559202906,3,77.45629996658823
1,0.47547714550101816,1,35.40158118672373
0,0.855955723814586,5,45.415309655776724
0,0.7495590100486064,3,44.5630121607594
1,0.8608669975148656,1,16.828159444487287
1,0.8331081917746866,2,22.70574300243167
0,0.44384051942075897,4,56.80354715633499
3,0.8432611359134795,4,55.56633504396131
1,0.8293682341298648,1,24.4139917961522
2,0.9933601477276638,1,38.84067377271372
4,0.5278958609329643,5,69.68178857236693
2,0.5638088752779701,5,90.0265559556534
3,0.49307965126227793,3,72.88938381332024
2,0.40175202610722455,4,88.68097093169087
0,0.48410014563311654,4,58.3841819371638
1,0.9748113016504402,3,29.00460962272917
0,0.8902354971831796,4,45.9685880939087
0,0.42530028305763046,3,52.51746113436462
0,0.901267076830898,3,31.17263042733228
4,0.7293532717943483,1,28.451806511776063
1,0.4254096577671165,3,46.9301300892066
2,0.5208345094163784,4,89.81173958448016
1,0.820808875108727,5,50.423796763443406
2,0.7924295461903224,5,72.99250592487992
4,0.9657070744758813,3,33.33075507454858
0,0.769748199542756,2,33.27729736224619
4,0.7139043975023134,3,43.91080021939487
0,0.9079296605674716,5,59.608752141122125
0,0.7856319747540228,1,21.648030389367822
3,0.7850233266098641,5,71.33363101977557
4,0.7667917630853194,2,37.32986328398142
2,0.6510536742646769,3,63.41019963031692
2,0.6160870276975452,3,71.57999510568341
1,0.6345859037819725,4,47.79520992104676
3,0.9980149038501157,5,65.64283472117296
4,0.795249356955312,1,24.1163020758718
3,0.7945864020128945,3,53.736048680735664
4,0.5779093069337412,4,57.983775875662495
0,0.9902130631461178,3,35.61445034375089
4,0.8217211980137344,5,57.37527807799263
1,0.8536210902258019,5,48.54110961078598
4,0.632909319855834,3,43.78351113985567
1,0.5169498730293544,3,54.02539614673762
1,0.5834454808598928,2,43.817512246050796
3,0.5350800837162337,4,78.52346619061021
1,0.6328492473866406,1,31.59717427229962
0,0.4441434102343492,2,44.47491375746862
1,0.78749855648564,5,57.12259002198301
2,0.6441458080205837,3,73.73694329165018
2,0.7399543090718237,4,68.3853101407617
3,0.6142447372366037,5,81.74409600031463
4,0.4482255212737287,1,28.019654621671343
2,0.9043647982906902,4,62.1711432176484
4,0.6294719303855085,3,53.598689757382886
4,0.6506387673989713,1,24.516498251434843
1,0.7461353142598488,2,30.603110530424274
0,0.89045399892366,3,32.832248412639416
1,0.8815240896889983,3,34.23642110542064
2,0.5564176507055089,3,73.36112615921377
2,0.7361628308792711,1,50.986965575520266
4,0.9532096960619079,3,32.619249816064155
0,0.46662970853019914,1,41.28701664992686
4,0.9777727141963156,2,15.597713405147022
2,0.472659447724106,2,72.76198454583387
0,0.610391376358788,5,63.91989173964437
4,0.6170349716350989,4,56.03310460323649
3,0.41212910437953215,4,84.84197198677563
0,0.771551115675561,1,19.577265987972744
3,0.8213908928844892,1,36.18338979970049
0,0.6974566330163425,3,38.40160324786781
0,0.5775695848496999,5,66.26371082051801
1,0.693858106210677,4,42.805752697786836
4,0.9058654789755751,3,34.29544150573906
0,0.8491980682098528,4,44.74027638656934
1,0.5154166274600701,5,66.74761736309311
4,0.4825058393157046,1,38.571621967900725
4,0.8253401092644013,3,37.80259187266274
0,0.7540243401862738,4,51.047128492147465
4,0.4054898614471686,2,53.95103428928668
1,0.43617017872773217,2,45.71806143086087
0,0.7150254931261705,1,25.461831734876498
2,0.6732319928210526,2,60.01632863505904
3,0.8821234981754386,1,30.443794226692937
3,0.40781968620104514,2,59.48894751841794
2,0.9285594093186673,4,65.53380340528072
1,0.8815590831238065,5,46.67264340590122
4,0.9428214166891573,3,32.354831528655495
0,0.6621704183592851,1,24.149094945664856
4,0.7676110011393764,1,19.949511723046758
4,0.8780110179462968,2,27.413954481855043
1,0.9230539340217584,2,22.404242719595132
1,0.8442196344770303,2,28.05326150641852
0,0.9711401900020118,1,7.776827396226443
4,0.8215354209381938,2,33.407191214945726
0,0.5127686451871012,5,67.57312224775514
0,0.6258611233620723,5,69.06780538785642
2,0.720347505357297,1,54.954904770330586
2,0.8809502616038215,4,66.19757266584783
2,0.5552292248843713,4,81.98353589684137
4,0.9221607631540342,4,43.11306811019144
3,0.9140959745698455,1,33.9564303605607
1,0.9578540241286383,4,47.29288737763591
4,0.6589984051801541,3,43.12692294110463
0,0.73517865573468,1,34.53355703039642
1,0.5122320853129912,2,39.918121036980594
0,0.8017202470470817,4,44.86421848382369
4,0.8886404700954613,3,39.53603252264719
0,0.6675982811205028,1,26.676705337070153
0,0.6003507099757891,5,58.83272508164349
3,0.6160520969568356,1,50.83337022779651
4,0.6781988259078416,2,36.99946575666443
3,0.9529253552799776,4,60.038197440286055
4,0.9249135729664973,4,43.2790981512997
4,0.4726491475215932,4,69.08388782016928
3,0.5120297333958045,2,64.19656286109769
1,0.6916041414313692,2,36.6829798723275
0,0.9069038698662326,5,43.61480039868338
3,0.6153864903504217,2,58.4051395426756
3,0.9960352550472649,5,59.694716756756016
2,0.48960331789108297,5,103.18124661533325
2,0.6431299239453699,4,79.30621990678672
0,0.45500818727248965,2,42.690664712603116
2,0.6927917964639497,2,65.7793529694849
1,0.8080694123588408,3,27.204241553113775
4,0.8926334246686473,4,43.4982133218453
2,0.6696534954258999,2,60.3101772626534
2,0.6865549623428233,4,75.52800571740428
1,0.5851335160079253,2,37.01364155201397
0,0.5056832844055936,4,57.07999959233067
4,0.8651826342884001,2,20.28030360649392
1,0.6128992474599609,4,60.17750648948736
2,0.8148032614185632,1,47.522702676871205
2,0.8431252828364244,2,60.05194909890032
4,0.44158877647358513,4,67.26503276823514
3,0.7147978125077794,5,83.90486900038863
0,0.9916535184616478,3,27.620789567760873
1,0.7227936439798549,5,56.90980409808069
2,0.7096913505866225,4,75.74991709835089
3,0.49538504919021525,2,63.20734786033269
2,0.9741029210144406,3,53.45221017838953
4,0.8884154259936712,1,19.57888028061014
4,0.4708478346834728,4,61.85956931780752
2,0.8143170804866997,2,48.06495860061247
3,0.9817571740284414,5,59.33573135889459
2,0.5400421708787069,2,74.02380658274743
1,0.682963299448108,4,53.33447700352354
4,0.8892120323739745,3,33.28015431753386
0,0.6961384933889465,2,40.30918627730065
1,0.5346170051439044,1,38.78171114643817
1,0.9281814372758497,5,44.21448299946325
3,0.9043532933486371,4,55.072254780005615
4,0.8745229830488449,5,52.18614263367473
0,0.4433493893998955,5,76.31429072151073
1,0.7762776652346944,1,21.10876555022095
0,0.4083544748030853,2,42.015913654855936
0,0.46747052002413436,1,30.50982147993118
3,0.8492107787572007,4,61.145111809356635
2,0.49733509298482365,1,60.780274590107304
1,0.733336552540581,1,29.37418346453316
1,0.5252489079093129,1,38.482402671966334
0,0.6543394179129749,5,57.55820335955908
3,0.6859374491822157,3,61.6616500419401
1,0.8051613363964136,1,24.4957922987394
3,0.70563926442809,3,58.625451000031376
1,0.6612904460865967,5,64.13765934181356
1,0.6449802992582107,5,56.56494846460281
2,0.9998130234538665,2,47.452351281057595
4,0.6530935480245882,4,57.6213872084338
4,0.5200327860270862,5,69.75175745647935
3,0.6861285323117112,2,47.157051577428106
1,0.6878091184988651,5,56.79720055376745
0,0.5471207906565521,2,35.33599192390533
2,0.9248427459792378,2,52.57223889678
0,0.5634752299245568,3,48.22902159938971
0,0.7801372726872258,4,45.50695994839701
1,0.8955194622692864,3,38.06132486226693
2,0.7991126099526011,1,34.99078070666197
1,0.709441143358218,2,37.46668680186357
0,0.9050584614953746,5,48.86534126375193
3,0.6985369844712004,2,51.64247906324972
3,0.8805774274804743,2,42.24050596661437
2,0.5325143136870389,3,75.66233039349477
2,0.6109482475675428,1,51.44360980701161
0,0.5145344407040786,2,46.30235779909728
2,0.985378076249995,4,65.07130451477529
1,0.7414960952483307,4,53.56797675566944
3,0.8127247081293564,1,41.368068975125055
0,0.6131574896752675,5,67.03675459402251
3,0.47634213664287084,5,91.2362262125022
1,0.9159260000645602,5,48.50192616149118
4,0.983227148674183,4,43.0682632356225
3,0.6418003232872473,3,62.610753623923856
4,0.4279345261387963,3,56.723092336988415
4,0.5335523803959462,4,59.75022050156219
4,0.4741417840646058,2,49.008936382317344
4,0.6666382570541585,1,26.82596498081836
1,0.43742533840298226,2,55.16350144280904
4,0.7455007610557469,5,56.911002590662136
4,0.708986364529106,5,51.76594621401995
4,0.40924888911482193,3,57.57367172685499
4,0.689448886063997,1,25.618089841661263
0,0.805382975282049,5,51.9160927108653
2,0.6105847851013334,3,62.22084129143338
1,0.6950234592143543,5,60.80920037736339
1,0.41674325404854207,5,74.00184243882558
0,0.7591232725286741,4,46.01478159021471
0,0.5383783308406088,2,40.79868569635666
2,0.761843693687712,3,60.777992114913744
3,0.5476631619011522,1,50.582595120282996
4,0.7365583884609674,5,60.67846517698898
2,0.9563472231023038,2,49.11885061944818
2,0.676482973781656,2,54.16441791755243
0,0.8196594580609047,5,58.23489198207537
3,0.6056080776382631,3,60.57756916422368
1,0.7091330552111319,1,23.790984566090327
0,0.7692494746463643,3,47.28665342392416
3,0.8712897313264445,1,29.898303954287513
3,0.8045163698068636,4,55.139154755848594
1,0.8157957234074015,1,22.40988553543741
0,0.7517020003060354,1,24.457598118513683
0,0.8586873676468795,3,31.17784287866143
2,0.9537873668115733,5,78.6386581918972
1,0.764508924736209,2,28.19886756937487
2,0.4909602820963036,1,62.953802442663616
3,0.8916793719669569,4,53.2517018712684
3,0.5662665396026637,4,74.55418782040132
1,0.5479498076051901,1,35.69681703881414
1,0.590332750864408,1,27.09457394874053
3,0.496564430369121,2,57.143116761455076
2,0.5686520960330623,4,75.77573201498184
3,0.7733642506318869,5,68.88600979350132
1,0.5480827202874585,3,50.52366805780367
4,0.9591010481888315,1,18.245589558472197
3,0.8452121832858928,1,43.91177953859589
0,0.6503525470681425,3,42.9098616839894
4,0.8807865351164186,2,25.503875897503228
2,0.8732674742245482,3,63.11024083841881
2,0.6155815213394974,1,60.295082961461326
0,0.6051794066175156,5,66.25600668566015
4,0.9730603149134373,4,41.322046242851336
1,0.6009656411212057,4,56.155182270154924
4,0.5231509185531407,3,52.25777616464197
3,0.8622511139356839,1,36.66153929680364
4,0.9438181670842863,4,39.40987222081068
3,0.43058909883200297,2,65.76563560183948
0,0.5406424298229545,5,59.577166160142994
2,0.7518621418783409,3,65.9315078935533
0,0.41413494384557337,3,48.19777667206356
3,0.49945469705682577,3,76.92892612407502
0,0.8228456889037128,4,48.81291874922212
2,0.43458817437704567,4,82.97508833953088
3,0.5681014677477346,2,56.920243601873786
3,0.8125759271429536,4,65.27097056214878
3,0.7650470680409374,5,75.24551668270617
0,0.4687930955955199,5,65.02222412014778
4,0.9016029457896255,5,42.725431030964685
1,0.5874536459425618,3,51.443034642103754
2,0.69479863745958,4,74.89678375563346
2,0.5197687259955355,3,82.23522741042053
3,0.8275720078949244,2,49.11435464645312
0,0.7681693267083233,4,55.666394472292374
1,0.5334340813426536,3,53.62746534434745
4,0.5430941721467295,1,40.24643973881179
1,0.8945130010386271,3,31.082782881929113
0,0.746392016167249,1,26.598061970920824
4,0.9064984470881746,3,29.529563784395677
2,0.821965917300647,2,51.556338048831925
2,0.4670033093601478,1,62.69935145186164
2,0.7015831484849857,2,61.5924313744036
3,0.9005644370588828,3,45.682075123390504
2,0.43850102126672674,2,80.38628140813753
2,0.6706474049827909,4,75.00055953505502
0,0.49068130445255487,5,76.94097376108415
0,0.5575774605843459,4,61.528336772550624
2,0.6816905548174569,3,71.45210993951251
2,0.8315182263429504,3,58.52982721028916
2,0.5510982247283196,3,68.8566294898609
2,0.41195460414507984,2,76.03043531340191
2,0.9111264813876602,2,43.63574860059376
0,0.8475218446241239,3,39.750357618953075
0,0.7518809106427533,1,33.4911500635535
3,0.9488357804208866,3,52.07875023541073
4,0.5922042562761229,5,59.85059129734127
2,0.6123902601962429,2,61.26378036838998
4,0.8587418813218428,5,49.84261241255838
3,0.5260486672818933,3,60.72566996993798
2,0.8821503377418658,1,42.24447391591015
3,0.4598946447641496,5,89.74159574521785
1,0.938549797533503,5,42.57237215686188
4,0.6636131070460467,1,35.26505612201248
4,0.9503428294807736,3,29.027345376417266
1,0.5919379595153326,3,46.28265259161475
1,0.7054356133712292,2,32.61972693508264
3,0.754792599833189,1,38.67701637271596
2,0.7384254937181117,4,76.32071530495273
1,0.9267464297426531,2,20.610282699767854
2,0.9698066261270768,1,35.539729680232156
4,0.8834306177514211,1,17.29588912091196
3,0.7464250918295361,3,55.92169979280738
3,0.6136686824956653,4,77.06051092329334
0,0.7535135377341794,2,36.003068830232486
1,0.7172424163715274,1,24.04687284011161
2,0.979451203981502,4,62.51465399206654
4,0.8237495577418918,2,34.40168085859226
1,0.8808979704362867,4,40.283835918298585
0,0.7930271273662765,1,25.71198910139352
2,0.9537303168049415,4,55.99597869228151
0,0.7470321475350408,1,22.1081784001179
3,0.5305474500244776,3,67.94769967240796
3,0.5877938258919972,5,88.5408999823071
3,0.5656679672484025,3,52.62879158895926
1,0.45409207607930424,1,45.988571178155915
0,0.5907548900337187,4,49.34301274044836
4,0.7889732427058233,4,43.144469509558895
3,0.8923323168997048,2,38.77007772209814
0,0.4363901941491275,5,68.16671548350773
3,0.6647447025930511,1,47.719334084136975
3,0.49374661662745845,1,56.0901306719075
4,0.4536897251136649,1,39.48339908414013
4,0.44147523694667684,2,57.15505101856396
2,0.439274704202255,2,70.40332046613689
0,0.5405105086393862,3,51.50001222477032
0,0.5664083198314175,3,47.75429676779165
2,0.4822745759967173,3,73.92132713936539
3,0.8172232645403841,4,63.4524352929472
4,0.4418468377463939,5,67.01429832115262
0,0.4365684965489536,2,48.54469089325277
0,0.9010138305999243,3,27.483856114457986
4,0.5911877875193288,4,55.16063856626033
3,0.86100372023945,5,63.1536757775486
2,0.998919705323467,3,52.49308391489286
3,0.4202633732511072,4,75.12712483148007
0,0.9012896443620169,4,45.25353150470429
0,0.6267847549288347,5,66.56802688147255
0,0.921702938737187,3,34.59691046060668
1,0.5020089190847167,5,68.41500369299835
0,0.43470471990950704,5,67.49359219328014
4,0.974240342639582,3,27.41737997725401
1,0.7420413337549254,4,44.27365059305181
3,0.49726096639235096,4,81.96749923315872
2,0.8309700422558253,4,68.84997620587698
2,0.9621728828660394,5,72.55946398180126
2,0.43068592981431914,5,85.23308087121924
0,0.989891678852079,4,29.42990349003393
3,0.5638311751654195,2,57.95081618603769
1,0.5698563697732081,4,62.68126581654688
4,0.9259356156530245,5,44.471956786038106
2,0.661092046578986,2,69.57046700549458
2,0.6070811065764151,4,78.65179957667401
0,0.9163253511444021,3,31.405490265903808
2,0.7385233560432678,1,51.07526058441815
4,0.9926760926798134,4,30.96264839841037
1,0.838252993024583,4,49.34879166973769
1,0.6019081507117203,1,24.495701491538732
4,0.9586650449523147,4,39.74491778484046
1,0.9596095771430209,5,49.317265301985614
3,0.8622526745499273,2,47.1013143816318
3,0.4367052923849768,2,69.65777622011846
2,0.9890867656604674,2,50.261018767802
1,0.7584273663208756,3,32.19778520023186
0,0.8089975162616783,4,43.1065070947257
1,0.7908930287264999,2,30.387341408705183
0,0.7389611588519878,2,33.2937130495554
2,0.8915092125389796,4,64.51637176650028
2,0.4437617781545379,3,82.69309096275337
1,0.5053620457047158,2,44.19065421001982
1,0.9300864431745904,3,27.18038306548577
3,0.532369421794884,3,66.47630141990982
3,0.41099505548005427,1,61.819409296003506
1,0.8511513115943663,4,46.30503107480239
1,0.7522712132557923,1,18.691906836021605
3,0.4124659126060917,4,78.36650201536604
2,0.9211596658653758,3,59.473276837417
2,0.7502005237354281,1,48.00077954895956
2,0.6088667360711315,3,73.4465107654654
3,0.9792503514622366,5,61.36319224108022
3,0.6487170082006074,4,70.92256073339327
0,0.858544836750744,4,51.24167680500861
3,0.6032275070463377,5,76.63761576516933
3,0.5187399144844518,3,67.07505448022238
4,0.8723810816746375,3,42.04734035811806
0,0.4911083143507385,4,57.30451619842265
0,0.4109166371907959,4,65.95930820377
1,0.4966162437132435,3,45.36366557552823
3,0.7673573569800018,4,60.723094550400035
1,0.6705689058284814,5,62.895299627803396
3,0.7148270562474011,1,42.41702521820746
2,0.4168903156133755,3,86.22104563358235
0,0.4530651031984606,5,74.14819613923169
4,0.6373862959250979,5,61.587267498786844
2,0.986594369971517,3,57.82377619256749
2,0.5470276614172989,4,86.60646089605859
0,0.40610300633092117,3,53.55738961997944
2,0.6083659336746773,1,51.51706025613737
1,0.9090630557298623,5,46.237065122626575
1,0.7620083003182033,3,40.6824464676242
4,0.4163966110579225,5,69.1691282996441
1,0.6673936170891007,1,28.406268751068183
1,0.6514094773229049,2,34.53801738224307
4,0.775284356886053,1,31.37973741978744
2,0.5038613104376293,2,64.23259482103893
2,0.8792748199495353,4,75.6313507872796
1,0.9196726608694213,1,6.606630592496632
4,0.9258400413434352,2,30.712779239108176
2,0.8165760222156089,2,54.058899570441994
2,0.9993811631232083,1,32.464811310160364
3,0.990848885391655,5,65.11826376550083
4,0.634531611542761,5,53.481595236878256
0,0.9846566787355074,2,18.026976665650267
3,0.6056646504394199,3,58.515212429713046
3,0.7131028494558724,4,69.91140832355231
4,0.4773431898787075,4,62.66019847768072
2,0.9381913585598445,3,52.0349780368759
4,0.4433651379141798,5,70.98300840186158
2,0.8894305424043971,1,44.65088960358505
1,0.4395824958567892,4,67.01921801954383
4,0.9723278175885329,4,40.11977475316106
1,0.42251186740773783,3,58.99662172549931
1,0.6394303265748287,2,44.38878136779097
1,0.48024460582457146,1,36.06838540892269
3,0.5320090792499024,1,48.62226681357397
4,0.9552249234063163,1,18.47996771158901
0,0.7613641828954736,4,49.63343595514681
3,0.8745862460960379,5,62.34186355666205
3,0.4443394290983302,4,76.85139808136196
4,0.4163989000314314,1,44.407530346378024
0,0.8501504242115526,3,40.06194514973596
3,0.8947947141777681,1,35.078320317133034
3,0.41154015254769705,4,75.98402625375108
4,0.9252269414719126,3,39.34678508796107
3,0.9885778812594432,4,51.99282496697841
3,0.9531223306017349,4,56.29198394305668
1,0.4748122282775522,1,31.955030319401473
3,0.9817012388675511,3,43.77661822110688
1,0.9373427789318364,2,21.902641831219164
1,0.48303897990232975,5,67.18209826692822
0,0.6546363641403419,1,32.29877706429673
3,0.6892223465762768,2,54.760552925471835
2,0.5094425917825289,5,94.15906237080202
1,0.5313396034516156,5,64.56473361567272
3,0.529613899108746,3,65.51763002800216
3,0.9283012543666147,3,56.048326202559956
1,0.4994806558557886,1,36.875717914073704
2,0.8580654879537352,2,54.960204641804715
2,0.4228824191459137,5,96.24864817264752
2,0.7905609788259921,1,44.720290380889736
1,0.5837357069375038,1,37.49761102032849
1,0.9315043114848018,5,48.31468763772597
0,0.6244336671476106,5,61.07794351139644
0,0.9941872270567296,1,17.381174938169927
4,0.5300676922404849,1,33.595505299924746
4,0.9636787933049145,1,14.1056568344123
2,0.46671524006597365,5,97.99675474617925
0,0.9135947175674712,3,30.147775634342263
1,0.8579139681330586,4,46.57040860800989
3,0.44251870782004704,1,54.4652625168184
1,0.918251801804598,1,22.69894517482522
0,0.8361383449233193,2,29.570160659484994
3,0.853070388739481,4,60.14260436813931
4,0.6662903994609061,5,58.348534744127754
2,0.8886471886496206,2,51.69845143794232
4,0.7242125977601808,1,23.06959119685898
0,0.6795280364529939,2,37.56973651142699
4,0.516905279768827,1,34.2801193531619
4,0.9853915088611188,1,10.661197708818968
4,0.786230042043065,3,37.80121295589568
2,0.7688110144110096,3,60.89381583567953
1,0.4781972985917757,1,37.590089628661964
2,0.5079550961795969,1,61.01165535619156
1,0.58398768964074,3,47.20666262969413
2,0.4294005659781336,1,62.86469878727549
3,0.7900584604406451,3,54.72596692809172
4,0.6550202211659324,4,58.30669519165378
0,0.8925667661512686,1,17.99555080504265
1,0.8639944494623919,1,17.905752088581103
3,0.8011663856724142,5,72.74767027351136
1,0.41267125851620556,2,50.721937681948454
4,0.6841483372168007,2,32.49034092531822
1,0.5119283061283537,2,40.266306900631825
3,0.47882140266608675,2,65.47903844642452
3,0.8603153588546987,1,39.18758466168847
4,0.7426254283162153,3,41.72824646166664
1,0.6449532151951634,2,38.66105302531608
3,0.7213877081650659,3,59.99962720725899
4,0.4108365657057324,4,73.95220634361054
1,0.43416895807790085,5,70.63192699500327
4,0.9154007580598711,1,15.05024975579915
0,0.5265187971916963,2,45.22610354909002
0,0.4499321342167763,1,40.73210014474658
2,0.4571626147015764,3,85.10106195725447
4,0.9020136644370016,2,31.35793075248425
1,0.5100644643271317,2,40.39975684265593
3,0.5801142068953471,5,82.16266090765649
2,0.9533995493930368,5,67.42826237746594
4,0.7933906375129189,5,47.94119347064349
3,0.6660471304172624,4,66.43127182529682
0,0.5036435127734171,5,73.03780440808794
4,0.5392627201482186,1,40.31293233624581
3,0.8520761452467644,4,55.77118066713674
0,0.4723711325019541,1,37.559508217740394
1,0.5116326516953744,4,61.21289109988008
3,0.5001351720040601,1,58.304331793155356
0,0.7077149475087225,3,42.03920586335938
2,0.904207252003344,3,62.588419488499156
1,0.7504141745641375,2,27.458142653604547
2,0.7185398844872821,5,85.10422534946288
3,0.945188868656488,4,51.62241982332196
1,0.44842956845794624,4,65.56453300744215
2,0.5079432962164596,5,95.41566828976165
0,0.4429724064224747,2,48.604970617210995
0,0.4686657096477913,2,47.67926261226483
3,0.7121877143551925,4,69.83694113456731
4,0.5570696322308781,2,38.253100276060486
1,0.7163896843932973,5,61.13835584903191
4,0.9835897185425482,5,49.389066969992996
3,0.8661171688577742,3,51.49211992263001
3,0.907627317997991,1,27.120036139403247
2,0.6573803384867478,1,51.13839944851897
1,0.688913175000665,4,47.44809642739463
3,0.6081503969512269,1,47.26046636010542
3,0.8164502257122614,5,68.72105950554703
3,0.561949822765687,4,71.97478924424652
4,0.7037701142995029,2,35.75244196292446
4,0.6327119581301546,2,42.67716279434227
4,0.8405991635228423,1,22.562431658021033
0,0.974589414781866,4,34.36534631002124
0,0.6983387272714345,1,30.844631547642
3,0.7600385312078415,5,67.90509649527088
0,0.8928022523085455,1,22.18376398311168
2,0.9767021335693448,5,73.60949124477325
4,0.6184482323400828,1,34.075433315011516
4,0.8293093123703883,4,46.53732891393771
1,0.8061553648190662,5,60.185517249950315
2,0.7147696741400196,3,63.12168480660295
0,0.7130590612391756,4,53.559305121796896
1,0.6524840461103263,5,62.87460030425089
1,0.8260568491978427,1,15.000194119599966
4,0.5932718287158466,4,55.32176269213528
0,0.5011989530494078,5,60.69722879926322
3,0.8944057264744372,3,52.34056663640139
1,0.5017623069600697,1,43.76864802772921
3,0.7401101454086634,1,40.8347161805852
2,0.7398804688951106,4,72.09255871996713
3,0.8400962574095736,1,38.4706442858953
1,0.8072374271749755,1,20.45349221039575
0,0.9670296764052054,3,29.746098771915825
2,0.7104038910892927,5,90.70535726476842
2,0.4722356752261103,1,65.78058137817125
0,0.8329834286703159,1,20.352658416512647
3,0.9024412106907578,5,65.30430897717915
2,0.6644230754556416,4,76.26923770754922
4,0.980802499844902,1,9.367493289250369
0,0.8948973658651332,3,34.87199456666078
2,0.5388241894359453,3,83.45434595387012
2,0.8399472986052463,3,63.10444252374193
3,0.6755819997786859,1,41.22024448460132
1,0.4031389894741793,5,67.35039033165279
1,0.5262013097594388,2,35.919858697654455
1,0.7848938108850457,5,66.57708851458253
4,0.8829590906288742,3,36.44366927572034
3,0.78429353152434,3,49.57689398728044
3,0.6218720952395548,4,74.82010917383198
0,0.745908493297397,5,56.65095012376024
0,0.6365577853532105,1,34.11464991636425
0,0.9745811089355936,1,18.475731993035648
0,0.8073410262692031,3,40.17511070197093
0,0.7845047527277731,2,36.843698774500695
3,0.5822337321647577,1,58.177110184512046
2,0.6354576184904415,5,86.28641859142714
1,0.5662827356651008,1,34.06215388556036
2,0.449110311166022,1,66.05275311647092
3,0.7457799048576659,4,65.65840222492295
0,0.42011977536774425,2,47.64726224586746
2,0.7884549257870972,1,49.5379555744091
2,0.7061148659908134,4,69.60823996354418
0,0.5939457435110232,3,48.52500853770083
2,0.47998740459856165,1,60.34935964623433
3,0.8559109374425498,2,45.98359670748348
2,0.7913112572753604,2,51.61645744424555
3,0.8744266575679814,1,33.446864076986955
0,0.6988813453959097,5,62.72391202020719
2,0.7292550204529984,4,77.91872484465691
2,0.672470046426248,5,84.05385316799284
3,0.4580898896947483,4,80.953659353531
2,0.634071976099546,2,65.84429374365784
4,0.8901432922304054,3,36.49969083119356
4,0.5752778929438024,3,50.86016698623381
1,0.5263519419825092,3,46.818513402353204
0,0.8360377015171452,2,34.115140532040925
1,0.6249721517446671,3,50.29581226720443
2,0.8359113646429694,3,62.23128248217631
1,0.9344287834290909,1,11.585903014931043
4,0.5054618004208655,2,46.39931670622969
2,0.4720793895261398,1,60.43656038225069
2,0.46410066878270806,3,86.05827699511127
4,0.46507249009709545,2,52.42437165928709
3,0.5892626821016044,2,54.39270243462392
3,0.46394363669703576,3,77.01929656712058
4,0.8800792039046779,3,35.336937747295835
1,0.6615647583984534,3,43.99242182665087
1,0.5426182811723537,4,61.49260983836355
0,0.9593945844805931,2,30.662159559168316
1,0.9399141419135734,5,49.0497256112327
0,0.8124115472933031,5,52.680282651730245
3,0.720668422355955,4,64.34435586844687
2,0.5956302988146414,1,55.083521062703525
1,0.5497691324567617,1,32.60177988047815
0,0.7743044314528205,5,54.46263632876764
2,0.7235933340144878,5,91.49012984662525
1,0.8567297976231079,3,27.901647105724084
0,0.9838753504150018,2,18.82426659027636
2,0.8520522933855686,3,58.52423777096461
2,0.7815629141640081,1,48.25276326487842
4,0.8897772597312035,4,43.96668458849556
1,0.8901422992582642,4,41.64435747992125
3,0.981322778965522,4,64.34350389940457
0,0.6206572216599571,1,32.297470166997435
2,0.663689383683848,1,51.4643736600154
4,0.7162177350421397,2,27.539163162382664
4,0.4448556483886724,3,61.018305958487915
2,0.5033567093025907,2,72.05923608200189
3,0.6682545102837953,3,58.77063231121206
1,0.879735663321528,4,48.186062183083216
0,0.5850958812031868,4,63.44256598268711
2,0.9251463225798314,4,63.016059520521004
1,0.9785108457073631,1,18.28114628508995
3,0.8973285465444893,5,70.41511617923611
3,0.908459965178907,3,48.45309167385398
1,0.49218307297464575,1,31.764209153063923
3,0.5007057343522017,3,69.89474161569856
2,0.5777733515699363,2,58.94124298119502
1,0.916141907613659,2,19.650731863971735
1,0.5466258516017107,3,55.42820015960936
2,0.8508448494766545,2,53.4879577440101
1,0.5683180523347247,2,40.10761727035796
1,0.5182998661776343,2,38.399517910587974
2,0.914695189152659,3,52.48511945166924
2,0.6223170433157977,1,55.01805035728991
0,0.8649839643563285,2,28.51629352044982
0,0.4121227106350156,1,35.38440786341089
2,0.5015593644401616,1,61.78398366368704
1,0.6635606102837253,5,54.37709357581714
3,0.852417450432057,3,49.70892727579334
0,0.8683765604542861,1,19.976960592089412
4,0.8371876133117998,1,22.447344397325356
0,0.8114075395695495,2,30.128956618874973
3,0.7850440514938168,2,55.70198491231837
2,0.8008323053107098,4,81.63453622510823
2,0.9555748117174948,4,61.749411560666076
3,0.9441797057542209,1,26.64790787649354
3,0.691783736426029,1,47.40818603403113
0,0.6159734791059938,4,57.586970658037195
0,0.5083147807040662,3,56.444174154244905
2,0.9469904579060342,4,65.51281794930313
0,0.8830249442327449,3,33.26886643035707
0,0.9515280275430655,2,20.46145786589528
0,0.7044380407322033,4,45.62694595556484
3,0.4356326437807406,2,51.55510421290227
0,0.9487808351407072,1,12.850110419500371
4,0.9737228174057507,1,13.85439114334006
3,0.7439548814404111,2,47.996573760891856
0,0.6941689899873429,2,40.527624662355706
3,0.8872708006574952,1,37.56899063575912
4,0.4549926508876434,1,51.14291553456046
1,0.7082133055857096,5,52.68596528963326
2,0.4382741350990822,5,92.45534900163753
1,0.5171378409051605,3,55.23166293799076
2,0.9229646866549707,4,68.57903623134364
1,0.4468601419272025,2,60.538389296513536
3,0.6088045677843166,5,76.17428711391427
0,0.6817590061474765,2,36.77514645599172
4,0.5110019025118949,2,41.696473624953654
0,0.9479993612079456,4,34.77626379968967
1,0.7535185768533819,3,41.702810999670554
0,0.8467047268688539,5,55.62431146723666
3,0.7459368843545289,1,42.22904298866488
1,0.6919865468748819,4,59.04903156455477
0,0.7841268098762254,4,54.71109000965905
0,0.9972724320485121,4,30.027303525306497
3,0.7942377122799056,2,37.62645132863703
1,0.693909687971223,5,54.73274734606972
0,0.6663145079930317,5,59.15909763828076
0,0.6637803849703161,5,61.58511575963324
3,0.4541055509264703,4,78.16429832007576
4,0.7457062892811525,1,23.492842952618744
2,0.8220993573483094,5,74.87146360551908
3,0.6121333804142548,5,78.05261652313422
1,0.876713753136122,1,21.55588449377478
1,0.7835822007883789,1,26.088812943975654
3,0.7975508554081255,3,52.70662173926626
1,0.4783484099375081,2,51.96438848165583
0,0.666065220324469,2,40.74575228278337
2,0.4855420939791205,3,79.60714027750238
2,0.5899176008802389,3,77.98840093086682
2,0.907406136306028,4,69.47206937701768
0,0.4811413048099084,5,74.96752657252156
0,0.7425213048174969,3,42.06463998818451
4,0.6235020839371694,2,33.28970562623843
0,0.874640912931822,5,54.34248109107805
3,0.8759666262534611,4,60.89719588317257
3,0.9277590817113137,4,59.03237328667703
4,0.9605151432952825,4,49.86738289004117
1,0.663665364204895,4,52.73588084110707
4,0.6344190893150179,2,36.74443510248757
0,0.8552707526118957,2,21.850017207022933
4,0.8255679368463474,2,26.565038934482928
3,0.4573827368310114,5,90.03013337291402
0,0.7090687607394943,1,28.301522999716006
1,0.6329900485935496,4,59.673229334364876
4,0.790304976448991,4,47.30612599114856
2,0.9498843219646239,2,51.2677391202884
4,0.5011229238516357,4,54.58781404113453
0,0.8961326836788863,5,45.787835348148484
4,0.5262552701263343,3,57.57459664766287
0,0.7135715496314599,4,50.66484830008622
3,0.4411856772385049,3,73.95471699868428
4,0.5394375938060051,1,36.47027131804834
3,0.7879830227802127,3,50.012858827074815
0,0.44998467782029056,4,57.84163025459434
1,0.43810953601718444,5,71.00091486918281
2,0.6429318080730175,1,47.93658424161994
2,0.7884254134028547,3,60.49446996270327
0,0.5352678001785373,3,53.47688733673951
1,0.5434476489801691,4,51.41546284907883
2,0.7702983683280851,5,77.1845390675309
2,0.49252783690255775,1,68.02587144432104
2,0.9476676979961635,5,73.35574126221529
0,0.49265259278457874,2,48.26357520786544
1,0.5994180560106674,5,59.92611768620176
1,0.6010947799293521,5,60.56890618036819
1,0.5947776538885535,3,52.62495842356567
0,0.4546342987072257,4,62.15610354301877
2,0.5024110452931869,1,57.14548692800974
0,0.7581180741879392,2,35.04610943223716
3,0.9407214515753427,4,57.93354475235478
1,0.6361157791627162,5,69.61698375261868
1,0.942473466614079,3,28.145410415738105
0,0.6935145127986584,5,57.95308242260531
3,0.6289364043691213,4,71.41603596022475
0,0.7138387345270153,5,57.31411990643252
0,0.5563233514027162,3,58.014075895892304
1,0.6287430064736164,3,45.59553724656504
0,0.64885031878092,5,68.89212286063442
3,0.9369398099791073,2,39.51885005230487
0,0.7770964054127572,2,32.73047275132057
1,0.8555736597299333,4,40.597578528032784
1,0.9486996082730736,5,54.12315078587653
1,0.6563031314097507,3,49.83828116122855
4,0.9527454486940988,3,24.24867975815461
0,0.8865251525437463,2,25.941156223787736
1,0.469037228076508,5,70.94918472323984
1,0.6511384474432445,1,26.40444050384784
0,0.5585238899281254,2,37.57023145248982
2,0.6357811301609761,3,70.8201044362016
2,0.6191416357361896,2,66.65754230047244
1,0.9848477311090164,3,27.978325860090248
0,0.9668981508419837,2,18.749982235048822
4,0.7918196499273038,2,32.72964907853192
4,0.4066894238121997,1,44.31953165699133
3,0.9059098034798608,3,48.65443005345492
4,0.7129204005298417,4,49.438026046207234
3,0.6813987296113987,4,64.63489313957301
4,0.7529480313668163,1,21.919277125306834
4,0.5190826848879464,5,64.52237233789096
0,0.863119787547586,5,54.95141474523849
0,0.8018081672158817,4,42.78031104544853
3,0.7210833837381205,5,81.37241223826858
2,0.9336289147386797,2,46.86859816136575
4,0.8964107880877041,4,37.66709970059411
0,0.8538878761740544,4,50.15039028931456
2,0.882702509015838,2,46.819383745315044
4,0.8472329012591432,5,53.32629500603565
3,0.7294251868748376,2,50.40034713926242
3,0.536834033145764,3,66.4769614213486
4,0.7782915794965725,5,55.87899765927487
4,0.5565052289265937,5,65.65076082928891
3,0.5609586905288966,4,76.59090869139632
4,0.7011263599754927,3,42.39586653106225
2,0.5730832430317301,5,80.89092157827636
2,0.544743878349309,4,76.24006018363445
4,0.8171168765315963,3,34.41180567458262
2,0.8544098990089654,2,53.47234139894904
4,0.8449932615300937,4,37.22884991453175
3,0.8187564437064268,4,60.0680925728242
4,0.9478319148375686,1,16.077043646701835
2,0.8500729622818365,4,71.48085661527864
2,0.5905214918525201,2,70.87960415304116
1,0.5467164107920979,4,68.5490565629791
2,0.45544904083449883,4,89.84120523548184
4,0.765504014708404,1,21.70004733099775
4,0.965948932396217,1,14.707701037911692
0,0.7113655784855744,3,42.18293341528374
2,0.9613025368651344,3,58.00919949255366
4,0.7355611480209652,4,55.35800390948072
4,0.9085480675976347,3,37.08758464135485
4,0.825245008622281,1,22.41938636565552
0,0.9458214152592883,5,48.18370514049699
0,0.6367319037949456,3,53.19802745916557
4,0.8066271865926751,3,38.682983948795204
2,0.8438829441539162,5,72.72797384680925
2,0.9564590978061163,4,67.81193173695607
2,0.5846272321713204,2,63.005653089086856
3,0.6688400830173623,1,43.84117982617563
1,0.931466061238039,1,18.350536169218508
0,0.8226269177778768,2,28.612003037681085
2,0.7412845501560329,4,73.61883842163465
2,0.5795142195159045,4,81.67320656195739
0,0.757900416575771,3,39.182335059870034
1,0.8298921260308674,5,56.646727900251975
2,0.4630940603833531,3,82.70787859365109
3,0.4309008714321303,2,63.26004659912719
0,0.5398971750658641,4,61.56103491175606
2,0.6506663860927318,5,86.75320731660433
2,0.9629055561043772,5,69.55337811200225
4,0.4107326112740736,5,66.88358529308252
3,0.8099770199323884,3,53.712419165797066
4,0.9235494923508957,3,25.041668555225634
1,0.6248952496728343,3,53.35594958341446
2,0.6349377784591111,4,78.13013468473366
3,0.9335414487739851,2,39.91737083913159
4,0.8522701757419398,2,24.32360723432478
0,0.8847331278273345,4,46.108064711613146
3,0.973031167668078,4,47.19525338720417
1,0.42910816029537663,5,75.09421067581046
0,0.7198536280822352,1,18.78596246683946
1,0.8741804142738241,4,49.19319086130168
0,0.9897984260445644,5,47.2367983691737
2,0.47083709171604676,3,73.56397797427266
1,0.7231458229266456,3,49.23748188512
2,0.8359368035833227,5,80.02696720813763
4,0.569294876162285,3,47.35267657518115
2,0.4872531785541349,5,87.71125216017526
0,0.6549589647937026,4,50.95122896928376
4,0.6551115113181951,1,27.39089652684446
2,0.7281965525716032,1,47.151033662656815
1,0.5660903020457416,1,28.599430721240008
4,0.8456228637063017,3,36.1937390768232
4,0.6612757555245856,2,43.48563860757066
4,0.5973136377551196,4,55.66461935313188
1,0.8964015463371131,2,19.458496369395355
0,0.9006930730389022,3,37.05432032690263
0,0.44859717631965357,4,62.45544761337214
3,0.5706461162891716,4,74.78287679983461
1,0.9884247334193184,4,43.31352855713597
4,0.5350694263655402,3,50.19173854617136
0,0.6064634553932934,4,55.88448171610723
0,0.4697466896223166,5,71.42111046554133
4,0.8570879104871365,1,19.900481108240225
4,0.47841423118505,5,66.74436021956089
4,0.7112008989440011,1,28.270563374199497
1,0.41926413162129644,5,75.24259766409399
0,0.8357446357586958,1,15.190417807457177
2,0.6226608116386579,3,73.32179665191521
2,0.42314611753066644,4,85.65620965344205
1,0.6705929346986477,3,42.350654621482946
2,0.698192987853918,2,56.98126464635038
0,0.7802546251215792,4,53.22670321248716
1,0.5133177574198571,1,35.69401352658478
2,0.9774813461763201,2,48.39304320087312
1,0.9456454448479309,1,9.192676182259598
3,0.7790861750465388,1,31.616685916648276
2,0.7119058491730219,2,57.99233656573866
2,0.49632126924282666,5,90.85025100107525
3,0.45041551405084357,2,68.6899975414914
3,0.7049353773005428,5,74.13858452104009
0,0.5588765703008278,4,51.042185876171764
4,0.5514446576649221,5,68.33000933810281
2,0.752865689334907,5,82.46551996310333
4,0.7375965826202733,2,32.87125356358715
0,0.4611280951107585,2,43.90270994259183
4,0.5694424238815327,3,46.66394276781219
0,0.756758375131074,5,48.37629024288152
0,0.549299633616342,1,32.846960160448695
3,0.8658335663280674,2,39.86587704206373
4,0.7311997111041451,2,35.11755391750295
3,0.7275207698860023,3,52.42325198554351
1,0.9718551785307022,2,22.62657682664611
0,0.7655394082713014,1,18.863548055212128
1,0.6951187513597098,4,50.80384421023658
2,0.9048288355848157,5,74.88274859840293
1,0.5532500389682291,4,57.58076645479663
3,0.557502728264464,3,68.69682967793727
2,0.8894712576329231,3,49.15449305344674
0,0.895706859921994,1,16.1768195170867
3,0.9845603829925512,5,64.56067717338952
1,0.5025260301381782,1,36.810003161171146
4,0.877239980197195,1,22.89946574258689
1,0.8028091540959874,5,55.65497442920955
4,0.633766978012698,5,66.71529491738063
2,0.6922454577099039,3,63.2899165172895
3,0.5560152547423531,3,67.99246904455178
1,0.9846753759807648,3,26.598024127082823
0,0.8711589105358808,1,21.802233340424237
2,0.8778796943022515,2,49.69352928856102
0,0.5301305626999123,5,61.07141720194017
4,0.5887316491550627,5,65.25257171569099
3,0.9826790358795247,3,45.328819698064216
1,0.6041178442154737,5,62.212911031471954
2,0.8577741306259784,4,66.68694902079092
2,0.7495308699735899,2,55.618984447894455
4,0.4157583902059489,1,30.921775762424197
3,0.505104975587527,2,61.85127497313792
0,0.9085551850847908,5,52.805816389111506
0,0.8496124222675108,2,27.657030394104908
4,0.7976141302804922,4,42.730297498206866
2,0.4138019379652701,1,64.30157058752611
4,0.8097648166101268,3,38.81532730508662
1,0.6488301657686899,2,42.69301901553318
3,0.7855281226576427,3,52.26643725147276
4,0.7047864896113081,1,23.090403498730144
4,0.6951088983375167,1,31.999147815899672
3,0.7470236802044992,2,54.85641267215976
0,0.9229458741206422,2,26.94592287303147
3,0.9345073490553404,1,33.61959820774011
3,0.8713980634364049,1,37.89296646694215
1,0.7162416638507776,3,39.8495184754414
3,0.5037107808541864,4,76.4867746761444
3,0.4767916995503514,1,51.07922111452494
3,0.7953400666973318,5,71.80180786305438
0,0.6058079485761912,4,54.27781648812194
3,0.9140642199425303,4,58.65723603357018
1,0.9884643001787525,2,18.474125803629672
2,0.6534366062760621,5,85.38602897613426
3,0.790007553139365,3,52.15305827951366
2,0.7732399293416095,5,77.29763727046439
1,0.4820330058005477,4,57.52676808874101
4,0.7769871100181573,1,26.17324530135391
1,0.6595112314203326,2,37.67610835281212
3,0.531475124507932,5,82.36725528589191
3,0.7368476386679018,3,50.52310786797825
2,0.445181810016464,1,57.06096286699091
0,0.9762779227075593,2,34.358542946450314
1,0.9930085120054258,2,21.60922415638209
1,0.4652724628764767,3,54.037287597975435
1,0.780501011473673,2,28.842614507994753
2,0.8484088175526789,5,74.72012994422057
0,0.9389493969024574,4,38.86542418587068
1,0.7968373278576477,4,47.53550626499815
0,0.6799657382794708,2,36.771279123481094
3,0.825921573346194,2,50.31412940902067
0,0.6356164779762894,1,30.82961613482446
0,0.8432240604237333,2,27.687106504220036
0,0.8401553760462714,4,37.9555333042493
1,0.9052117805268991,4,51.56872232850286
4,0.6502679467719613,3,39.23981224949537
4,0.7712628090684217,5,52.9847468569402
4,0.9242265501527643,4,45.38740150284033
4,0.5179591112988269,4,63.83221880578987
4,0.6622545631978112,4,53.57236621821557
3,0.9885644800832086,2,39.144993372024246
2,0.6292141070317916,1,51.571029535705144
3,0.81632479367078,2,47.887403696679755
2,0.6293730257433449,1,56.80993844112786
0,0.596689914578516,5,63.45180683406406
1,0.7585802300916578,1,23.379918804270904
3,0.6717675025921652,1,47.303258257392656
4,0.5766610491525174,1,32.01012294221278
0,0.4279086411426021,3,59.33947756143544
2,0.9124974753541142,4,72.49236839498674
0,0.8446284887335819,4,46.73893829386597
2,0.602853086456716,5,86.10642818359716
3,0.8093359666850652,1,34.80892641804695
3,0.717326997791147,4,66.58309732610246
3,0.8303764621253669,4,63.790003680286745
4,0.8855831581229022,3,32.68289339194684
0,0.496870368042775,2,49.239671418906084
0,0.5522395782671061,4,57.79636063824946
4,0.4556461694907112,4,58.99658005242934
2,0.6464507502168275,2,59.28586186715002
1,0.6937311734297377,5,64.42522695416986
0,0.8588095365412406,1,15.941956218245272
1,0.984414101501348,3,28.876707819932733
2,0.5582370365737295,1,62.951198554307496
1,0.8323623987970545,4,39.950307353038255
4,0.6700801119202665,3,47.25802351752405
1,0.8525991640785684,2,29.299569221178285
1,0.9179493610650653,2,24.046276225310994
2,0.46957319567507977,1,63.28047480995416
2,0.5275788984660643,2,66.9285789149566
1,0.7685422988441166,3,38.48763219116927
0,0.9735495999104976,2,26.979206806848627
1,0.5054542904629036,5,70.31248342251001
2,0.9520249331458137,1,34.9760841386768
1,0.9405059307735583,5,46.15052044093721
0,0.8915819150558434,2,24.909809985088415
2,0.5055173167336994,4,93.1372685308789
1,0.4680950101447809,3,54.541756318285266
2,0.9474157781053454,5,80.24360571189652
1,0.8333992305417628,3,35.685579201113896
3,0.9318639319524122,4,60.76871730213977
2,0.9192175753181571,3,58.15157791593872
3,0.8691776333937782,1,31.507297978847014
0,0.5228953503737255,1,30.730011255998587
4,0.795134958290477,4,47.56162160559564
2,0.4202081795214842,5,92.54113819636277
0,0.6161841809933067,1,33.55787634770206
0,0.9409408680110811,5,46.69682682754159
0,0.63095471802146,3,46.895338500115514
1,0.42295031040782827,5,70.08369664089133
2,0.5835824553652592,4,79.69485542357579
2,0.7739244968202001,2,53.50039385171175
1,0.5576612051857613,2,40.854524044758655
3,0.438353038824138,3,70.70629735600308
0,0.8928805896838675,5,54.498044121051436
4,0.7714304758826609,3,39.93893091040339
4,0.6400767501520696,1,30.784752553359823
3,0.7209502795911613,5,75.97671024243651
2,0.8264350415110229,3,59.872400492218745
1,0.7976424805750382,5,51.53005312776326
1,0.578963914059971,3,45.60966139241079
3,0.5824674058993655,4,64.72670011695553
4,0.941782188777321,2,23.54965639123497
4,0.5825263873725609,4,58.1468638985655
4,0.4398228835341115,2,52.215651329156074
2,0.4389426296307381,1,59.8956272079134
0,0.5435337962571593,3,50.29000220447286
3,0.7974512815861825,3,49.58263277843592
3,0.8058431470991103,5,70.75364113486381
0,0.42202963027932,3,60.05393771315487
1,0.9946790288201601,5,41.233351991231956
4,0.41589505758816037,4,67.60071982087959
4,0.6275132110683662,5,57.03084643561416
1,0.5974783300335973,3,52.98857096894956
0,0.7277114969804337,1,17.950163828710902
3,0.42947326799423113,3,74.36009526171934
1,0.9736881869315932,1,8.276047625946362
4,0.9509497887974719,2,24.269117043224597
1,0.9586608145833841,2,14.596260479720913
0,0.8478152602231444,3,36.882118646442954
0,0.9891435647674347,3,22.0511785585773
1,0.9856469071176718,4,38.05841635344257
0,0.4178763647893398,1,42.76207970205028
4,0.41019424269552884,5,74.03508157655783
1,0.9751711033848769,5,45.62615818509765
4,0.773939167326589,2,29.989072190821915
3,0.7404028315672844,1,34.77294577119456
3,0.4055662413704101,4,79.75468126332923
3,0.9522775657261754,1,33.35778630836797
4,0.5916248499194344,2,30.34328397541349
4,0.9836465322239657,4,43.95276468532934
3,0.9873770184940733,1,29.97653480339844
4,0.737474065570407,5,58.85841403169703
2,0.5461516519944603,2,70.13407799026555
4,0.552358448150624,4,60.93082775604157
1,0.6555062382766184,5,60.636219172835666
3,0.6544213621580321,4,69.17773594818611
4,0.5335184862886204,3,53.37282745455326
3,0.7328552186582362,3,59.21990954093904
2,0.6567981343856487,5,83.81936754677923
4,0.759617512434359,1,27.788397770061167
0,0.5849805517763065,5,58.15401594991979
1,0.4611091400135763,1,45.79434954907714
3,0.9176951484121405,5,68.50149563993511
4,0.9465368459161024,2,26.587856092446074
4,0.6532179349278823,2,41.39609268007911
0,0.43025183236601494,5,71.58968886950824
2,0.5442256552438712,5,96.73437652763809
2,0.8340010035045563,4,60.10309438263103
1,0.9016464530660374,4,43.525727299342826
1,0.9245802787995419,5,44.038248127876976
4,0.5846460694128655,4,50.33551705963161
4,0.46560416578035946,2,41.65125687600597
3,0.7189765255803008,4,67.69310121194769
3,0.5216420220793125,5,84.18267006202296
2,0.9465309460196563,2,48.91860912226526
4,0.5525618273142633,5,53.71804443107533
1,0.7106701741127576,3,45.73440993677557
4,0.842310214895257,5,52.45116273460917
0,0.5689714422610823,2,40.759487329551796
0,0.5312244285316032,1,37.185429766806806
0,0.8862037978455933,4,39.67416408096635
4,0.7275420788689528,2,28.799580972736972
3,0.6458794668956029,1,43.127898733273874
0,0.8210732776356617,3,40.13735664578891
4,0.5105355486313102,2,36.47952876708677
0,0.7447836894942986,5,61.431425348524954
0,0.5128165843475703,3,46.63802017008104
1,0.6648893206990447,5,59.3113924250905
4,0.4043010621156333,1,42.53838930342265
1,0.4836593439530498,1,42.22606305471797
1,0.7935828061853836,2,26.226985819458903
3,0.7388573728277131,5,76.74502988722232
1,0.9216103061482889,4,37.48314179656176
4,0.5522186532062558,5,63.76176965124887
2,0.6627263152930029,2,54.00434866995215
1,0.9659351492575572,4,36.96287558551961
3,0.4396048376205998,1,63.308309889784525
0,0.9651396422140666,3,36.55508807749402
2,0.7602336792515902,4,71.17658318012316
0,0.6580111858863508,5,61.89160687215361
3,0.8392019969642859,1,39.903062689978356
4,0.735148256813149,1,26.3568600850629
3,0.8741897751032478,3,53.575785578941066
4,0.7982146387386995,3,38.24585803102762
3,0.9614053989745338,3,48.51566545161319
0,0.9818622372362591,1,3.5533219020712927
2,0.9695929885448681,5,67.3641059000296
2,0.7299648534341776,5,85.97683619608873
0,0.7479280829792359,4,51.128984999477936
3,0.9821211148823009,4,59.61134241677651
2,0.41083916172839924,4,92.85721173280686
3,0.7298039342936573,4,68.07765639182887
1,0.42884556015039654,5,74.72038503276731
2,0.6747095252641411,5,84.7050623903262
0,0.5792554391168827,3,53.19556185475816
0,0.4200944375169373,2,44.11594175567589
3,0.8945964262949562,2,39.25415661082474
4,0.6676201578517293,1,29.711242027421964
3,0.559949228029944,4,78.8081415842274
0,0.9209410610720088,3,37.78211371355941
4,0.6053007861277212,5,68.90619778109946
2,0.8268500729990456,4,73.88466846053382
3,0.7664337901135359,3,54.81759000448516
2,0.9620793613906491,2,44.135070754499345
1,0.6395576845844427,2,35.275846609395
1,0.9982802107198478,3,30.736911843829336
2,0.9682584679379719,5,72.75744363454044
1,0.6800976793778424,4,53.50331950778666
4,0.46070655767439456,2,45.58006268419367
2,0.519960285660501,2,66.56626295372219
4,0.9199430983152309,5,48.193196806126906
3,0.7038580607845655,2,52.24199549440483
4,0.6902417095193769,5,58.578002187783056
1,0.5907201780891521,1,30.716537417182842
3,0.45847565798408474,5,89.4217741917537
2,0.4255314561454261,3,78.66675512035818
4,0.4631764180764528,4,62.322058025993
1,0.45591399971798263,3,48.55105208324388
3,0.5461114500951856,2,60.21953226890417
0,0.6694251940554761,3,47.32122981520604
3,0.9309906404358618,4,58.678720056448036
0,0.9004324653494796,2,29.551413814125198
4,0.4478405905764775,3,54.37784707059506
0,0.4405555894895537,2,50.07985590747453
